uid,R,F,M,R_score,F_score,M_score
a813e24dc5698dd0,10,1,179,1,1,1
ae6c568b07a2fc47,3,17,2329,4,5,3
83f95bf2daec49cda950ed18a6e88977f92e8628,10,1,32.900001525878906,1,1,1
338af9330f9a96e4b65576913e5380208216013f,4,1,268,3,1,1
13052c4e2da82cde,1,1,1999,5,1,3
51728bc3e425fbacb9a0b79a20b55c90cff6f5ad,2,1,100,4,1,1
864286042894295-3412f9c63bc4,3,1,425,4,1,1
4a66d567732ab2820589837789ea2d542d33915b,4,48,254652,3,5,5
860079048303559-1c427dc3d36d,5,1,78.41000366210938,3,1,1
15573db1a0e82fbd,2,1,1099,4,1,3
867546047351832-808a8bda6ea1,5,1,388.5,3,1,1
0000000000000000,0,81,408798,1,5,5
43ae9d3aa50e0faa,8,1,1699,2,1,3
865744048703455-10e953bd898b,4,1,12.899999618530273,3,1,1
869780046327604-24da3307f675,2,1,99,4,1,1
868608036340132-74d21dacd6db,6,1,114.9000015258789,2,1,1
c7101cd3c8ddf9e0,8,4,333.5199890136719,2,1,1
862856046130177-a89ced988da4,3,1,8799,4,1,4
7c9b5ac8801b41b8,10,1,56,1,1,1
5f7338e0f235354c,11,1,200,1,1,1
11137963f718978d,5,1,5299,3,1,4
85edcbc78b8035ac,3,1,3900,4,1,3
6bade64f09475d03bd0fce90426de0b6837822f7,5,1,5799,3,1,4
2189edade86723fa,4,1,8220,3,1,4
937861def8c215ff59cd73bbbb75cd007c9fff92,6,1,220,2,1,1
3551ee895bfc17d2306173ab39b5d2de6ec4b88e,4,1,79,3,1,1
d7945059c7ce8082,0,1,228,1,1,1
2464389762b24990,0,1,99,1,1,1
a6af35c01a372032,2,1,59,4,1,1
1cf846fae122a0589cbeb1277aab9d69de21f985,10,1,49,1,1,1
0e1e748fd889ae99,0,1,48,1,1,1
3365a5bebb65d794,5,2,252.1199951171875,3,2,1
982a59303b2c3832,4,1,42.900001525878906,3,1,1
6884ea2140f0cb1,4,6,6,3,1,1
6c950f1afd9223ac,4,1,21.799999237060547,3,1,1
ed10696dfca1951d609abe9e2f30b5e9dc9ae977,1,1,34.900001525878906,5,1,1
c2339b7fb95434157776a5d46847aebd79f7686e,4,1,5999,3,1,4
d9f750aedce94db5,11,1,399,1,1,1
2c6d668dd7829169e4f333b024eece8df44d5317,2,1,1799,4,1,3
7c8620aae4fe9777,8,1,23,2,1,1
7fdafac9f04103835a86e66f8ed87796aa0b2412,5,1,298,3,1,1
e296eefb4aea42d6,4,1,1499,3,1,3
7eb3ba0478a1bbf6fbe77535caa7d19406376a3f,4,1,429,3,1,1
bd799b3c3c3f1e86,9,1,199,1,1,1
5c509e18a6613699,0,1,80.77999877929688,1,1,1
071af20dda6f2600,5,1,2799,3,1,3
9c3045484b851884,0,1,15.899999618530273,1,1,1
2e6f1d9b5330d5bc,2,1,196,4,1,1
a44dced404fe9c53,4,3,43001,3,1,5
217f1ce9750c8277161eb256ced676f3bae2e185,2,1,39.79999923706055,4,1,1
3130b602bfc7f1bf,11,1,79,1,1,1
f7f537ffe5f42dc6fba7c1231032fd624ee57030,4,1,39,3,1,1
b806a73030275653,2,1,46,4,1,1
a36be1c5ce238a8c,11,1,349,1,1,1
55893a2c0d577166,8,1,54,2,1,1
4d5ddfd3181e8030,7,1,59.900001525878906,2,1,1
3a64547424279f0c,8,1,25,2,1,1
0fa7b7439c33607640cd35e3b7445bcc1125559d,4,1,2999,3,1,3
c435547e76ead3993e79ba178593ef2e027aa220,7,1,5.300000190734863,2,1,1
9f6c4b093de97ecd4bdd146b2376a54d8e7db4b2,1,1,17,5,1,1
6e253612ca92ae06d48b7420943b44fe4de7bf2f,2,1,76.9000015258789,4,1,1
7330431433185437,1,1,1699,5,1,3
304cc5537822a0f2,11,1,79,1,1,1
8c3b8124b9fa8013,2,1,112,4,1,1
4a32bc38c5e0418060dc91a446313a26d5838302,3,1,84,4,1,1
dd88ad726e3abe7dc537753f2f76ba68b5bc3056,2,1,14.1899995803833,4,1,1
6be31a9932100ac4,5,1,3199,3,1,3
5fabf70cc26762c4,6,1,39.900001525878906,2,1,1
b5d186b4e85f20755a253e352eb5ecc2b7784856,5,1,8598,3,1,4
12beb535569203db,2,1,42,4,1,1
fdb12916dcbac00cae2000c744b396de1bf01d72,2,1,3998,4,1,3
546c950c33f83b61,4,1,6799,3,1,4
d1a728c397d44355,5,1,299,3,1,1
d4e1280a343612b0e4dd37e9a7a0fd5d2fde8d54,8,1,600,2,1,2
a3f3307fac92313a,2,1,215,4,1,1
860843047408614-1cb79683fca9,11,1,5.900000095367432,1,1,1
5d7546feb7bae160e9aeaed5580f1be456c00de4,6,1,75,2,1,1
cc7da7601803bebf,5,1,149,3,1,1
78732d3dbd0166cb,7,1,149,2,1,1
d7263e67d02f3eb6,2,1,458,4,1,1
1ab112890f6b11e2,11,1,1390,1,1,3
d52598e596eb76ca,7,1,36,2,1,1
cba56efbc1e618a2,11,1,14,1,1,1
45d640cca2a5fbca,6,1,2049,2,1,3
1e2d4cb8374489ecb62f2025bc03b460e75e5b69,2,1,598,4,1,2
A00000A115E0D3-846fce3e95f7,6,1,49.900001525878906,2,1,1
866002042170158-08318b4190db,7,1,49.900001525878906,2,1,1
d22be2a770912fd9,4,1,169,3,1,1
f78f4e2b8b069daa,11,1,59,1,1,1
c82d416601ece527,6,1,35,2,1,1
ae3e299fa53887f54e86e13b41ac7dc0a04a66fe,4,1,86,3,1,1
47b2463810c757f0,3,1,8.5,4,1,1
e32d2c3be66944072052322fac0a8a6935d9b65c,10,1,38.119998931884766,1,1,1
a1c8abb388a147994237f2df7be8beceee9e3352,4,1,39,3,1,1
20e9c2af4843446c,6,1,27.899999618530273,2,1,1
d3a338dcc5a7140ed27040b2565f077be1b472c2,4,9,215.09999656677246,3,5,1
a974dda6dd55104a0bc97ab38849014bad6fe66f,3,1,509,4,1,2
eb29865953e563cc35060749c6cef612fcc7d70b,3,1,125.9000015258789,4,1,1
860530048507532-ace34221212c,10,1,14.800000190734863,1,1,1
868794032164955-38378b71da7f,7,1,6799,2,1,4
12b4078d718f0e735e6e4da53c2f2ee393d18126,6,1,72,2,1,1
232b30f7d943ba6e,1,1,119,5,1,1
69c2f88d9ce63052175200d675d3e0765108e514,1,1,298,5,1,1
fd7eb93dc542d4aa,7,1,5999,2,1,4
68333245f116971af85fcb1644a001282dd96093,3,1,119,4,1,1
50b79fbd1dd821adeca13c2cda0659d64592db41,11,1,69,1,1,1
1b0ecf35f2a8156a,9,1,145,1,1,1
fbfb8056d3b300d0,6,1,9.899999618530273,2,1,1
9d5d7a9227c54556,3,1,159,4,1,1
651129693a379b6f,2,1,46.79999923706055,4,1,1
8230456c0db6c2ee,2,1,169,4,1,1
706616a688efab5d,6,1,199,2,1,1
866882040953295-20da22341672,4,1,39.900001525878906,3,1,1
996d25babd2a1a0d,11,1,59.900001525878906,1,1,1
868237043104990-24da3306dc93,5,1,8399,3,1,4
867950047089675-d0d7830c90f7,5,1,39.900001525878906,3,1,1
1b3dd1997e39bbb4,3,1,49.900001525878906,4,1,1
aa07be8c6e9110308751abb6b109c26444881820,4,1,5999,3,1,4
c938ade9fcfd54e6,11,1,69.9000015258789,1,1,1
8d741d4839a43b52,5,1,79.9000015258789,3,1,1
9bddab5b91bfd2cced26158735874b9fba0ccdd8,11,1,39.900001525878906,1,1,1
8c8267acf401ed5d,7,1,118,2,1,1
bd41fd55ea4145f5,0,1,99,1,1,1
e2a72a4909b21bc4,4,1,13.5,3,1,1
5bab5b9ba8abc657,4,1,199,3,1,1
e44d787ee3127bc9,7,1,5999,2,1,4
195dec33a47b52d3,9,1,28,1,1,1
0c02aec9fb5fcd92d8911ef1a5a31746dbf2de91,1,1,89,5,1,1
b1b48147b3650958,10,1,3199,1,1,3
cf08bac3c16756bf56d2dcb01db5db0e78b663a9,0,1,15.899999618530273,1,1,1
6a7b3dea352dc170,5,1,299,3,1,1
ebfac7b1105e9190,1,1,149,5,1,1
c2c8ae207afb4fc3c99bd0322b9026afb780472e,11,1,49.900001525878906,1,1,1
4253f810b8739a9d226e30063cdc80c54fda6a03,8,1,43,2,1,1
866361042411651-2cffee077845,3,2,527,4,2,2
0c35e6422277049efec70df4fa920da39f208552,8,1,161.0500030517578,2,1,1
c93c4e7b6fb1e563,5,1,14.5,3,1,1
315e5b0471c7535df5f7291d57fd1a8d8d7b8b94,3,1,3699,4,1,3
f52046957e577644,2,1,24.799999237060547,4,1,1
867951042020335-f89a78da4cee,4,8,8,3,5,1
868235043626194-20da229ff8b2,5,1,89,3,1,1
14abea5d4e64242b,3,1,80,4,1,1
f6191c3967f57cd9,11,1,68,1,1,1
05834e5b8552406f,5,1,2799,3,1,3
cd566d15303d7c05ea90ab05b47bda5948ee98f1,3,1,349,4,1,1
1f041dee51cbff55fe2406605fd69d271cbd6fba,5,1,6799,3,1,4
89e34dc032c70a5c,10,1,39.900001525878906,1,1,1
afc33a6489cb0b59,2,1,199,4,1,1
aa9387c75dec7e38,3,1,24.5,4,1,1
402c63fd89b81600a82591e8345c070978cf2d21,7,1,25.899999618530273,2,1,1
e1e3b90e719968f5,2,1,3180,4,1,3
585e5fa02372b3b0,11,1,29,1,1,1
323e4981226a16792e7bbe021fa002dea2883e48,10,1,59,1,1,1
c11aba2288a1e2ca230786fd891ae115278a0a7d,4,1,55.900001525878906,3,1,1
9ca3d1e4db786c9fc0d52dc3d4924a3f25f0e099,5,1,6148,3,1,4
b9768b9311250929,1,1,129,5,1,1
866259046277518-3c86d1c9c5f1,5,1,58,3,1,1
869169030988672-f8c39e28f795,4,36,32364,3,5,5
865086045168096-7c942a217b52,7,1,52,2,1,1
01feca90cd4c7c59,4,13,13,3,5,1
610359db4fe9f478,6,1,49.900001525878906,2,1,1
9bec7d73d4262459,7,1,29.899999618530273,2,1,1
1ea5e4ec5a4ab235,7,1,45,2,1,1
c24a91db1e0c16fb,10,1,89,1,1,1
98d57dac2aa8a950,3,1,98,4,1,1
868840045449790-fcbe7b20b78d,4,1,298,3,1,1
e89a47170499b98b,5,1,7646,3,1,4
867715042318712-e0dcffd17537,10,1,1999,1,1,3
88e2cefce7ebe996c3c2b99a720facab4d17d4af,7,1,2136,2,1,3
58fdc68a8a20ffda,4,1,269,3,1,1
70181164c77382f8,4,2,10198,3,2,5
f14444730a52cedb,1,1,699,5,1,2
4245743c692b27f7,5,1,698,3,1,2
474878406c80cc49,4,1,368,3,1,1
79aea881e6aad061,4,2,298,3,2,1
58cc6c89f4658281,6,1,39,2,1,1
83432a647f5ec65c4199f8f685c47d2d03b7e2d2,7,1,4499,2,1,3
45be4a2c4577d874,0,1,475,1,1,1
869813041801255-7c766827731d,5,1,3899,3,1,3
0c73577fbb8f2ed0b40c69d44a4508f8db963e15,3,1,39.79999923706055,4,1,1
81714cbf3e2d2735,6,1,368,2,1,1
869917046323528-8a46b0d5ccbf,11,1,248,1,1,1
1d019096782b623a,3,1,3099,4,1,3
8964b7abf679d07f,1,1,109,5,1,1
4ba9e11d5a257896e235bbfa695833f28a20f236,5,1,125,3,1,1
6b5df7a290d6dfc8,1,1,299,5,1,1
6090758b8b055d95,2,5,340,4,1,1
2f1923e70eff0b96,4,1,6148,3,1,4
12ed6ec759d84acb350d1ff2659564db0e08127f,0,1,75,1,1,1
20126662716d1d96,2,1,279,4,1,1
72ebff1ab9444e4d74306ba0f88fe553f8218ac2,0,1,59.900001525878906,1,1,1
0b7179c08098f794,1,1,98,5,1,1
864229037624871-9cb2b2c9c520,4,1,65,3,1,1
603d0d284e9bfb04cc5142b9b7c6aa3cefbfa7a9,8,1,6599,2,1,4
440dc43091cecd426e612f4a71fc29a8a96595b0,10,1,60,1,1,1
58aa2ab1e40326c1,1,1,118,5,1,1
f5a2699e180ef792f758ec461af68a1ca75a017c,3,1,220,4,1,1
868971048126398-d462ea2e8ea1,8,1,258,2,1,1
8f6052e07497c027,4,2,2,3,2,1
83b3734757d25b4be946f5dca66edc2a1574863d,10,1,249,1,1,1
8d862a35cd52766b,5,1,5999,3,1,4
6f2b842994401ab,1,1,226,5,1,1
5fa84ab3c6a52f2c48940e3bb036a2f3f168ec9a,5,1,45.599998474121094,3,1,1
5acfb655fe203f90,5,1,129.89999389648438,3,1,1
049d8d0dbe58dd90,4,1,79,3,1,1
3b7f89031d42317a089b87bb1d598955de1b6218,7,1,99,2,1,1
14fdc88358b2031b,8,1,278,2,1,1
a7f066bdf385c025,0,1,8799,1,1,4
dc99bd31b9202df6,4,1,26.899999618530273,3,1,1
860716048022222-24fb656f5aaa,11,1,199,1,1,1
4770b82da7c64ca2,3,31,4567,4,5,3
a4ffabad50a81c9c,10,1,62.900001525878906,1,1,1
6412a6002cf1f715,3,1,5999,4,1,4
f90b0f55e2368d83,3,1,169,4,1,1
d0dd7a3e92a10e4ff4527ff89856912661f54e3f,5,1,428,3,1,1
e9babe07ed8367c1591ab1eebe8ba884f2bc38d5,10,1,28,1,1,1
e06da7790eec96d16e4f01bf15dcc773bd56ec84,3,1,69,4,1,1
8ae935cadd0a62a1,4,1,79,3,1,1
4964c3ac4fce806ed1c17e1ad71988a2913a0870,4,1,47.79999923706055,3,1,1
dd28ad4d9fe9b0e5,4,1,119,3,1,1
937f7d9688eaed6d,2,1,2399,4,1,3
862265040250884-bc2ef6ea21c4,11,1,3899,1,1,3
1479dccaaa0d4f1ecf79ca59b1ad77967dfff1e2,11,1,359,1,1,1
9c8e355b47080fb8,6,1,43.900001525878906,2,1,1
f9ef8e8bb5ed2ae26bb944d55fa8934adce3ae66,10,1,108,1,1,1
5f9b233a56e96799,9,1,358,1,1,1
5a165f7364f6972b,4,1,79,3,1,1
97a8c1fff888abf2,8,1,19,2,1,1
86b1f0423504da85a17e5eac7f76331e7000f3ca,5,1,8799,3,1,4
552cbdc9161a0a72bc14a56e7226ed3e0f3febe8,10,1,41.900001525878906,1,1,1
9d7573aa12cd50b5,8,1,27.479999542236328,2,1,1
7945e855fb6886633a34b8cb30be83277566f3bb,10,1,15.800000190734863,1,1,1
d2ec337175db8240,6,1,59,2,1,1
5be5fde48cac728ce43b2cad95436a812d7ae25a,3,1,109,4,1,1
4da442b259b0dc69,0,1,299,1,1,1
5e0df048eaeb2128,1,1,699,5,1,2
2a76e5b103ce04d5,5,1,4599,3,1,3
2bf8590ec8bc9936,4,1,99,3,1,1
861229044556432-4801c5117ea8,2,1,39.900001525878906,4,1,1
643a59fdb8192156,4,2,598,3,2,2
10cd6fe2fcd94f6f62b8e7c28d7dd22803ae39ac,5,1,29,3,1,1
905828618a2aa5bbc9bb3c2bf078afe3abdbe417,10,1,888,1,1,2
75f6af8f13d82444,6,1,168,2,1,1
24c0bdbce8bcdecb,1,1,2199,5,1,3
867436049191339-d8ce3afbb88e,4,1,6799,3,1,4
1dc5d37af92586403d7a10586e2f78ebcee8149a,5,1,568.5,3,1,2
862902047877612-2cffeecdd3b7,5,1,70,3,1,1
866922040727776-c4e1a1bf48c3,11,1,149,1,1,1
74204958e32b2674ea83de97174ab28f8c165bc4,2,1,27.799999237060547,4,1,1
f17fbdf10e1c439d25215a657f368137b2c3d0b3,6,1,169,2,1,1
3cdf82b0339db070801784d1c889148610ed69c2,5,1,111.19999694824219,3,1,1
9cb99bf437fafd2c,5,1,689,3,1,2
9422f6a57383bbe1f19f7113aa7f1d5fb90f46a1,6,1,108,2,1,1
683b2977182233aa,3,1,89.9000015258789,4,1,1
90b56ae65e455e8981e0211a0698c9220835f8e1,4,1,370,3,1,1
59c7ea97668086f4,4,1,1248,3,1,3
565c1add9620ad95,4,1,129,3,1,1
c8c761689d9fe09923b8f9ea8762e2ba95523302,0,1,118,1,1,1
523c3deae10013acf49bf639e17a56396abb695b,8,1,68,2,1,1
866659046619439-7c942af6474a,4,1,4499,3,1,3
1e9ecc88709a2b11c197b233512ca8c08ad9c65b,2,1,1899,4,1,3
3fcc7bf70456bbff,4,1,90,3,1,1
a98130efcd2124c60ad7a5661853bb94de5ee28c,3,1,99,4,1,1
a2fd8e393e3b6f58,4,1,6799,3,1,4
44d5a73da3efb48c,11,1,70.80000305175781,1,1,1
ddfb92d96756c8f7d05377eec705f3d571afab69,2,1,65.9000015258789,4,1,1
869804042326871-18d0c5fbaa4b,1,2,1284,5,2,3
38f5b5797bc59a28,8,1,298,2,1,1
9f60967433c953de,11,1,39,1,1,1
863508039916422-6091f34f115a,1,1,78.41000366210938,5,1,1
8080ac26957d1512,4,1,2299,3,1,3
78306fbc04dd6e10,8,1,7.300000190734863,2,1,1
310584e3b3feafd9654c7fdd1d7029062aae6698,4,4,4,3,1,1
861474043203103-ec5623aa6a37,1,1,660,5,1,2
e5fc8ad12fe8aea9d032dab4cb14695468a98639,11,1,7999,1,1,4
58df5ef9be9e7602,9,1,209,1,1,1
6f732df3193a0833,4,5,4415,3,1,3
d3ee3ff648b05124,6,1,54.900001525878906,2,1,1
868566040170012-2cffeee6e28f,10,1,99,1,1,1
a4679121a60e2589,8,1,80,2,1,1
862169046356077-745909f44484,9,1,69,1,1,1
61a40a0bc4e944cb248a4c5ec82004168b604f52,9,1,1899,1,1,3
1dd9a319504ae00f5c92cdb84535304d8b19008b,5,1,119,3,1,1
866308047754106-745909c2b148,5,1,699,3,1,2
aa04c142f65f32b7dae090ab987da5effaec8a2b,4,1,19,3,1,1
8d8d80d8c5226008,4,1,3999,3,1,3
867255041382708-94d00d24d63b,4,1,1699,3,1,3
869455039829888-dc729b5f0738,4,1,339,3,1,1
b3822b6431897f8d,0,1,32,1,1,1
348eda3478d131bcac159c1fb8810787a8296a72,5,1,138,3,1,1
90ef175899d4c3b1,8,1,14.899999618530273,2,1,1
e8db8e693cccb4f4,8,1,268,2,1,1
862991048322470-7c942a6ea189,0,1,199,1,1,1
f1ae6c323a19550d,1,1,1280,5,1,3
5433c01595f14acd,5,1,399,3,1,1
89bf16dae7c4f88507e7dbcaab1fc0aa3a2668f9,6,1,2999,2,1,3
1594226406c2fc91141996ec580cf9bb69b049da,2,2,101,4,2,1
220c24cef3a4ce67,4,1,5799,3,1,4
023ff654bbbbdd538118e8ca23ae0dd9420d6de8,4,1,5999,3,1,4
41e6367642de30ca,0,1,249,1,1,1
1bb71c6ccaecb1c2ffabae96d6c2f8d710abc8b4,4,1,29,3,1,1
beef246ab5cd6dcf,8,1,36.65999984741211,2,1,1
798cbf913c4c97de,7,1,189,2,1,1
d06de46c0696c25f8630f429ab79dff89f8d2f46,9,11,1595,1,5,3
7aa9c9ca791102310934204dc96cbf7be500d632,0,1,99,1,1,1
6924b6a7d2f746df,9,1,5499,1,1,4
1afe719d151dc451,10,1,208,1,1,1
e061528a47d80820,6,1,26.600000381469727,2,1,1
080993300ebbf4aa,6,1,1999,2,1,3
863078048121570-b40fb3a3bd0b,6,1,39.900001525878906,2,1,1
a227e75e2747dd83,6,1,58,2,1,1
c83aaf61da721c52,4,1,259,3,1,1
127da0128d92fbaa439d2c071b83d23526d0fb09,0,1,599,1,1,2
7600b9667fc8c36e,7,1,4999,2,1,3
08ae2c32ba03d2e7,10,1,39.79999923706055,1,1,1
1e87725f0c39ed3a,11,1,199,1,1,1
a33c8f9ee8e3b4260fba2c3ea9545def88d6ba89,0,1,200,1,1,1
b02eb7f583c0ff4e,9,1,189,1,1,1
fd245851f6515af6ea2a27a35b62e4de74fcfb00,6,1,150,2,1,1
02358b4c1c2d9ffe,5,1,1600,3,1,3
142b64212eb1439eb1fca8c5f4d70e499fb495df,4,1,9966,3,1,4
fec4575a7a448549,5,1,4999,3,1,3
fd47039c6b80d142,4,1,98,3,1,1
ea1c47c0f44992cd,9,1,219,1,1,1
44b6a1db2c3dc26c,5,1,4099,3,1,3
b4c58eeaaaaf1537,8,1,285,2,1,1
fe728558f30ce995,2,1,3499,4,1,3
578a829ce37f72da,1,1,188,5,1,1
03250f1744715994,5,1,39.900001525878906,3,1,1
774e177ac1458d09,1,1,1399,5,1,3
5e8ba21833db532531851ec2e2f0e4f79b059302,0,1,126.9000015258789,1,1,1
bbc7c958a4751a5e,7,1,249,2,1,1
8725147b3487e7c427e879344c7999a9c8f21c06,5,1,21.899999618530273,3,1,1
fbab38c13cfe21074897f1ad09a1092fc6711ce1,4,1,23,3,1,1
765a5a53a18aee12,1,1,5099,5,1,4
bbadf76a1e955138a7382e8926488634fc558c40,1,1,17.399999618530273,5,1,1
8e7db7da1ce89668,7,1,108,2,1,1
bdf994b1c659710f,0,1,79,1,1,1
bfa667520eea9d57f9deebe932146bc79ab68d9c,5,1,5899,3,1,4
1f46209820515078,0,1,2499,1,1,3
1389d4930a47745e0b9e7541a0586880f9126e26,9,1,6799,1,1,4
619ff3be9c53d83b,6,1,1299,2,1,3
c0aa3947640889c5,5,1,44.900001525878906,3,1,1
868065030278075-dc55838ed341,6,1,109,2,1,1
c96dd1d4d8568f9b,2,1,45,4,1,1
7f685391db51b69a0919a1336873463a0f8c442c,4,1,698,3,1,2
850e72e1978a9103,3,1,139,4,1,1
d45dcb1a0d3d8469,5,1,21.899999618530273,3,1,1
f8b3c37a2cc92703,11,1,29.700000762939453,1,1,1
d9456c63b2b31911e75e668c96b04898662c4a33,3,1,29.899999618530273,4,1,1
1ddcf21783c7e7e4,11,1,1399,1,1,3
eab6ba0ef87d1dbc,6,1,479,2,1,1
867309045376164-20da22421898,2,1,199,4,1,1
b077c3b1926c16cad3bbafdcc791f0e0d99e255a,0,1,298,1,1,1
fdc8929951e3cf1b,5,1,949,3,1,2
403a2316cab4c242924876c1876bae9fb25e5244,5,1,5999,3,1,4
b2816c6ad397dcda348e17d77b95849c5de24ae0,5,1,39.900001525878906,3,1,1
49e77141a5dc1f16,5,1,699.9000244140625,3,1,2
b33e487663082302,2,1,5999,4,1,4
1d814e1438356532,10,1,89.9000015258789,1,1,1
35711ba032412cda,5,1,88,3,1,1
9d01ed95915912309a44a825907f6d6f74288eef,6,1,209,2,1,1
b4b2de8038a72e3f,5,1,269,3,1,1
8a41458003db73282d573b764e3dda2053058fb7,6,1,279,2,1,1
81fef0bb36141df5,5,1,39.900001525878906,3,1,1
ec1b376634fa54af,4,1,189.89999389648438,3,1,1
90560397a2ad4f4a7fced62f96cb904989395096,5,1,6599,3,1,4
83d7acc8d93973fc7928d45dff0cb385ca053c7d,0,1,398,1,1,1
9f1ebfa5ed689eb4,0,1,439,1,1,1
4c8ca762672ab37e,3,1,1580,4,1,3
9708df1d24c455eb,10,1,129,1,1,1
bc1bdc28b604a5a4,7,1,2488,2,1,3
514fd9f863dc5273,5,1,5699,3,1,4
43ffc8eeefe76bfb,5,1,57,3,1,1
59fd18dc42577544,10,1,258,1,1,1
7c32d3018c7486fc26f81e3dc409c5b73f6226b0,2,1,12.899999618530273,4,1,1
864398046270669-3045960b34e9,0,1,68,1,1,1
9359b7e824d6b3ee4a9e3d6851f1b461af961129,5,1,699,3,1,2
a907f8a7137e11ea,5,1,2799,3,1,3
3b1500c1b1625252,3,1,179,4,1,1
b93c5429eeafa0b8,6,1,139,2,1,1
ec59b86b32021a4217d1987bbca9a8c87abd366a,9,1,198,1,1,1
906af25b298ca94ff0ee1ca9ac089955008d2fc5,5,1,1410,3,1,3
243b12c193dbd1fa6a2ace9fc5295d636bcb5067,8,1,29.899999618530273,2,1,1
860445045466972-34791618283e,9,1,15.300000190734863,1,1,1
e1264a8df726d0b1,4,2,10198,3,2,5
c37d2746667576fbfd637260716134c080ebc8f2,9,2,139.8000030517578,1,2,1
a85ded7235daff7d67b1f1c73364b52d2cf687a3,7,1,8.100000381469727,2,1,1
e02572d9e346e4a14cc5250a691793f52a5a90ae,7,1,2599,2,1,3
3002d9cbb09e8395,11,1,29.899999618530273,1,1,1
c51cb635ba713925d86a5541b2eccdac9f7b0d82,7,1,207,2,1,1
4099f1e3eb2276acbc10b4a8a8f1ca6b492bc159,1,1,398,5,1,1
1f9ef3678d76f56c4b2ceaa45a1d061b97b944f9,6,1,22.899999618530273,2,1,1
df6989e873c26fc43691fb0b9b4b84fc401e5ee1,8,1,199,2,1,1
6b8a2a8a8e839c9b81e7eb284e8ed9dcb9e6e0cf,7,1,128,2,1,1
5e0ff0511d9c1588856b37a33d44c2c2f717f9aa,3,1,49.900001525878906,4,1,1
0db8ea02dabee6a16a83b54a8a07ee0aa493e884,1,1,139,5,1,1
67cfd3ac583d245c,3,1,350,4,1,1
57c8ef38128e7941,8,1,439,2,1,1
9c2cb54fd801e99e33b7724b2d60cde8a4a34e47,9,1,359,1,1,1
5d5e191c14856e77,9,1,3049,1,1,3
15d36f48ffa775a9,2,1,3199,4,1,3
e60867be43b6fb16,5,1,95,3,1,1
95032d40a89f8516,5,1,49,3,1,1
861799041784286-143cc3a1330b,3,1,1098,4,1,3
63aee8e04efbd430,5,1,399,3,1,1
ae8bdf3ff144eea13ddf4c5c801af854d728218d,6,1,299,2,1,1
277a1cc82a75e519,6,1,39.900001525878906,2,1,1
e871cfc3351f25d9,10,1,19.899999618530273,1,1,1
002d716041fdb8c9,10,1,1499,1,1,3
31720c5ae646a044,2,1,149,4,1,1
425edc0d568d3ed13f70626c108515617182671f,9,2,3600,1,2,3
b3eabb179788f430cb75e205cb129ff279ff9dfc,7,1,5999,2,1,4
09919b595745485d,0,1,3299,1,1,3
ba927544b290a776,7,1,5399,2,1,4
197fa6023dee552c,2,1,5.900000095367432,4,1,1
68f17b13e3419b738424882d442c3248032ab939,11,1,189,1,1,1
860980038176717-ec891496b162,9,1,8999,1,1,4
aaf31230e6936365,4,1,3399,3,1,3
35fe65f98a5150a6313cb5e06282161226ce74f2,4,3,294,3,1,1
9ddbc6d46efd6f88,1,1,13,5,1,1
ac9ac9569e1ac466712b84168494ab2cd4d323d8,5,1,2699,3,1,3
1566d81f0e808070,11,1,399,1,1,1
9095b23306abf9432258653dfccad9a0f3a3f9e4,7,1,38,2,1,1
111ccfe882fcdb4c,9,1,9999,1,1,4
7e08cff5c8463547,11,1,26.899999618530273,1,1,1
b40538657f32d428ac9fbaff6eb658f0a35eaabd,8,1,8.899999618530273,2,1,1
866049031373210-c486e953c671,7,1,9.800000190734863,2,1,1
a7ee4050dfa0c74e,10,1,35,1,1,1
eda0b958692ba78b,4,1,5999,3,1,4
0beada9f15e6325d,1,1,39.900001525878906,5,1,1
2e36776228790e40,5,1,89.5,3,1,1
faaaaade5615f2c7bb0c8eed39486a5e1f6b891f,3,1,2199,4,1,3
ca26389e88bb9ff3,2,1,27.899999618530273,4,1,1
a88f0e5f1d4e738d,5,1,699,3,1,2
013b49af1c8edc7da5f5b4547631b29b33b9498c,5,1,99,3,1,1
865973040254148-04338525f25b,2,1,450,4,1,1
3c45299a323f3b0f62087a818ee60b8380c2e950,2,1,69.9000015258789,4,1,1
dfb8bf2946ed02ee803a0bfbc9f95bb10b9e4ae0,1,1,459,5,1,1
900cade961296e70e5f5ab831ac1ee84b5666d03,4,1,5999,3,1,4
aa11c4d287d4a79a,1,1,199,5,1,1
46403ab3c2f6e6f05db0750d73a5f31ecce43356,0,11,18293,1,5,5
cd93f6f10948e219,8,1,5299,2,1,4
86ff4b91f0f8677d,6,1,169,2,1,1
4261c1267287999a,3,1,42.79999923706055,4,1,1
7ddef5d2f7638d1a,11,1,9.899999618530273,1,1,1
c2e00287bcfb5adc,7,1,199,2,1,1
8c8c7e2305912f12,9,1,100,1,1,1
bffc85aec543cd788fc4baa322978e43b7efb1f0,5,1,1799,3,1,3
26c62c74ff20e62a,2,1,299,4,1,1
860472044892933-dc31d17421c7,4,1,179,3,1,1
860875045787805-88f56e8e0459,9,1,22.799999237060547,1,1,1
3db16b1969aeecc9377c5bcf7aa0457b1a4f8fe3,1,1,239,5,1,1
9262c1c4e7aa38e9,4,1,5999,3,1,4
b6a521cebc88c1bc,9,1,69,1,1,1
1196e0499bae3bc6c7fbd5469432b298b8b74e47,0,1,599,1,1,2
e660817387eee785,0,1,36.5,1,1,1
7e96a47766611d5b,2,1,6148,4,1,4
67ed221c0c0cfdc8,10,1,298,1,1,1
079db4b8dafc10c4eca8161641f6acad6188a296,4,1,32.900001525878906,3,1,1
868859043978659-90c54a73451f,0,1,69,1,1,1
a077a0a2c0dc3a16587ee208506f56e1cc436c65,0,1,39,1,1,1
6406d8bb345a1bfa00bb5c014f462a26868a09aa,5,1,129,3,1,1
99001405011507-28167f383246,4,1,6799,3,1,4
22d18bdadfbc0b2c,6,1,188,2,1,1
6076ed42a6ea9c36,6,1,179,2,1,1
da5ee2b3595d2621ca90a29d9e86d4ee538a9893,3,1,2698,4,1,3
81702511fbe89915,3,1,3499,4,1,3
862443043612976-7460fa0cf8d6,5,1,42.900001525878906,3,1,1
0cdcd7c4707a4b72492d5646a282ddaf1802c68e,0,1,150,1,1,1
740466ad3866c985,5,1,5599,3,1,4
711dd087c96277a5,9,1,199,1,1,1
41a67f45edcd681fc553743afa21357aa95db6e2,10,1,158,1,1,1
4cf325b05caab2a8,7,1,88,2,1,1
608c4bd9fe2d7218,4,1,899,3,1,2
86d6fe88c84cce15,4,1,99,3,1,1
864325057181915-cc812a4665c9,9,1,286,1,1,1
e66ca749c01c471b,8,1,599,2,1,2
869803045893093-94d00d95f2f6,0,1,36.900001525878906,1,1,1
864092048599072-48876418db05,8,1,19.899999618530273,2,1,1
c359a61339604690,3,1,34.79999923706055,4,1,1
d206851aadebc8b1,4,1,99,3,1,1
85f8f707ece7ffec,8,1,129,2,1,1
d6409bb413a4e8e0,5,1,106,3,1,1
a6b40673c6c87a0f,8,1,329,2,1,1
a79e231bcc1cf273,11,1,439,1,1,1
1726b3f90099a25fb9c009088d1cd2763aa90f38,3,1,1924,4,1,3
65b7c1a338f98430,5,1,54,3,1,1
86865302d56eb4ee3e366aa6b439579cf35751aa,0,1,79.9000015258789,1,1,1
585c76d46b2e8715,9,1,118.80000305175781,1,1,1
fe134af6bc78cb22,11,1,2399,1,1,3
e51c46ff6e374d2823559544cc14f6ca726ac94b,8,1,69.9000015258789,2,1,1
74d833bdf1796367,0,1,6999,1,1,4
b4b7c3f017ad7a42,0,1,899,1,1,2
27d915a5b75cb066cc23ee3bf82030fb39e49e4a,2,1,164,4,1,1
119607e47f11f82655aae067850b4ffaa60b9bbc,4,2,19998,3,2,5
865873045640632-f89a78325790,2,8,1192,4,5,3
b979430cb9ec5b3b0c234136d1b67ebce117cb1b,4,1,59.900001525878906,3,1,1
8280a3213a96556c9a3cd1ac0ae9c9eb5cd21466,3,1,28.799999237060547,4,1,1
597847efa3e88387e6a81072d2e9112ad7c89547,5,1,33.79999923706055,3,1,1
f2228ad5fdfd67ff,10,1,199,1,1,1
2ce9662386f3bfed,1,1,76,5,1,1
8cd9af6a5268723e7c71040052e617e146437e9d,4,1,59,3,1,1
50ded6af5f9b2c02,11,1,229,1,1,1
9cddfcad34f75d5e7a499bc66275f54c9195d717,7,1,339,2,1,1
865226048050327-483fe92d9660,11,1,153,1,1,1
9a5ca053352e54f53ba6869190dfb58d871ee1be,3,1,5999,4,1,4
258cd01d755ea2b690554e5e1851c92c3982c5f3,0,1,79,1,1,1
4fb6618cd2f5117a,3,1,5999,4,1,4
864967046082249-56c87b781eb5,6,1,6799,2,1,4
a7a983fe53696926,2,1,219,4,1,1
060312125ea6aab1,4,1,4030,3,1,3
ff35b7f5a351846b,1,1,330,5,1,1
92b09bae17ce0f94c66ba2b9ffadcbf7cc19a0fe,8,1,129,2,1,1
52dcf04ba0e0e03f,3,1,4240,4,1,3
cddb79d696ac73c88439d3f74eb27b0bc142517c,6,1,199,2,1,1
7023e517a781247f,7,1,5999,2,1,4
cef7eacf916517e2,3,1,21600,4,1,5
32af15aff63c080c,10,1,75.9000015258789,1,1,1
dd37e565178a7bd5fecb08d83da02356bd9b86bb,7,1,79,2,1,1
df3636793bef69bd,1,1,349,5,1,1
e293ee749b88832d,11,1,99,1,1,1
d1ee8f9b3ecb1258,4,11,11,3,5,1
7f45021f9717c0e1,3,1,49.900001525878906,4,1,1
724e7a31de5ff05c72e258aebb4b91242b106b50,2,1,188,4,1,1
1bdcf63fc6e75bf230ca3cd5515cd1f34e91f0f5,4,1,99.9000015258789,3,1,1
157cf97f8e13e422f858929b03d80a2f0440a074,1,1,21.899999618530273,5,1,1
864467045663172-88f7bf8a1a63,1,1,699,5,1,2
7a4e5b27d041bb1b,9,1,29.799999237060547,1,1,1
ea839bada4f7cacf,1,1,3999,5,1,3
2765b31c32639664,5,1,45,3,1,1
2f89152014554d49,8,1,89,2,1,1
865260044730137-dc90889f5743,11,1,22,1,1,1
32078961a57876fef5850780485476d96b2e31ae,3,1,208,4,1,1
868275049398190-d4bbc83fe7c5,11,1,138,1,1,1
9ae6096817b0e49a6ffc738728854f8fece3deff,2,1,29,4,1,1
27cd2a5a19aa5b76d4c858a6e6ec99aaa6109d8e,5,1,30.899999618530273,3,1,1
fb91efd9726d0c966161b088b5a3cd4f0864c5d5,8,1,58,2,1,1
79511d015fefb062,11,1,227,1,1,1
396bb27c5ac246bb,4,1,21500,3,1,5
0d3427c31cef9d78,5,1,3998,3,1,3
35d78c981f544651,5,1,6699,3,1,4
861658044989732-a450467de28f,4,1,2799,3,1,3
209eea24fb733215,9,1,78,1,1,1
604a3ff2a13330d7faf47b6079a07dbaf0bf0250,5,1,149,3,1,1
4d46ba596948d6f3,10,1,24.899999618530273,1,1,1
864571048090356-808a8b644aad,0,1,149,1,1,1
7b29dc88dbdcaa9f57d1114f2354a8dc72fd84ea,9,1,276,1,1,1
7ad1571c41f2561918d768b2a18ca8866e4267a9,8,1,34.900001525878906,2,1,1
988263f43246424b,10,1,53,1,1,1
2cd91d49b39607f78681f8986689980d0d82e37b,4,1,1299,3,1,3
ed564b5b91e5501157db81743efab61093261fc0,4,1,15.899999618530273,3,1,1
4153332104013db7,0,1,99,1,1,1
b82145f6d4e7dcd8562e112921846215e2d5bea9,8,1,89,2,1,1
27812c0360db5721,10,1,65.9000015258789,1,1,1
a8b5d022564987b0bf6cf24d9ab47253e7a0b985,6,1,109,2,1,1
c3709f5bf2fdeaf6,4,1,159,3,1,1
867578045956932-482ca0489adb,2,1,8994,4,1,4
d97ba07cd203329a19bc17da7ae739c137e9635e,4,1,26.899999618530273,3,1,1
f784bbf83de62a76,5,1,3399,3,1,3
38308ba54547f879,8,1,269,2,1,1
ad96923258fb6bf5,2,1,79,4,1,1
71cbdae6381c4716,4,1,19.899999618530273,3,1,1
72efe6349e3e2f474af18a7e49addad0a854dc6f,1,1,59,5,1,1
863978040008651-601466ea1117,5,1,69.4000015258789,3,1,1
18659995636d02f09e375d400348bd017fa3e60a,6,1,10,2,1,1
d9180f52510e53c84154827506e3ff71dddfd141,1,1,4,5,1,1
e794cf57cb7d1c53,5,1,148,3,1,1
73e7dabd2763a265,3,1,75,4,1,1
112b8967f296044a,1,1,52,5,1,1
862780047948876-0c20d36cd791,1,1,1000,5,1,2
4795e4d3cb8b4a98eb401f1a3d0644bd9b7ad63f,8,1,9.899999618530273,2,1,1
a1c9cb855b886e54,7,1,46.900001525878906,2,1,1
ac4ded92723fe2a6,6,1,99.9000015258789,2,1,1
c8f6872f54bc339f,11,1,59,1,1,1
5fb478a0d028683f,8,1,69,2,1,1
865553049450648-549209f8b80c,11,1,299,1,1,1
c2b0c0677e5d66f11b6dea51e440e0984f1a1440,5,1,99.9000015258789,3,1,1
95e3bba473a7dc5b,9,1,53,1,1,1
f5640a7c839d1bee,0,1,2999,1,1,3
862169042348607-745909703259,8,1,799,2,1,2
ccd6919ef90d7f93,0,1,35.900001525878906,1,1,1
2b1fc34be05d12e0,5,1,7599,3,1,4
867094042666011-4c6f9c2ad667,4,3,3,3,1,1
86171cb59aea93c7e00945844eeedcd2f6965853,0,1,196,1,1,1
ae081d83b291eac8,2,1,9.800000190734863,4,1,1
dd36947b552824fd,8,1,39.900001525878906,2,1,1
3440121af982b062,4,1,80.9000015258789,3,1,1
c91562d883322385,2,1,39.900001525878906,4,1,1
52d5b3dd170a0ab2706e2328fbea2fce7811607d,3,1,9799,4,1,4
617c7c74c2ed9e9b,1,1,1099,5,1,3
422adab7cb606b2fa77c3790baef3045f561d390,6,1,49.79999923706055,2,1,1
6478ddfafbe3344c35313fa2a006bbe885d560a8,4,1,178,3,1,1
678a1378f264b8ac,5,1,79.80000305175781,3,1,1
531477b7e17aaf60,3,1,9.899999618530273,4,1,1
fed4ab2bef43aaf1149017fa29b98fb45bc734ef,1,1,1399,5,1,3
5e7c8095c68d77e5,5,1,309,3,1,1
4b00af9e4dcaee4b,3,1,40,4,1,1
474ce2f81ffdcb90,6,1,2099,2,1,3
6e20c42cdf5bf4f2,5,1,89,3,1,1
0d8984478e3d4c265851b02c295b4acbd7df9e3b,0,1,4999,1,1,3
034d61cb3ed909f4feaf7689a45cbb5d9b1a565a,7,1,69,2,1,1
540ea32d82436db6,4,1,139,3,1,1
fa7a658c36eb0887,1,1,78,5,1,1
c2e1a19466fb53b1,1,1,599,5,1,2
c9e21f6d79348786,3,1,59.900001525878906,4,1,1
c3a205f5168ba30e,8,1,269,2,1,1
5774068fe9e44a55,10,1,5999,1,1,4
819bd10f7c7665d1b6ad4b8f466259f67319b5f8,3,1,9.899999618530273,4,1,1
444d490c3c55f939,0,1,9.899999618530273,1,1,1
cd1a3d2af672ba723af988bdc924d140137e7b6b,6,1,8799,2,1,4
3a7ca981813db676447675f29ca5a340a343b94a,4,1,6599,3,1,4
f5b2df9c390c6cb197f80cd7e59f184fd1ce030a,7,1,48.79999923706055,2,1,1
5a4d7ec018eb7c837061bb32b20c25f60b71d9ca,9,1,58,1,1,1
69234979cef3c4defd8bb92aded44b5cc6c8f654,7,1,5999,2,1,4
a5ed8f3b8c91241f,4,1,129,3,1,1
3394c5806c9d78a7ae82f9f926cb058b90565193,4,1,65.80000305175781,3,1,1
4bf08e93a890a8fbb971e950130f4f1b43cac4d1,4,1,30.299999237060547,3,1,1
1c2b0959ad647dad2dbc9019963f3fec1c63b5cb,1,1,259,5,1,1
1f9c5ce398be86a4,2,1,75,4,1,1
da9d7b8851a1c7b0,8,1,89,2,1,1
868584047886837-846fcec122a5,11,1,39.900001525878906,1,1,1
1cd116cb4552aad9,1,1,6999,5,1,4
d7ef65d526e987a2,2,1,3199,4,1,3
2393695572743d6973746f22c8439ed3ce5165bb,5,1,2498,3,1,3
224bb46e69ead7bf1901773b2b47d20c66a74151,2,1,159,4,1,1
db6d2d46edcdb885,1,1,23,5,1,1
28664fe034261eb167bfbadc861552525efd2f7d,4,1,498,3,1,1
18a228de1a557b5d,0,1,29,1,1,1
df0b426bbe6c79d1,2,2,6398,4,2,4
f4137c494bcefe67,6,1,99,2,1,1
613700f93558b5e744055859fda30dcd4580e750,9,1,99,1,1,1
afa69e807c75167c0ae6ba3d87e796bb06ba13c3,9,1,39,1,1,1
ebac5f784fe7f240,4,1,21.5,3,1,1
91dacb6086ebd39f,0,1,39.900001525878906,1,1,1
a9c244e6fbb1185696c938f895ca3552fe18aa91,1,1,4399,5,1,3
863175046389751-dc31d1f5b963,7,1,39,2,1,1
31f2d555cfcfeee5,10,1,10,1,1,1
8b37b20c548340d3,3,1,49.900001525878906,4,1,1
dce16bca4b1f13c1c49a995890c67a7ec3f946db,3,1,10.5,4,1,1
0ec5a74da770a2dadf48b11f20e57bcfbb210425,7,1,99,2,1,1
f91e26cbc5d9415ec29245771b102e73f62cc7c6,11,1,36.900001525878906,1,1,1
7a192eb2b73aada5fd61717dc28c7f844fe4fc83,4,1,298,3,1,1
8c4a1e15a6039e73,9,1,200,1,1,1
e73578f39cb362c1,9,1,219,1,1,1
865297038112237-c894bbb2bebc,3,1,3399,4,1,3
dd3edc3f68ff5394,0,1,169,1,1,1
4a0f0cb769ab7bb76f7db8f5492a4a909768e19b,9,1,1999,1,1,3
46ebda1d2386317d,5,1,109,3,1,1
a9ef905cd263dc2f,6,1,299,2,1,1
a3ce65e5399af552,0,1,168,1,1,1
6b8ef52462e1871f82ae71a1f280cb396dff84b4,9,1,328,1,1,1
80f39b6d07d98c1d,5,1,2499,3,1,3
8ce538806375d99f,1,1,399,5,1,1
03f1dafd38efbda8,8,1,199,2,1,1
281f78ad3f1ae43b3c3972935f6424b7ea413f9c,2,1,45,4,1,1
4b9784c4bd9c6233,4,1,2188,3,1,3
466aac53c65d6e11,1,1,52,5,1,1
869616057077656-2c4881926873,11,1,19.899999618530273,1,1,1
32d50ff8cd5e93d225ca05988cdc19088e9e3561,3,1,49,4,1,1
370fc5dff9d57a4a,2,1,34,4,1,1
536323dfa285fbfc,6,1,99,2,1,1
5ff6eb3ebdcb05b5,0,1,32,1,1,1
63468ab545ed3a3e2f54c8567a3b9db9ab1cf763,8,1,39,2,1,1
fec6ca1aff47f690,10,1,50,1,1,1
ad435ff30501547f73da566fb50718c27a0aab65,7,1,59.79999923706055,2,1,1
e77816a7c7d6a381b79f6d789a2e42f74b457870,2,1,139.89999389648438,4,1,1
22e3f3a6847137d2,6,1,15.899999618530273,2,1,1
c9fc39303ea607b5823e886133d1a6fa52e24efd,11,1,5990,1,1,4
c0677e9404012b7624e5c6d5210a4450c93240d4,3,1,74,4,1,1
90eeb6d676f3961973652d5e70f9d02decac6417,11,1,79,1,1,1
7ca948c55f34d60f,1,1,19.899999618530273,5,1,1
7dfb2210ee50bc69,8,1,159,2,1,1
868778041546013-3847bcc9c9bf,6,1,35,2,1,1
b90cba255e7c4c1f400c6a26e4472b9a2f327f14,5,1,3599,3,1,3
dee0acfd9d3ebe6d,3,1,9899,4,1,4
3729342d1e996299ee8e8a38d46b6ac976f39b89,1,1,19.899999618530273,5,1,1
93226d00901f0f29,4,1,52,3,1,1
40a3cebc38c9a6d1,5,1,39,3,1,1
fb55b2f36b9a159278c457f679f44ade10a4d716,3,1,248,4,1,1
8fabe0efe47ce6a2,11,1,27.799999237060547,1,1,1
040958efc0826ac48c0b1360eb29ca2282575949,9,1,299,1,1,1
d8bd900f80f68459e333700f4c7ee15512df7dd7,7,1,1390,2,1,3
6147dd991ad729ef873c4040d5285c1d0a12a939,1,1,5199,5,1,4
ee31fa6fa1df5c52a126eb2f46ace6be1c4ad689,5,1,2499,3,1,3
c6cbf0d400c4a694,4,1,385,3,1,1
ce5dd044ab83c3bf4418d40e89e975915d0b3732,11,1,199,1,1,1
85e0582cfb6f7e3c,9,1,219,1,1,1
860875042265276-c8c2fa8da4ff,10,1,58,1,1,1
9a20537cd4754613,8,1,69,2,1,1
869377036398644-a057e3d46ff8,7,1,3899,2,1,3
7e1c2532bc6cf13c,11,1,39.900001525878906,1,1,1
cba52785e914cea9,6,1,58.79999923706055,2,1,1
96089340b331eaa1,11,1,559,1,1,2
d2662029f57286f9fc82bd7b7312b7690efcf50a,1,1,128,5,1,1
1f49e4a57f87ee84,7,1,30,2,1,1
a95a21b801f0ffba,8,1,218,2,1,1
ed7362952d8f2897,9,1,78.41000366210938,1,1,1
b59b1fd8c2d40b63,3,1,109,4,1,1
947184d3c006fff4,3,1,29.899999618530273,4,1,1
5a2d6b3af7409720,5,1,268,3,1,1
f63fbbb6130b32e0,1,1,119,5,1,1
03eb59d2fd1dcc70,4,1,6999,3,1,4
dc8697964fec8589c7baf4685f7354585de57340,4,1,375.5,3,1,1
1d56c1a1536e0c61,7,1,79,2,1,1
114c40352d2ea01f,2,1,119,4,1,1
25915538aaa74412,8,1,39,2,1,1
cedc0ad8ec38f9de205260e94bbb5338a78671bd,7,1,129,2,1,1
3d63066f1d967500,6,1,289,2,1,1
5d549be46c2c500f70f5a19f4c2c5e72531129d7,1,1,499,5,1,1
6f2bbb90350de24c,9,1,89.9000015258789,1,1,1
25b75d119c3acb89,2,1,45,4,1,1
b779e2fa968ba328,11,1,259,1,1,1
56a042ecfb1ed3a7c17b84da72e261b2b84b042e,5,1,359,3,1,1
fa543e772bcc0fba,4,1,9000,3,1,4
a8dcf30af4eee1b3,11,1,388,1,1,1
136e0f9ac3175ea4,6,1,29.799999237060547,2,1,1
31e496742c12978f3156f5e0fb0c22bf36181a09,5,1,38.79999923706055,3,1,1
867475040878304-4cd1a1e1e8e6,1,1,175,5,1,1
7c15fc163bfc05eaf572499f2aac882c0d93f68f,10,1,10.800000190734863,1,1,1
cdf5de8a3934e290,8,1,3599,2,1,3
213c262a0cc93cd1,2,1,59.900001525878906,4,1,1
00f195e9a5bc69e8,5,1,449,3,1,1
868267042393336-20311c54f9b3,0,1,98,1,1,1
8210fee65d506eb6,1,1,199,5,1,1
354520a950760d1097f09d2870fbfeb81453b4b7,4,1,2698,3,1,3
cf0f7c92fde99726,8,1,39.79999923706055,2,1,1
a6a527d4b5d0b0b3d4d78ff48106dcda345c912f,5,1,4999,3,1,3
5d85f384cfa3de2b,5,1,6799,3,1,4
f37ce6944778e3662178b1cd71da6272472c3b8d,1,1,3599,5,1,3
7c9b7d4cd6c9ca62,4,1,19.899999618530273,3,1,1
8fadfbf00611d6e5,9,1,39.79999923706055,1,1,1
94bbba18e9e53862,4,1,699,3,1,2
13b3ec539db6b340a9d195df2725a7738db63735,7,1,48,2,1,1
899740ecfed3ebf494a5d09cbd70f6c8288994a3,6,1,228,2,1,1
5c66e3ce6316e172,3,1,5999,4,1,4
99001400063173-d8ce3addeaeb,4,2,2,3,2,1
9ca45173f489ca0b5a8b9fe087df304b9dba43cb,11,1,59,1,1,1
bb4e08c72f4e791a,11,1,80,1,1,1
27f26136c0f3760e2f52e4c81a60b6c6c4e16665,3,1,3199,4,1,3
e285c682d2bd181ce7b7f505ddd10cdcab974048,4,1,1668,3,1,3
9347797d82eb6049,4,1,19.899999618530273,3,1,1
868840041014051-808a8b85e95b,1,1,14.899999618530273,5,1,1
b7fb3d293ebc1daf,7,1,108,2,1,1
e9d2c1d367c41a6d2c7bb55fa051b0e4eea2e153,6,1,116,2,1,1
3d3d020fc880577a,5,1,54,3,1,1
865716046466939-e43493bd62ba,9,1,99,1,1,1
1eb8f824d9a1abd50c022e0b550c611f4e56a045,6,1,50.060001373291016,2,1,1
22dab9cb9183b196e74e2f15cf9e7556c77b9490,5,1,49.900001525878906,3,1,1
3b8f3b76c9e11739862287799a0d26c97c56d9a3,4,1,39,3,1,1
8d3edc35d042c4ec,5,1,3599,3,1,3
4d9675c80661dddf,5,1,16,3,1,1
10485fb4a5dbc877,3,1,569,4,1,2
70cd4c1b3c88913c,4,1,53.29999923706055,3,1,1
a4cbdbeaf64866a4,3,1,149,4,1,1
dd32313ee139af1d8363c434837111de315b3fb3,2,1,139.89999389648438,4,1,1
868464044254604-74c14f05454b,1,1,29.899999618530273,5,1,1
bd7c71ce6c89341917b98f6598911a6bc809f4bc,7,1,78,2,1,1
7d8472534559137e,10,1,299,1,1,1
91158c847d33906e,5,1,3594,3,1,3
9e1078ba9c76dae5,4,1,209,3,1,1
80abdd41469a6933,7,1,119,2,1,1
7a7e9a6a3f3bf759,10,1,49.900001525878906,1,1,1
5231bb49640fd75c,7,1,43.900001525878906,2,1,1
a9e842d4ef88454a,7,1,4999,2,1,3
9bbd0f80d244131491ca1c33557ea15fb1349716,1,1,20.899999618530273,5,1,1
c7a5b46724ced6f3e30b92f8d7ae958b4297d240,1,1,6799,5,1,4
6e36e894024e9bd8,3,1,368,4,1,1
693a41d9a308df96,3,1,3699,4,1,3
37fcf89748dc65c0,8,1,20,2,1,1
a8e6e09d1e676a9a6d4e22a5601f0fd43b4f4460,7,1,239,2,1,1
3f3a47792c991e44,10,1,79,1,1,1
9b8affc86a479bd8,5,2,156,3,2,1
a93334c19b6b875c,9,1,139,1,1,1
d01d233ed64f1e53,3,1,44.900001525878906,4,1,1
865364044925505-44d7915a3d5d,8,1,1799,2,1,3
6e8b30f381a2c864,3,1,34,4,1,1
bfbe4361da298859,3,1,4488,4,1,3
49768640ddf9c4f6,0,1,3099,1,1,3
0a9174f482a659ae4aeb1f170b3becb210aa753e,2,1,2750,4,1,3
9df1f10f32c38e49,8,1,3899,2,1,3
6daa03fa1b677cd35e7162b394090dca2076a435,3,1,54.900001525878906,4,1,1
866302040003967-88403b7293f5,11,1,60.900001525878906,1,1,1
814a2984467737ff7afc2d64341e701030964451,11,1,5198,1,1,4
6470a1d06688cddd,10,1,79.9000015258789,1,1,1
fd2b4049c66b5be0,4,1,198,3,1,1
b5f62a0ae567350a758cfff34964bf02d115f26c,9,1,260,1,1,1
ddfc594d59bba0daeb6862434b84c67883ee2440,4,1,259,3,1,1
f623c9068773dc8be7d7025812dd58e5ea342c6f,1,1,76,5,1,1
9f4f8d636893065b,5,1,1699,3,1,3
44a3be575ecf18930516f3c0d8f4cdd11da97f4a,4,1,1899,3,1,3
67f1f910f2fbe6ea,0,1,438,1,1,1
aef4c46bbabc415f,10,1,4799,1,1,3
5ab3d8389b96ff9a,4,1,219,3,1,1
121f134a1ca54ebc9791034ab03c78c8ef53b802,10,1,49,1,1,1
4a9aab688070f41c,0,1,8.699999809265137,1,1,1
f4b079078e12a097edde0173cc4581f28ecf1217,2,1,116,4,1,1
a0567d2f3c3e3881,4,1,115,3,1,1
14b79e9cc51b108a,5,1,3999,3,1,3
56c722ec6d005c6fb09515fdae8ddbe1d43295e2,4,1,514.7999877929688,3,1,2
3b1a275517a445b851bf3768be6390837e8ffff0,3,1,25.899999618530273,4,1,1
586e35145dc94a66390c4063d8ae1c9201f88006,6,1,163.89999389648438,2,1,1
11370bdaaa1790e4c34e7bcbb9e3f5b8d56733fe,7,1,219,2,1,1
ece7d0413700a36c,8,1,32.900001525878906,2,1,1
e35cdc0dc3908263,2,1,149,4,1,1
3cb856031d3578d59cae8d22653f1587f096671c,10,1,4850,1,1,3
56959c7118aee3fe3ae104e4c985fba53ee67f79,4,1,11.899999618530273,3,1,1
869885033290457-989c57fe683c,2,1,199,4,1,1
ee44c8d90ff69748,5,1,239,3,1,1
53f00382493021b1,9,1,119,1,1,1
864034041291307-e4fda1588d4d,4,1,58,3,1,1
c41a349b0dddd121,8,1,89,2,1,1
eaee3fb537d58828,4,1,799,3,1,2
c7a2ceac341cd6068d3064c9d9ecb9e1d528e2d0,5,1,399,3,1,1
f00e97fcdfbf2335,8,1,39.900001525878906,2,1,1
ae36318a0098c2ca,0,1,26.899999618530273,1,1,1
863535045283273-8476370c860f,8,1,36.900001525878906,2,1,1
f7ee30f5e73f1464,7,1,59.900001525878906,2,1,1
0c9b091dd61c9a2b1491932665af913164518c3d,3,1,4399,4,1,3
ab5d09eff2481044,7,1,5999,2,1,4
3765d5a413f99c73,8,1,108,2,1,1
b40d233f13ffe947a1e04cb92ddeef78896f5737,6,1,52,2,1,1
656377a78210b128,1,1,219,5,1,1
b551720ccd3980b6,3,1,900,4,1,2
9eb9fba0132800e8,4,1,5099,3,1,4
9781e4b4673ece06,5,1,1799,3,1,3
9c306307e44614f1,4,1,5199,3,1,4
172ed47a406b797320f853c8b421947c59e48adc,4,1,839,3,1,2
a2f83bb6f2097d8d,7,1,109,2,1,1
f9afa0c936323dd9,2,1,1799,4,1,3
a20a872d1bd92ee028347e72efa6fd89f54e518b,1,1,16.799999237060547,5,1,1
46ae208279847b9069d9b5214b06e3d0117dbcec,2,1,128.3000030517578,4,1,1
c0f0662ed24846ee,9,1,25.799999237060547,1,1,1
869726048275291-6c06d64b7b25,3,1,29.899999618530273,4,1,1
73dff4839bc4aec6,8,1,99,2,1,1
baf13511359d404f,2,1,18.799999237060547,4,1,1
0cc96a9784da7c7d,1,1,135,5,1,1
0594dcc3fcd97487,5,1,65.80000305175781,3,1,1
213fa03103455fe0,5,1,2399,3,1,3
be943dc7422a75531a2eb5a43b303092079cf4a2,7,1,299,2,1,1
3ad402d3f9d3b2c0341bcfe14774ad05bbccafbe,11,1,5799,1,1,4
2a7bbbed8c883591f877ad14f31c970ee4634c23,0,1,44.599998474121094,1,1,1
9d6d4e6dc34f7107,10,1,229,1,1,1
aa4e6e37ce5f0511,9,1,187.1999969482422,1,1,1
49a404a675b2fa5df7b6ca0f3a8a2e10903671ad,7,1,5099,2,1,4
a4df6715d39fa574,3,1,11,4,1,1
974dbdf50da86281,5,1,1799,3,1,3
139d9e508d0346b4,1,1,999,5,1,2
da11811b736ca157,10,1,109,1,1,1
1e8ce254f748f203,5,1,93.80000305175781,3,1,1
6ed2abc4351bbc64b3b0356933af2b2832e6aae7,5,1,29.899999618530273,3,1,1
869704037346654-9ce82b2945af,2,1,69.9000015258789,4,1,1
7a20f2a02857bc5e9624b171f11bd83c22737a90,4,1,5999,3,1,4
2911563ab109984db5dbda8cd8954a05c0fc17d7,6,1,630,2,1,2
872e272da275f5ea,2,1,239,4,1,1
e8574a2b30e537cd,11,1,299,1,1,1
fac6510245637931,10,1,179,1,1,1
f8f0edd7baf3c298,1,1,598,5,1,2
bfdec9a294ac666d,10,1,69,1,1,1
9067d02be814f1a697d13eeffd9dae01d5bab2af,6,1,19.799999237060547,2,1,1
7aded4f4371e680a,6,1,78,2,1,1
a43eee905e03f1aacfd895e341114a9e93f071ac,5,1,259,3,1,1
282d2c972a49f3c0dc9ef88f76748715fc02fbe1,7,1,68,2,1,1
a8a78045e66099ee,6,1,21.799999237060547,2,1,1
f7be5bcbbbca0be9,8,1,26.899999618530273,2,1,1
db962715b54f889596fd5abd4b4af9a7f4089d74,9,1,39,1,1,1
e7e19d650ce86896,7,1,69,2,1,1
9b58441eff382dc1,0,1,34.900001525878906,1,1,1
c39e298fe815ddfa,9,1,378,1,1,1
b068d88cb2676de9,5,1,6148,3,1,4
2d234c9032c075fd,3,1,699,4,1,2
6c0d78984a4895f1049dfe1f133dc318effaebff,7,1,23.899999618530273,2,1,1
c54a3809075d019c,0,1,249,1,1,1
284a07b66e3f4e56ac59aaad66aec0a3124c24b5,5,1,9.899999618530273,3,1,1
a81acad8fda0f9cc,3,1,498,4,1,1
A1000055F0C144-18e29fd473e7,4,4,21296,3,1,5
2f23f1738d38e5045704582cde9a15555a7bafcd,7,1,5999,2,1,4
860187049170107-e40eeeb5f158,4,1,285,3,1,1
9586b224d41af99a,9,1,49.900001525878906,1,1,1
1cb7ba8aaee55627,4,1,589,3,1,2
a17f853dfbf45918,11,1,2399,1,1,3
bbd11374408ac823,7,1,6948,2,1,4
b174244c503b4227,0,1,29.899999618530273,1,1,1
a4a42f00161fc29e615f5a01efba1de61204639b,2,1,142,4,1,1
f57f72ca96ea8f89,1,1,239,5,1,1
f0057a0ac4512612,9,1,235.8000030517578,1,1,1
862604046035230-88403b99bb18,2,1,45.900001525878906,4,1,1
867977031272702-38e60a8942e1,3,1,228,4,1,1
fbeef52270af5fd4,7,1,199,2,1,1
45a833e0def37580060d9c775df7e2c1f5152db9,3,1,489,4,1,1
04d504c0fb0ab8c8,6,1,49,2,1,1
cb343573a1fe51a6,8,1,25,2,1,1
c27b216803667b63,2,1,799,4,1,2
61236ee3aea742a9,4,1,5046,3,1,4
19cd7440cc69a09c,0,1,129,1,1,1
f63e00dd9973d3d1243f9d3caebe73537246c27a,4,1,519,3,1,2
3f0ecfd9ab36787d,0,1,179,1,1,1
fe4417ce61c15478,11,1,1399,1,1,3
4f23a34d2205a581,5,1,6999,3,1,4
324e2dcf3000fd48,8,1,29.899999618530273,2,1,1
9872e51735e1ec20,10,1,59,1,1,1
a8b1127555a2ccec,11,1,3399,1,1,3
fbdc62f2731c50800003c49a64d4ebcf730c3b25,4,1,27.899999618530273,3,1,1
867475045641756-ac9232ef011b,6,1,99,2,1,1
76f7bb51360b463ac35fad90cfa008dfc55071c6,2,1,19.899999618530273,4,1,1
cee22c3b26c7347fc2b4059f5041742ca9e402c4,2,1,7299,4,1,4
868034049089600-bc2ef657e979,7,1,79,2,1,1
dca42bb0421abc28f9261330ca86592890d86ace,7,1,5999,2,1,4
9f97e450a596f1d87d9f16d39020605fc5a7e5fd,9,1,24.899999618530273,1,1,1
d5c31ec132a48668,4,1,59,3,1,1
975b5a401d74f6a5,9,1,108,1,1,1
861015048750943-3429124fe648,6,1,439,2,1,1
d47626e92d1f9db6,2,1,449,4,1,1
6be7e169d69bf4ef,5,1,1199,3,1,3
e6d217bf70810d7a,5,1,5999,3,1,4
b51e13a24decf5e2,10,1,148,1,1,1
b9784b167eee9b86,1,1,16.799999237060547,5,1,1
9ff3dcaa64c10cb3655f35acb8b3fa1cd091e344,4,1,203,3,1,1
84ecc4af38c5cf5f194aa8e590622987e891a9aa,1,1,220,5,1,1
ff368e9744483dae7df915843bc810ffce4867f3,5,1,44.900001525878906,3,1,1
e762d5550d38daa1,4,1,4999,3,1,3
92b6a7f9ed90d9cf,3,1,1199,4,1,3
77852ef777407229,7,1,118,2,1,1
96b0ce531d3e68ad,3,1,108,4,1,1
65dffe4e91104e8947ec049eb43357e1c8ff799a,5,2,15598,3,2,5
f0c3e4f5c7f3dfa8,4,1,86,3,1,1
ed3cc35cda69f23a68660cbeb7deb7e120100441,11,1,18.700000762939453,1,1,1
f8ce957177821e5526b3d3da472de8a04f3e12c0,11,1,19.299999237060547,1,1,1
994576e5561960bb,1,1,45.900001525878906,5,1,1
47d4b9ea424eede8,9,1,298,1,1,1
7b88be86c19a16d1,9,1,1399,1,1,3
3c6ab4a6852a3af9,11,1,199,1,1,1
40ab10e0793babaa,5,1,9299,3,1,4
477acf0cd03392938c63f200618678bf9f57c49d,5,1,1299,3,1,3
41b5961b7f22b187c94c477337377d39221435b8,4,1,15.899999618530273,3,1,1
18d87de97b223826,1,1,559,5,1,2
401a577a6cc40268,8,1,299,2,1,1
a23c24efa89fd8dab3821972326e8a206da19db7,0,1,799,1,1,2
d2b430b50094845fc634d44d05cb392e2a67f41c,1,1,12.800000190734863,5,1,1
67e04dfaa2450aa01b6f8cb7894aed2ad60923f2,4,1,768,3,1,2
aaf2fc3b6e9f4f07,2,1,49.900001525878906,4,1,1
7253a55be10e34ac,11,1,699,1,1,2
032c66c6ab340ea067801b4ba9ed4517cdc24688,0,1,230,1,1,1
88b95554fa8b8deb5b65d996af15f8ec3cb1131c,7,1,17.600000381469727,2,1,1
0f6c7f505bce9c29,0,1,69,1,1,1
868241047149654-60ab67c681a5,0,1,39,1,1,1
402210d236550be7f3a69e9e42fffe41c9cc49af,4,1,2599,3,1,3
96c18776f0d5d531,8,1,59,2,1,1
9d51820fd3dc538d,7,1,39.900001525878906,2,1,1
bc1a5084c294282e,11,1,105,1,1,1
99001405037442-28167f390889,0,1,2799,1,1,3
863872047746688-143cc36e1fb5,2,1,4099,4,1,3
867750046336394-d462ea81adb4,10,1,819,1,1,2
864119043830168-68a03ef149cd,1,1,1759,5,1,3
e632e1d2e6d92dd0,5,1,8199,3,1,4
49c1049dc75c32a6,3,1,59,4,1,1
45316162f48c949e,1,1,3499,5,1,3
c3cfb304b09f3ae594533d80b27c3efff9bd42cf,3,1,39,4,1,1
c8330e2fdeacf810ca1da2bd22e2050387277e74,10,1,99,1,1,1
9b2bc469b41190a6,5,1,13.899999618530273,3,1,1
2e9d9fc5caafd81f810aa1a40271e4de0323e40e,11,1,20.899999618530273,1,1,1
0c9e81c1bb2658ec,4,1,6599,3,1,4
f1598ec93a09e247620a93a62214a6dc45dbdba5,2,1,9.899999618530273,4,1,1
579448d8dc765055aeea24e3fcdbfd93fdd48635,3,1,7299,4,1,4
866667043667905-dc16b252319d,1,1,49,5,1,1
a3e1fce4a817cfdc,3,1,498,4,1,1
2d813623c910a0b5,5,1,2199,3,1,3
3c7792c33beeb92c,4,1,149,3,1,1
0ee453748c8f36af,6,1,69,2,1,1
f41620a7407223664d4bb142f67a5d11d5941712,4,1,2499,3,1,3
e040aebc4ea1756a,5,1,5999,3,1,4
3ac37940067375e3,5,1,1599,3,1,3
0f9d86a67f2c8d64,5,1,109,3,1,1
29af935b70935a025b8a12237a8fda6ff7e28734,4,1,5999,3,1,4
6d069cd1b7350dd87159503a66258a1ae200dcf9,1,1,2,5,1,1
2c2d235f85646c4e,1,1,86.80000305175781,5,1,1
e619c881a068cebd,7,1,128,2,1,1
53eb8c3717674937,2,1,49.900001525878906,4,1,1
3b606e9779db851e,10,1,15.899999618530273,1,1,1
2b53511873178eb38f367f300dbc89a5ba209789,3,1,36.79999923706055,4,1,1
5da4222cee558edf,3,1,11.300000190734863,4,1,1
b5004c2ae13095f6a928a2f4a408f034b961be90,7,1,99,2,1,1
ed3ee48e83bce3e8,10,1,280,1,1,1
864573049751325-283334903ea6,4,1,5199,3,1,4
55d9abd618a25f37,9,1,339,1,1,1
eafead057390b93e,0,1,95,1,1,1
08a5bba4b8545a52,7,1,58,2,1,1
a4212d415769766c6aeb749a132127dc38fff1d5,8,1,210,2,1,1
349f88a99a9385c0,6,1,4999,2,1,3
f6b528b3ea3c4cf1,7,1,45.900001525878906,2,1,1
00893727b3bfe164,2,1,18,4,1,1
5699909fcfb1a168,4,1,59,3,1,1
d6cd78b70c62f4e5,1,1,29.899999618530273,5,1,1
383e8c637dc5523cf988c8a2362b9017464c3d13,7,1,5999,2,1,4
569177e764fd33cb,11,1,239.8000030517578,1,1,1
d9f8d6cc91b6fd97,6,1,42,2,1,1
b298618c30935e60,8,1,69,2,1,1
027b5b85e367da63,4,1,35,3,1,1
f225dbc051ed2aa0,5,1,23,3,1,1
133d112357581fd1,6,1,539,2,1,2
bedd94351ec008d8,4,1,7039,3,1,4
28366b77d844cc58882668b77638c3cbf141c3bc,5,1,568,3,1,2
f822b296fbee4fdeae3629ddaa3d536e1d4ebb31,0,1,129,1,1,1
fa8fd1b7eddad25e10b1dc369f25b81a493d3c19,9,1,19.899999618530273,1,1,1
866228042837047-b89436b92f4c,0,1,88,1,1,1
97d5acd4dbbce282efb4555e7afae95ce1ad4abd,0,1,19.899999618530273,1,1,1
5c8ddfd1205e3f34,10,1,189,1,1,1
523c25b385139518,8,1,268,2,1,1
0d00247d183b17d730093b84dc0bfba693a9d0cc,7,1,499,2,1,1
7ac15bef9b94518c,3,1,949,4,1,2
862771033499966-a4caa0c6028a,11,1,1200,1,1,3
b949569849284c58,3,1,728,4,1,2
861104042928562-b8c38516c794,6,1,388,2,1,1
868217040840895-a89ced21252f,10,1,69,1,1,1
869803042954039-88403b3fac66,6,1,169,2,1,1
864452047609662-20da22414676,2,1,269,4,1,1
199cbf7d2b992b5fdffbe2bd8d7e71f0515750c6,1,1,259,5,1,1
d96882bb16d81970,6,1,11.899999618530273,2,1,1
78d49af4002ffad20adbe6e58fe683a4f2522467,6,1,7999,2,1,4
09c83f4cb930f651,5,1,2599,3,1,3
74ad3e7e8f7688e9b93f7d86b7ad17d63c98222a,2,1,39,4,1,1
5162c1907e60c4481dec7794af666c8354925a60,11,1,399,1,1,1
61017f663711f142,5,1,395,3,1,1
2fb54e069006c885b2b43ae7df1447e358b9e07f,4,1,2199,3,1,3
713f6eab0926ae92,5,1,68,3,1,1
56fbea5d1397e81bd2fd6d3e1f193c70d12f79cb,2,1,97.5,4,1,1
863157045220005-8c5ac1b07446,4,1,28,3,1,1
860445046771479-3479163b0e66,10,1,139,1,1,1
862006040162392-a4f05e165e05,7,1,29.799999237060547,2,1,1
f8322224f790c209,4,1,700,3,1,2
a4049d3f8c03d72879919e0fd9103556322d5f04,7,1,12.899999618530273,2,1,1
9f381c40f9726073f061e9cf2ec5a15a4f8fda6b,2,1,99,4,1,1
159d89fd07af22a0,5,1,2599,3,1,3
6ad25c014f11d11eefa02d88b1a1c6ddc96e0754,5,1,128,3,1,1
27aea766db75ab3853920584ee99b337d9f89aa8,2,1,6599,4,1,4
8929acb5066045a3,0,1,119,1,1,1
120e2a2772167206,4,1,88,3,1,1
40c9c60ed979583d50f84bc409fb0dfac6b288d4,7,1,25,2,1,1
a1b35bc51b0fd4e0,0,1,149,1,1,1
86ea33e2ad1a45fb3d4ced542185c2d1e1282204,5,1,2999,3,1,3
862407047485499-20311c94b01b,10,1,239,1,1,1
f3cfe626234fc41ef00634f3087123dbffc0f444,6,1,149,2,1,1
d8204b45eef768d9,1,1,79,5,1,1
417cf9f83047f929,11,1,57,1,1,1
bd0d4ca15c3160f0,4,1,29.899999618530273,3,1,1
de4ecd5b5548bb032ba87c9eef8848f4a5a2462c,8,1,159,2,1,1
640ffecd7dd714d1cdce65d1856464f846c33a83,5,1,59.900001525878906,3,1,1
177babe3466b84db,0,1,94.9000015258789,1,1,1
01d9a16539393f83,3,1,499,4,1,1
869211049068656-5c1cb91e3929,4,1,1899,3,1,3
ce10e0e32648397d,10,1,39,1,1,1
d1fd52e6ce30e6368e522d29e38cb825ff6e9ba8,7,1,529,2,1,2
f379881e1b33aa0af2904c19dc5c6d09e90737e5,0,1,21.799999237060547,1,1,1
4a5d292d23bd94817596685f4e1ec567ff5a0163,5,1,199,3,1,1
5e3dbdb89e3794ca,8,1,200,2,1,1
7215db735821ed8e,5,1,169,3,1,1
3922bc14d43c0f7b,2,1,158,4,1,1
a4e556fb313b04586de844d03415041246603d11,11,1,18.899999618530273,1,1,1
e1cef99abe8ec743,11,1,49.900001525878906,1,1,1
05929697ccc4051d,5,1,899,3,1,2
09f30ffb47f508036b78dc44fce97387d30231b6,7,1,128,2,1,1
867600046875018-e0dcffe7e513,1,1,69.9000015258789,5,1,1
1be465f7ea9b248b,4,1,2399,3,1,3
125988d6619822df,4,1,5999,3,1,4
3712cee062a19c27,5,1,5999,3,1,4
9730f8699a5081bc,2,1,159,4,1,1
a5130a67bb4de5eebf595c519bf3d0553ec58236,3,1,139,4,1,1
7be0b4fa8e97abd0,9,1,129,1,1,1
ff5c1e764a1a34151e1211dc2b521b53a65ef76e,4,1,5999,3,1,4
3486fb96ccc82380,4,1,258,3,1,1
43f27db5ca9c8aaa,2,1,15.800000190734863,4,1,1
189d1a706049565fb120cbb4c7b4a4cc3da82e8f,6,1,54.400001525878906,2,1,1
165729b17bb0b56706b215a081ab4edd79bb2842,3,1,25,4,1,1
af895d0583df3189,1,1,109,5,1,1
54a17bcf38f8d720a278a8abc791cfc6fd1f7f0f,5,1,39.900001525878906,3,1,1
edfbac8a86b2a05f,4,1,82.5,3,1,1
cb754528b2f4eddb,2,1,149,4,1,1
5bd0913c2c9c1052,4,1,1,3,1,1
f9547bbb2dcf9885,0,1,2500,1,1,3
75bc9e99595fe8e9,6,1,49.900001525878906,2,1,1
1984addc91b3fe354a66be76cb74bc2ac7944475,0,1,3.9000000953674316,1,1,1
a11dea0ac52e976abec562bed73583af4923dfae,10,1,2799,1,1,3
0c96794a4d859c37d3970a3a27fcea602214cec4,3,1,88,4,1,1
867884036168929-90f052a470ac,0,1,29,1,1,1
869431047679482-549209179f9a,8,1,2278,2,1,3
47c26d59f7aa20ecad90dad217b64a988ce84d19,4,1,279,3,1,1
4d864e05d062641c5afed58914ee176da534d496,11,1,536,1,1,2
04d5c09f916bf093,6,1,47.400001525878906,2,1,1
41ef4c87f884c189,3,4,12003,4,1,5
33afeb0ec42a0144166e6c9057561b692258accc,7,2,11998,2,2,5
869037043812702-143cc36aae73,10,1,39.900001525878906,1,1,1
3171a14ae7229fb5,10,1,115,1,1,1
fc875dbe454f895fc224a4b52e86bc5ecfe25027,2,1,39.79999923706055,4,1,1
72a92b937ee20435,1,1,126,5,1,1
64142aafc6cf4cb7,6,1,291,2,1,1
2a2c39b7d41fa9d5,8,1,1399,2,1,3
868660043518184-30a2c212bc97,9,1,35.79999923706055,1,1,1
84b3bf41e81584ac5883c4b5b359308c680e3cfe,5,1,9.800000190734863,3,1,1
c13e04fb892e017ff5a5f218e2a5179c5cedc8af,4,1,3199,3,1,3
30c264d4a73dd645,0,1,36.79999923706055,1,1,1
863525044488486-f4bf80692c4f,5,1,2699,3,1,3
f7b6ae15f20f4b8b861ce2894dd6e6c92b2084e4,7,1,26,2,1,1
a09d7e72114222e7,8,1,109,2,1,1
867177039750359-104400a628b7,4,1,2599,3,1,3
26f4312b6ffa3451,2,1,85,4,1,1
6a6f54fbbb5cefa7,6,1,458,2,1,1
c80205695b30847d,6,1,189,2,1,1
805aacd4e85b2777,8,1,229,2,1,1
e0136bc05d193ca5,11,1,99,1,1,1
b053691900c365f2372f2aa197c1fb8c6e72bcae,7,1,299,2,1,1
b233ff7ecde4e2a0,4,1,739,3,1,2
85f7aff6ed9722eb,5,1,159,3,1,1
f7a375ea89d1bec2,5,1,8799,3,1,4
862733046665025-24da333360ef,2,1,78,4,1,1
9c5afb0320a30508,3,1,6799,4,1,4
9576d092a9332129,4,1,79,3,1,1
510a9ea80ecf498c,5,1,15.899999618530273,3,1,1
897a002a34ed642dbef02b323810a4ca4fad5210,9,1,179,1,1,1
862522045927944-68a03e10fdc9,9,1,149,1,1,1
58f48e310b64b0a8bbfb35f81763cd698c571a8f,5,1,369,3,1,1
b53d084198707ef2,4,1,79,3,1,1
868630047024174-488764dac1c3,8,1,269,2,1,1
e9d60122bec6863687f1c0d38c8045a3e4e5918f,11,1,19.899999618530273,1,1,1
3c053676c83e4d3c,4,1,15.800000190734863,3,1,1
867377042828008-e4fda1c5d3f8,7,1,13.899999618530273,2,1,1
a40cc0ef6f936700,7,1,5999,2,1,4
a1017071bfd0e923,4,1,58.79999923706055,3,1,1
e54146fb97a1d500b84669727519bb23654a76ec,8,1,1299,2,1,3
1429cbb82c0d7191dea09777e8d29c0124f75322,3,1,189,4,1,1
30664fbd88190ca6,3,1,499,4,1,1
1aaa1f05b9b41446,9,1,29.899999618530273,1,1,1
861348044030311-e0dcffc58f37,7,1,238.10000610351562,2,1,1
3960dc3d046814f6,10,1,20,1,1,1
d61aab7bde8e2596,5,1,1099,3,1,3
fe87ebbd57d2fd4e,9,1,99,1,1,1
7e1af79573b3acd7,1,1,69.9000015258789,5,1,1
c634c317c2f3dd4ae48f25ff35eaf4f2e17bf8d5,4,1,199,3,1,1
6666263aee7e8046,4,1,67.80000305175781,3,1,1
740115c0da278b6e0db316ad6b4ab80fecefa424,5,1,1299,3,1,3
99a226878a274f67,6,1,45,2,1,1
5ba8a2abf1539cbc,10,1,7899,1,1,4
5d36b565702c4de6,6,1,59,2,1,1
123e0683b91bd984d465a3282a0a0d48e37d44f0,5,1,79,3,1,1
eb542f9ec019851d,3,1,49.900001525878906,4,1,1
e90e546f1a1105cc,11,1,269,1,1,1
f5a360f775aaf6fe,8,1,42.900001525878906,2,1,1
c92099509d247051,10,1,103,1,1,1
7cdf8a05c4928d0a647f764c30ea65c3ce100ba3,4,1,139,3,1,1
d7b53c767a3a29df0d3bbdb3c0b87966d2657985,4,1,5999,3,1,4
b26d45ee0d2c5cc3805d469c3bc91b9e755a2470,5,1,899,3,1,2
b1964a5a7c40a3363c9ceb1feb3f8257f7503166,8,1,73.4000015258789,2,1,1
f9221d54e9cfb7bb68574f8e994e95c9aae902cc,9,1,14.899999618530273,1,1,1
30ce11d4569405cb,10,1,68,1,1,1
2a51f6d055a4f639,11,2,1500,1,2,3
5bf931eea681a187,11,1,1799,1,1,3
c9f8c83b4fb780085d870b5d51b99abd9c6096b4,1,1,999,5,1,2
68fdf9bfed7b8d2d3b81d93952e76a556bd86ddb,6,1,1899,2,1,3
b8e9a563eba8fa11cce54af502e7a3a2017f5ff1,1,1,89.9000015258789,5,1,1
91b9a13cc11d035e,11,1,111.80000305175781,1,1,1
868204046111919-20f47805e095,10,1,239,1,1,1
8e98f0c2300df219d7e771f12e6e08f96f8aef57,5,1,158,3,1,1
dad1e8f1ec0c6722,4,1,138,3,1,1
4c13f518295bc7a0,5,1,7499,3,1,4
e37add7081345bca,2,1,108.4000015258789,4,1,1
bf30310589437832,1,1,89,5,1,1
82cd6dda2766b623,11,1,21.399999618530273,1,1,1
d8d5368e76ba1a5474b2791f4387e41e7f3a1881,11,1,69,1,1,1
fad8591f2422bf25,5,1,5999,3,1,4
4093fc9826744155663c422b02576b72b63f0c19,7,1,5999,2,1,4
862733049332573-24315429f951,11,1,85,1,1,1
53b775508aa4f658ac2787996e8785922f563b58,8,1,488,2,1,1
861267045747535-68a03ef9c179,2,1,149,4,1,1
47edfb046f0c63640223b3326b242545f519c0f5,6,1,51.20000076293945,2,1,1
b855320d47a4993e6f99f61a4a9a8fde7bff4eec,5,1,4299,3,1,3
23e9d793a1997f2c,7,1,55,2,1,1
0967e30f6c07072601f9547714330be30ac33f10,0,1,8799,1,1,4
e52989f15c8c41b9dc26fd18dd7c064253b82bcc,3,2,19998,4,2,5
0aa9826a0637d7366dca4e59a14d8ab6d81c0da3,5,1,2599,3,1,3
48efcac0948f9c33,5,1,112,3,1,1
8644bd76fdeb81a7,2,1,60,4,1,1
d5303d2abc7a82f75425f0052f1ed75200a23f4e,0,1,1099,1,1,3
423e6f1f078305d184ad80b2042430fb04ab223d,5,1,189,3,1,1
fe88b19262898388,3,1,4899,4,1,3
861761047481010-d016b49d09c0,4,1,139.89999389648438,3,1,1
6519742e2cf65f5eb95889c38f85cde86926fd1a,4,1,210,3,1,1
2fa221d272768188,4,1,5099,3,1,4
3e61e048a61d624d,0,1,159,1,1,1
dc71267c9522e990b4c898b74a6b1880234e7943,7,1,8799,2,1,4
1b852395a59d3e9bc0f88b312dcc3e280d6c47b8,0,1,39.900001525878906,1,1,1
83b8ec1edce8553e8432933d8ae980a2aebc49fe,4,1,270,3,1,1
c3db4f4c56c2fc2cad9e99d9bd9f15644390eb83,5,1,1499,3,1,3
906c9231dd3b98e3,2,1,5999,4,1,4
c2d591850d0a5baa,4,2,778,3,2,2
2a574a255cff7bdf,7,1,158,2,1,1
861607043113992-18d0c524e3c1,6,1,139,2,1,1
84050aee70b46ad5,3,1,159,4,1,1
a5482aad76bd7a14,0,1,199,1,1,1
1bd52e6a19a1bb55,9,1,24.100000381469727,1,1,1
eaf395748b818b805965f9c65acd2b203ff515a4,4,1,99,3,1,1
0b1d7d1be4b12b8e,8,1,164.1999969482422,2,1,1
2106a43ebea4c3c43a8682e9e8f980183af89a60,11,1,1649,1,1,3
0801a378e6ebe017,4,1,129,3,1,1
ee5feb2959886fc477dfbddfa8d7059905c60ce7,11,1,97,1,1,1
1e7969bbf833f66c,11,1,188,1,1,1
6c0d1a83b54f683a76ab129e49c1dffbdf689521,4,1,195,3,1,1
A000009D2D7E9F-48876419ffe7,1,1,149,5,1,1
284d34dfc1d06c4b,4,1,139.89999389648438,3,1,1
69cb6d739826039c,2,1,2799,4,1,3
98f7eaf7f6bb703d,11,1,59.900001525878906,1,1,1
0f83f0bd02d9297ed9ed392b761db70582913a50,8,1,4.800000190734863,2,1,1
f24a0a58c5537c21976b9acc27f1a40e6adeac6a,3,1,499,4,1,1
acda0af5a3ce3ced1a4e9b13178bb574ab897c1a,6,1,720,2,1,2
862169044356848-745909c6e209,9,1,7399,1,1,4
fe2de14e25b455f0,5,1,6999,3,1,4
64b909d14cd87eab,2,1,49,4,1,1
a66026c176b222d5118ab495b02f2d30a372714c,2,2,136,4,2,1
865959041742744-e40eee749455,4,1,49.900001525878906,3,1,1
7b7629d3c2ef18c2,4,1,1499,3,1,3
67aa3b1ef94dd020a94a0b2107ac2fe9f677a4cc,4,1,2799,3,1,3
072a90a77d3ff9ab,4,1,25,3,1,1
0b3c68c1feb5adb8,6,1,60,2,1,1
f9274b772cb70f8ce51b3ade54d8f58205bc4aa7,4,1,15.899999618530273,3,1,1
ef2dbae410052e38,4,1,299,3,1,1
ed4be138e77bd39c,5,1,3599,3,1,3
868778042215881-044a6c0e996a,5,1,119.9000015258789,3,1,1
18c42d3f98cf6c5f,11,1,29.899999618530273,1,1,1
1885820f9d4d28a3,5,1,87.5,3,1,1
7769d351ce5d527601b4a2a4a66f48acc4148884,5,1,99,3,1,1
239d3d5db2f5361e,7,1,98,2,1,1
b663e2dc847fe0c1,5,1,2799,3,1,3
c7927e725d2d99f9abb879f641cdee0db14e0d2d,10,1,26.899999618530273,1,1,1
64cb31ac385748c3,0,1,168,1,1,1
29119a070054fe10,1,1,18,5,1,1
869917045280349-eeaa6abd8c61,1,1,168,5,1,1
869803043679676-68a03e38ce84,4,1,26.799999237060547,3,1,1
864190045968546-b4cd275878bf,9,1,127,1,1,1
11b25ea1a68e023004108d625b023116be768ec9,2,1,49,4,1,1
860046034125353-020000000000,5,1,128,3,1,1
524fa8217df59ba47584c13b84a8c7da8c9aede5,2,1,2699,4,1,3
ceea933a021f367d4cb02676c952b396bc2fb6a0,5,1,3699,3,1,3
dee12d8bdc67d01f116162828d6c987f64885b02,9,1,69,1,1,1
d83637e00fa97cf1,1,1,6.900000095367432,5,1,1
f333676a2c605e86,1,1,299,5,1,1
2b14073c288077adc423b722ab93f862fad4f0e2,3,1,169,4,1,1
bbd970b0cddd38a59431eb119c1090da50249e9d,2,1,64.80000305175781,4,1,1
278612b7919f90e3f11cf455da772362bb622470,4,1,319,3,1,1
2ad267528b4c7841,11,1,49.900001525878906,1,1,1
351564166264812-0800276ce6a5,4,4,21296,3,1,5
d3da0b8fccadc09a,8,1,11.899999618530273,2,1,1
a53339aa96a439ecd75becb93024d39bfb047119,8,1,69,2,1,1
2f35b70feb8175f1a0c25c2938217d31e16a8442,10,1,122,1,1,1
862312048014522-20da22376c20,8,1,59,2,1,1
7ae542164c0a82e7,2,1,2684,4,1,3
866937034096830-3ca6161c6ee6,7,1,15.899999618530273,2,1,1
fabb4a196ab12105,7,1,279,2,1,1
31f68299451f943f4009e7998ae82b22c1c0fb95,5,1,1199,3,1,3
860726047771760-24fb6550aac8,7,1,49.900001525878906,2,1,1
13da9f942cb15a1a594d2b687e572ba44bbde5a6,9,1,949,1,1,2
867076043270844-e43493b94f87,2,1,139,4,1,1
d70791a201317bca,10,1,3999,1,1,3
868906044326113-24da33bfd744,2,1,300.29998779296875,4,1,1
4503fbbe3f06787a750ab2d71c39d310df36b27d,4,1,167.10000610351562,3,1,1
80f0a559cb285372,9,1,3299,1,1,3
c326d6579ea187cd,11,1,15.800000190734863,1,1,1
d49a9f3541eaed74342721e1ef1d4db22003b63d,4,1,168,3,1,1
2019721a35b81dc26dd31f40aab13738181d1ad6,9,1,199,1,1,1
5282e083331d0883,3,1,219,4,1,1
860427040873550-0c20d3f9dafd,6,1,1799,2,1,3
3c534ea8c17daacd,0,1,1599,1,1,3
dc00d6a4ca5ca8eb1490a8dd0e56de76db6d1e5b,4,1,1899,3,1,3
862725043636652-18e777658aaf,1,1,939,5,1,2
865588048387151-f4d6204e34a5,3,1,7.800000190734863,4,1,1
e01c16cda7f88fa21b785d307b1c2517e0143252,2,1,149,4,1,1
3647f0afec039767,2,1,4.300000190734863,4,1,1
861080043689207-a8e5447ae163,0,1,12.899999618530273,1,1,1
688690c8eebec875,4,2,27.600000381469727,3,2,1
c5ec9e74ea66d4396c1cc0463837e9872bdc4d3f,9,1,89.9000015258789,1,1,1
ee495f75ecaf7cb5,0,1,1899,1,1,3
f4dd0f9eb7b5f124,8,1,25.899999618530273,2,1,1
6fac78226dab227261abb47286911ac2d5aae934,3,1,35.79999923706055,4,1,1
e45580be5c114b0a73759634a073d373b2ac3fc1,0,1,40.900001525878906,1,1,1
e890652cd03ab8c9,1,1,2219,5,1,3
a122ad5a4e682df0,4,1,48,3,1,1
869498030782011-9ce82bbeb68d,7,1,6799,2,1,4
860960046910158-10e9539da3a1,8,1,50,2,1,1
7a99abf0f2233e9c,9,1,24.799999237060547,1,1,1
7885ea50382720b0,6,1,13418.900390625,2,1,5
e0bb03184deb1284,11,1,78,1,1,1
243d6dedc1e207b3,1,1,69,5,1,1
6f64cee57a9b6da4,2,1,7999,4,1,4
8f11aa43915adff5,4,1,379,3,1,1
946bd7459de8a737,7,1,19.799999237060547,2,1,1
5c3b409757636995,4,1,29.799999237060547,3,1,1
1123a473acd13d59,2,1,119,4,1,1
3bd3db274ec0d2d2,6,1,238,2,1,1
b0894ba6359542d1,4,7,8,3,5,1
74445bce9ef36185,4,1,138,3,1,1
915a762d57343464b38ee792e578bf806dd83786,2,1,5999,4,1,4
027b9210b4183300,9,1,105.9000015258789,1,1,1
f91ee3c03d76e89e,6,1,2999,2,1,3
702aa7ef394c027357a9eecd4c34f4ffd5b7fcbe,4,1,369,3,1,1
528dfca74f427907,0,1,18,1,1,1
29cfcd2e034d6672412bdd6bf37d1939591f71a8,5,1,50,3,1,1
862502041548001-c406835472b4,5,1,17.799999237060547,3,1,1
aa564a7382924a60,2,1,2599,4,1,3
f31e9f8630581a1d,7,1,158.8000030517578,2,1,1
853a981ce21c55d5,0,1,35.900001525878906,1,1,1
7f28e318f94b085f,0,1,129,1,1,1
869720039812790-9487e04ae0bb,6,1,4.980000019073486,2,1,1
6019950439563f4e,0,1,11.899999618530273,1,1,1
f137c565baa04999,0,1,119,1,1,1
50c17aec2dc6b636c2f521503572ebb67bfb9b9c,0,1,67,1,1,1
520688df7190195f,7,1,49,2,1,1
861573047058932-9cf5319a96a3,7,1,89.9000015258789,2,1,1
24853bfa4455a3f3beabda4b257f2bd08d747b7c,4,1,1599,3,1,3
5949603c785668a6,4,1,219,3,1,1
c421f0dffcc9a9f6dd09428d0dd4f68f3e8821ce,3,1,7.800000190734863,4,1,1
8eb6ab5cc6980dcc4f90d4902e1b434b1d0c3184,5,1,5999,3,1,4
3f3cf2aba5045db1,11,1,9.899999618530273,1,1,1
f1bc2152ef898c68,1,1,99,5,1,1
983f60dfef463fa3,5,1,99,3,1,1
905f803d2fbdcf3d,1,1,149,5,1,1
01c811da566fac9fe55b7e79070522526e776908,9,1,1990,1,1,3
5131f8359279698bd39925be08035d0e459758a4,10,1,1,1,1,1
8c142238e0e4ec57,4,1,218,3,1,1
b8263350465687d5,3,1,14800,4,1,5
869496034828210-3ca581753843,10,1,23.5,1,1,1
c7065d3673be0fe0,7,1,22,2,1,1
b3b72ae43f43664ded58f78fe49a0ab70d278c38,10,1,28,1,1,1
5eb3617f371cbbd3f6c8b305c27c7b257613ed17,8,1,59,2,1,1
d6594b8df1d09c854cb9b7344e97ae971f687cb2,6,1,69.9000015258789,2,1,1
5311286a44cba586,9,1,268,1,1,1
ae9bb639c0dc1c03,4,1,1099,3,1,3
65dde8a01a8f3f8e,5,1,119,3,1,1
0d0ec9238e2b1127,10,1,2499,1,1,3
931a4308326ac5fac1492f6e5eb2a0d535c68468,5,1,469,3,1,1
861669047969894-d016b453ef0c,4,1,2998,3,1,3
863563041776041-24fb657546b5,0,1,199,1,1,1
b6407cade98cb991dbe5ab3ec6817a3ebac0f935,7,1,19.899999618530273,2,1,1
21eee0eac1e16d89,1,1,119.9000015258789,5,1,1
027680eeee01abe42a8df56113da223cdb60329e,3,1,6799,4,1,4
24cda9aa94fba70b667724eebc578b1860354433,7,1,4399,2,1,3
861144041032875-f460e26aa6fc,7,1,134.89999389648438,2,1,1
84f420391cd4f52e,2,1,999,4,1,2
8fcd7cede2d928d1,5,1,39.900001525878906,3,1,1
cf050266e0339274f40e008de9d88174a981cf33,1,1,849,5,1,2
ef8bd938bf1d743f,11,1,69.9000015258789,1,1,1
d0506695471f282a,5,1,7299,3,1,4
2cdbf12efbe1bf0a9c252d1613e6179c5279c4bd,1,1,75.9000015258789,5,1,1
264438e9ff7a5850,11,1,299,1,1,1
867492040686470-3c86d166afa1,7,1,128,2,1,1
6a5d6801cd0b9e4264a7aba1c57735e319443299,5,1,12.899999618530273,3,1,1
2d213de3badcd8b7,3,1,699,4,1,2
7989ee26358b6504d907f2b7b63696ce22e42a49,10,1,8.800000190734863,1,1,1
85045121f1d32768581a5d7a7549217bc86fb26c,4,1,1088,3,1,3
5180650674d7febe6fc8fa1c00c0b8d334463ed3,2,1,19.899999618530273,4,1,1
3b0cf7c549916105,6,1,568,2,1,2
1fbe12e65a8acdf42862be2a1ef736afa986b201,0,1,48.599998474121094,1,1,1
8bb36cea1580f53d,2,1,59,4,1,1
218e7ee5f0eaeb97,9,1,25,1,1,1
93be0e45dba3ce44a1682d7688fcd31c44601b8d,3,1,141,4,1,1
aba5814150e5ab62,2,1,13.5,4,1,1
e91fcc80a64bacfc,2,1,39,4,1,1
58800ea028717fc6,6,1,2599,2,1,3
bf9e4ae436ce8ef6,4,6,34194,3,1,5
e24510275b2bf08b,2,1,216,4,1,1
99001235152855-9487e005b8ee,1,1,199,5,1,1
877480d422fc19d2,10,1,229,1,1,1
201180135209b611c54835df662246de0b64712f,9,1,24.899999618530273,1,1,1
2e620afe5b81147a,1,1,599,5,1,2
866922044178158-c4e1a1ba04f5,5,1,6799,3,1,4
834d1c328728c7bd,6,1,69.9000015258789,2,1,1
e4af537aeda6276b,4,1,16.899999618530273,3,1,1
3354e28c9cd6dd00034245bec710e70dfd9672e4,10,1,126.05999755859375,1,1,1
c7ffc1cb6e58747c,0,1,85,1,1,1
a4783d9774da312c914f8d5e18ffc627268681a3,10,1,11.800000190734863,1,1,1
0e78019380604874,5,1,549,3,1,2
e9a36d08a418fc98,5,1,11.600000381469727,3,1,1
ef04b2060899c178b10040928b9f4bbdc84a3b01,0,1,431.79998779296875,1,1,1
bb8ecd70919ce5cb9119aafa8ca57ad4bff06577,4,1,10999,3,1,5
862638044381519-58c6f09a4b69,5,1,685,3,1,2
d5cba80cc664d3b9b34c5bea8f6e1f991fdc3f35,8,1,128,2,1,1
2c207d19ba5e5de3,4,1,169,3,1,1
532ad68a6494eb59,7,1,899,2,1,2
f45bfcd689a900ed,4,1,69,3,1,1
19126e508e29cd0e,5,1,6699,3,1,4
c5f5651c8c5697fb0ab79bed2fe81d368fa64d92,2,2,147.0999984741211,4,2,1
0ef34ac378002c3ed589ba36ed06d2605989b376,7,1,38,2,1,1
0e276db86da60a92bb9b1f3d6c31c0f163166f0d,9,1,426,1,1,1
dee1cb553183ded3,4,1,6799,3,1,4
c6f06b7d6cb9695369e0c5cbe60a2c5a3115e8cc,8,1,1699,2,1,3
f58fd43c4360663efbf2ba5eb60d659bf4cd060f,5,1,2028,3,1,3
a6fe816c03bed72a0d8b2dc9ac45bc578a21b6e2,9,1,24.200000762939453,1,1,1
e45ac0f7002e9b94,11,1,9199,1,1,4
6966c70825e4c677,1,1,79,5,1,1
869496034484378-3ca581763ff3,3,1,35,4,1,1
a509d628496c7944,9,1,149.89999389648438,1,1,1
e3635888471e3141,0,1,29.200000762939453,1,1,1
f414da4abe48d81d,1,1,24.899999618530273,5,1,1
ec2f2617d8d2f0d9,7,1,59,2,1,1
41794e7e52825f1e,9,1,49.900001525878906,1,1,1
c93607e3d72c9ae71a14a28a3fc2c6094c6e4de8,5,1,3999,3,1,3
cd227c8422330119,4,1,11.800000190734863,3,1,1
f558da4f7f3d790b9641074c98f75c532d4de668,7,1,99.9000015258789,2,1,1
868608034484890-74d21d22f7c9,5,1,129,3,1,1
5ce4b827eeec47a6,3,1,129,4,1,1
9295f76cde177335,10,1,69,1,1,1
84ece5b9834b8b14,7,1,298,2,1,1
6551f79b58e1409ba7b3418be6e91e74dd58fbae,4,1,88.9000015258789,3,1,1
71d1339e92f07154,1,1,45.900001525878906,5,1,1
88d8c634c600125d,11,1,149,1,1,1
867103044958183-68a03e556150,1,1,39,5,1,1
83d62d5f0b2a9b8e,0,1,31.25,1,1,1
860198046614179-b8c3858c187d,2,1,3699,4,1,3
70e95a760fece7dc,0,1,409,1,1,1
3f09cb4367c1d5595ca242f533a3fd84a073b0a0,5,1,3499,3,1,3
4bfcb8811a449571ec871e6bc5c1dc60b7ef31c0,10,1,699,1,1,2
562fe41a2254b854,0,1,99,1,1,1
0b5b0c7bd43ca44021d6c8a4ce5ac7556365575b,4,1,25,3,1,1
42f63e16ae7e1f32,7,1,288,2,1,1
ca5427ef4fdd8534ac77e12734a4f9b2db8b1319,7,1,39.900001525878906,2,1,1
45ee64c1562383d1,1,1,109,5,1,1
f4872572a44cce56,2,1,11.800000190734863,4,1,1
d4e63e290c9eeacf,8,1,329,2,1,1
acccb7bea7828388,7,1,59.900001525878906,2,1,1
ec99584ec099795c,8,1,88,2,1,1
ed27f95e18014e26,6,1,70,2,1,1
82d9bc5d5e97e8f4370b39afbb2acf0d4c22ea9a,6,1,1788,2,1,3
c509cf21a73eafff473bb24375b9e9e83592d88a,6,1,29.899999618530273,2,1,1
6bc153ba7067b35c,3,1,49.900001525878906,4,1,1
5848daf2cda4403d286c285e0fc65724bae83fc6,4,1,5899,3,1,4
8247f51a4f07f145,2,1,163.89999389648438,4,1,1
d01eb59b5f5ebf78,7,1,199,2,1,1
f7924911fb390de27b4aa16c79df76f5b765e362,4,1,1099,3,1,3
6d2d61e1274a381c,3,1,13999,4,1,5
2b902081062f1df7,8,1,299,2,1,1
d8611464b4447077,4,1,129,3,1,1
9ed35d3a38ab3bcf,3,1,28.799999237060547,4,1,1
356c528e36bff74f,8,1,248,2,1,1
d5fde41a1dee83c5,0,1,29,1,1,1
61e2efd39af4ddc2,10,1,149,1,1,1
867586046432837-549209a794e6,4,1,25,3,1,1
867029044560804-ec56234d75f0,4,1,4999,3,1,3
15c75e2499134d14,5,1,25,3,1,1
e71e93ac3f8bfbe7,3,1,2499,4,1,3
3ab060c01c323d98,6,1,47.79999923706055,2,1,1
230504b95a92c0f8,0,1,309,1,1,1
9ae2dbf269ed51f3,9,1,29,1,1,1
cd81d5eaa5f33db4,7,1,36.79999923706055,2,1,1
91811c34e256d1fd,3,1,169,4,1,1
db40793cfe312caf4241daef0c474f9c73053e4f,7,1,749,2,1,2
fe4458e06946860d,9,1,429,1,1,1
e6db7754bcce087f1b833da74931c263745bcd66,10,1,129,1,1,1
865787046719346-7c03ab3b327e,3,1,2499,4,1,3
584f297607b52143,7,1,6148,2,1,4
ed9e38d7dd224329,5,1,1099,3,1,3
3b66cb4e03f15367,0,1,569,1,1,2
32808249b8e4f061,10,1,20,1,1,1
51c63e5766d59251,6,1,219,2,1,1
5c1ecadce004b21e55004a4bee2977805882a87d,5,1,48.900001525878906,3,1,1
94a07dab6cd88d65c25aba78b6d3574a40d517f1,0,1,1309.7099609375,1,1,3
862780044144354-0c20d38a7e3d,9,1,190,1,1,1
fa1237538a2ff957118d8e7da2fff1ba9446dcb8,3,1,1099,4,1,3
06348aa7db5835f5,0,1,60,1,1,1
1bf1fbb6d0d7d63d,7,1,69,2,1,1
6ed846bf94d1a815,1,1,3199,5,1,3
867684045344226-dc16b2d1f836,6,1,34.900001525878906,2,1,1
4c02f5435ee46c02d5136506189c890eee4c8e66,4,1,2999,3,1,3
8594603194b252e1,10,1,3999,1,1,3
fbfeb5da1a0919ff,4,1,329,3,1,1
c418d445f6fd36e2,5,1,3950,3,1,3
e7ce92fd63435c8f,2,1,68,4,1,1
219573e8715fa8612254ecc609f10a99fdc6a90c,8,1,99,2,1,1
e38557cefaa1d8a9,6,1,2399,2,1,3
ebae85ea5138fed3bc91b9d7233088b887abc84d,6,1,499,2,1,1
ef23256e172c606eddbd2923d1f0ae26c8e38d57,5,1,54,3,1,1
869431041613248-4459e356fab4,5,1,78,3,1,1
8c096c7f604d614b,3,1,36.79999923706055,4,1,1
9b5f49d45a24f6bc,5,1,298,3,1,1
dbf91565f230e24132a15e8c920453fc8abaf164,3,1,129,4,1,1
dfc05d403f53a2387a281085a74a585fb10463c9,0,1,80,1,1,1
0802958deeb167d1,0,1,24.899999618530273,1,1,1
ae7068d024d814ca,9,1,99,1,1,1
A000006E9FA782-70d9233f4fb0,11,1,528,1,1,2
867676046569173-044a6c2ca66f,3,1,39,4,1,1
7cb1b6b77da6ed7d,0,1,39.900001525878906,1,1,1
9bf6e2eafa7fd83d23820963d01b5da7a7c628e9,7,1,129,2,1,1
fe29b5f363b8f3f8eaf19ee65e0b6e279f8e625f,0,1,209,1,1,1
34d80ecf11fe53a36d68f0581d0bf5c458ffe757,0,1,118,1,1,1
fd5df902e2a3282bd132e4916036781fce20a096,4,1,168,3,1,1
c12f7b489a421ae1102fbc2dec92443b1093a843,1,1,29.799999237060547,5,1,1
5b2a6a441eca6243,5,1,188,3,1,1
d8d5cfb4727cb6be,8,1,59.5,2,1,1
863175042059911-488764107051,9,1,249,1,1,1
b29392c7b90c53f9,2,1,3099,4,1,3
ceb4094598c8e4e6,9,1,96,1,1,1
a07aa45f99900699,7,1,69,2,1,1
3c5adc8c4405565af4972053727a0399c41daa9a,6,1,49,2,1,1
a92398381cfa42bc,7,1,2099,2,1,3
868290038122477-e40eeee421cc,9,1,93,1,1,1
2b61e895d12dd07a,7,1,159,2,1,1
52c405baa558b01e823cef36f33abdf3350b907d,5,1,8.899999618530273,3,1,1
867938041006878-20311c8c0931,5,1,3299,3,1,3
7d13636ec7d86db7d679e6b6fda05cecb35599b7,9,1,59.900001525878906,1,1,1
a518dec9457528b962524302f5874dc3f8f16652,0,1,99,1,1,1
1bc57b941b50d409,7,1,5999,2,1,4
868778049120050-fc9435c80f97,11,1,12000,1,1,5
20468a617196b088,5,1,398,3,1,1
2e3f85eb9ca8909a0b73c61cbf4f920605021b77,4,1,28.899999618530273,3,1,1
7d7ab51791543402,3,1,16.899999618530273,4,1,1
caae439939553b93,5,1,1949,3,1,3
5a0716d334f2166d36ca5b4f8551abec8c385b1a,1,1,32.88999938964844,5,1,1
e1ec7de2cb74c6fd,5,1,4299,3,1,3
21d346a98e6d0d04829b332292923b4fe60b64d3,3,1,13,4,1,1
860044044853502-847637d18db4,1,1,49.900001525878906,5,1,1
e8feb609c58e9fe5,6,1,39,2,1,1
99001584436747-a4451939f385,8,1,56,2,1,1
c1f2db44bfa0d068,8,1,8.899999618530273,2,1,1
bab6b4c6be03b6a6,3,1,89,4,1,1
867910036498790-e4a7c5fbeb16,8,1,395,2,1,1
7854bce0deaf3868b29f3a708210e017037fe3cb,8,1,8799,2,1,4
858acbf73f64cb8a,8,1,19,2,1,1
bc18366e81e982a03725c28b3676aeae0bb7615f,3,1,1,4,1,1
ca58b4bdce87f552,10,1,24.899999618530273,1,1,1
86b2c532b93e05ab,11,1,189,1,1,1
863519048710219-08b3af24e013,4,1,3999,3,1,3
40b3ce8cda05aacb9ecdd4c751e46d2bb2e60aba,6,1,5999,2,1,4
c820d8fa67f6a8cf,5,1,498,3,1,1
bc88c0882a1ab3e0,2,1,5299,4,1,4
b31fc83d2024cf11b25e78bb8310dcad73344254,8,1,49,2,1,1
badf70b98a03603e,8,1,50,2,1,1
040ca0ab958f47ed6c9d95eb2f19179f5d2dfa36,2,1,68,4,1,1
4970ce3ee270a7d9,7,1,1699,2,1,3
9bcc1c1e0ff94f37aceb53e08f58ec1237415a5c,7,1,106,2,1,1
2c2b730175b1d0c45ab9ba650e3027f8c37639ec,2,1,89,4,1,1
305158d7eb9951c8,6,1,91.19999694824219,2,1,1
7ba25e7576f73d0f,0,1,59.900001525878906,1,1,1
87ea5e270fdfb7c8c7a99ca8d1955bfbc2a6aba7,2,1,200,4,1,1
7b749e7cc4419bd7,10,1,699,1,1,2
4ae41bf8d2119617,0,1,15,1,1,1
719d4c4229a44130,10,1,139,1,1,1
861580046393780-b0ccfef2ffce,5,1,11.899999618530273,3,1,1
8cebcbbd9835e9e3,5,1,24.700000762939453,3,1,1
ab1ae60f4ed9e24b,0,1,26.600000381469727,1,1,1
df50f60850466992,0,1,5999,1,1,4
e6fe2b3c07f1f325f812e37ecee8fad42f203a53,4,1,1699,3,1,3
c1636bd1a9b354372baa24374cfba015e0348ad6,7,1,75,2,1,1
ae08716476adc8ccde42931c49cbb34f950c1d4a,7,1,6148,2,1,4
68ed7d15b8ae7d2d,8,1,199,2,1,1
9a877943680ad2586969c2d87eb82637312b27a5,5,1,168,3,1,1
d385956d1a1be5bf0a46b59df92d97a7a01e9abb,1,1,51,5,1,1
b4ca3537161d36c64d98bc9ff9453db1cf234312,1,1,9.899999618530273,5,1,1
bd4fe0f354848ce632caf085b7fcbc6b3866d0af,5,1,5699,3,1,4
7aee082d18860507877e5f838ae533b18f6171be,11,1,50.900001525878906,1,1,1
24bb56455631a70c,0,1,33,1,1,1
6f9f40dec23aa035,2,1,129,4,1,1
7f00193f2f881f0a,3,3,15002,4,1,5
6db74df7dc884f7d,6,1,239,2,1,1
869245038631678-3ccd5d062280,10,1,15.5,1,1,1
903d59d276c71b34,3,1,56.900001525878906,4,1,1
96a92c31a2920aa961f88073b7efd5a5ecacdf04,5,1,60,3,1,1
b5820035e7b53122,5,1,49,3,1,1
ab47f8e1b914f2df,2,1,99,4,1,1
e8610d4ed8da575d,2,1,189,4,1,1
451e9661e199de0b815d8d33840cf288fbbe49a8,2,1,39.900001525878906,4,1,1
6dbb4c13356705030ca73cf6e267740c85e2bcb8,6,1,458,2,1,1
a7936b4f7cf3cd2d82d5ef2738fdf2cce720f540,2,1,69.9000015258789,4,1,1
3c8b4d66351f652c,6,1,19.899999618530273,2,1,1
868360048334253-3847bc1b995c,2,1,15.899999618530273,4,1,1
c3ef17b680479c9c38141af874db8fe92486666d,2,1,99,4,1,1
94ecfba304260af3,0,1,54,1,1,1
1b33eeeb5a128c766bfdf5b74ed7a52b3d4e2e88,10,1,149,1,1,1
08edd7ce56e2a6d8c60c95a51a5d3c2fcbadd452,5,1,787.2000122070312,3,1,2
03e27c20b5f3d3f8f03c9a8f75e8fb4fe2a0ff7c,9,1,39.900001525878906,1,1,1
f54f095b77662812,4,1,3299,3,1,3
14334be3db3c216a,7,1,36,2,1,1
866219036302817-2054fa12ee67,2,1,138,4,1,1
1760adc60573ea8f83a3545d14d760301b90d5b0,9,1,311,1,1,1
4ca87e57bc1e52ef27f168573fba976231090978,0,1,99,1,1,1
49e39032ffd2823df9c0bd92f40f6ea22ffe73a6,0,1,385,1,1,1
93c21a02274f855aacf48cad4cec8f283606b420,8,1,39.900001525878906,2,1,1
9ff3279e496a6f807c6612f1b1d17223ee79b259,11,1,120,1,1,1
597a62c739eab1a3,3,1,99,4,1,1
860809046814953-dc31d1011f71,3,1,168,4,1,1
9e87948ff7460823,5,1,199,3,1,1
143286b12b25da90,5,1,249,3,1,1
79813708758af90ab9ccf8a8a35169aa541837dc,0,1,133,1,1,1
ad549a52c077ebb9,2,1,320,4,1,1
869899048411412-d8ce3adacf6e,11,1,66.9000015258789,1,1,1
c261ae86bdb32caa,2,1,59.900001525878906,4,1,1
869379030059404-c49f4ccffd04,7,1,414,2,1,1
4a397b7f4723cc52bf5ceee30d40b55e01fb4bea,11,1,1198,1,1,3
5455dc9c40b73acc,7,1,1999,2,1,3
864071031576214-ec01ee023fb5,3,1,35.79999923706055,4,1,1
b5c2b0de931beedf85413614e4c2b5178455e65d,7,1,59.900001525878906,2,1,1
869994037125790-40a1083b6d9b,1,1,1499,5,1,3
e92c1bf1e2776076,10,1,15.800000190734863,1,1,1
037533e5f0c6c0fb,5,1,1126.800048828125,3,1,3
e336dd319550389f,4,1,5099,3,1,4
ed38a0e1a1ff6380,8,1,23.5,2,1,1
19bf138615b4a1b4,5,1,79,3,1,1
fa5b7382ca21ac17,5,1,54,3,1,1
735459f020fc2098,8,1,69,2,1,1
adc94f3e3c809c60e8afdda9e1936bdbe6011fa5,1,1,128,5,1,1
4ab9ef655264890d,1,1,109,5,1,1
6a6fb09aa7092988,1,1,199,5,1,1
82a1d3ee98b8b574,5,1,1149,3,1,3
30652c6c2a28f29f,4,1,2999,3,1,3
587f5e78069ad5f4,3,1,1499,4,1,3
32427efe650a474776a641ff17ed792bf7b17cab,5,1,16999,3,1,5
3542e0b9b62b6c36,4,1,169,3,1,1
de4c9103ffdcd00ca0930fa6b24b18d723a2519c,1,1,59.400001525878906,5,1,1
3c9c48b743c16072,5,1,199,3,1,1
1025f7a56ce2dbea985a4a9ea6818f097a07d570,11,1,29.899999618530273,1,1,1
866875032452953-00904c429943,11,1,25.899999618530273,1,1,1
f2b17c9cf3b1a65e,8,1,88,2,1,1
a680056c0e75ba51,2,1,196,4,1,1
e9a2b335f6ed1531e4cea0e9d4649dbaa5a8db00,5,1,4399,3,1,3
69e3d4a8b55eeec4,4,1,68,3,1,1
bae0e8399cad2c2b51dd1239ee6848b37842b768,0,1,120,1,1,1
63c8fbe830aaac30,5,1,399,3,1,1
e1985b180b85be59,7,1,1299,2,1,3
83be4d27e2f5fa7f,6,1,38,2,1,1
99c0f06a0329b0a1cfdc25e0fd74696f6019beac,9,1,168,1,1,1
e55c6ef1b06311050ea11d4b597aa6fc1e87aaab,5,1,76,3,1,1
7827cb55e3f24063b61efd4bb7341c892750544b,8,1,128,2,1,1
c535217ad20fce26b99ce66c7e2ad762a5e0376b,6,1,39.900001525878906,2,1,1
31fdca5dc7c7030caaa437efda0b5719d173487d,5,1,159,3,1,1
6ae13f645d9f1536e50e77b4147a87434d055e98,6,1,29.799999237060547,2,1,1
ace383bd256ee70b,7,1,36,2,1,1
16ff8d4cfd825e3e50dd88deb1432498900da661,3,1,158,4,1,1
0a3f90065d19d0ff,7,1,39.900001525878906,2,1,1
99001128047616-a45046e6d633,5,1,35,3,1,1
3ef7d4ccbcf5cc0ea7dc7966ec5db58c6c5c9bd0,3,1,368,4,1,1
7a0310c61186005d0f7f0080bf08a44e54919618,6,1,159,2,1,1
812450daf9dfed6c,8,1,399,2,1,1
4c4821e34582d53684e8a0e8205ff35ef8c6fa1c,7,1,318,2,1,1
865129047905600-fc874357388d,5,1,299,3,1,1
02d9549738b246f6,11,1,3000,1,1,3
89602e3916d6957,4,1,5999,3,1,4
9f407498c11bc7fbf20be3354408d4cfba4ef277,3,1,5999,4,1,4
86e8c8a77748d7ad,6,1,39.900001525878906,2,1,1
4e1d5cab6ce1e4b30b0ba0f4c989f94218b6e8c6,8,1,22.899999618530273,2,1,1
9ef355ba5156bdb0,2,1,74.9000015258789,4,1,1
0f44044f75d365752ab08914ac33222ff41e301b,5,1,82.5,3,1,1
55bac7ad7deacbba398f695416492a37e3f455ad,10,1,44,1,1,1
b4c3a79d8e8757fb,6,1,29.899999618530273,2,1,1
810459ccc2418028f635879afb79b2e7580e5e0e,5,1,69.9000015258789,3,1,1
48af549dd8bd6828,10,1,336,1,1,1
3596a9e0e9873524d8e5cb606f8058ffaba4b508,4,1,978,3,1,2
dbd08af9c5ce16db1d857a43d4176502ad6d6fa5,5,1,58,3,1,1
675e2613b46121ea,3,1,58,4,1,1
864905041418398-a8e544c8125e,10,1,99.80000305175781,1,1,1
3f3d2fc81cfc28c425296b79770aedea7aa785d0,6,1,68,2,1,1
7e9cb496cb7539beccac7776bd22125d5d460587,5,1,27,3,1,1
817a05f339192af7d908aa1f5a83d53e12934d2f,2,1,79,4,1,1
0ab51388e8c6f0b4,0,1,58,1,1,1
99ed30565fd64c3db036005dfc755d81c0444f00,7,1,50,2,1,1
b36bceeb191a56c1,10,1,98,1,1,1
48179ddb8dcb355c,8,1,59,2,1,1
865097049863111-f0e4a2dfc9ba,4,1,1799,3,1,3
710c6a74e3f77f8c,10,1,70.62999725341797,1,1,1
464f8d3cf8fbcdd5,3,1,7350,4,1,4
864708040662143-243154d09ae6,11,1,89,1,1,1
c6b57b7de0d615fe05c8db590d9bc69c6d3e5aff,10,1,97.9000015258789,1,1,1
fbe75689d88af1ae1465b42705b7dd99fb010cba,0,1,59.900001525878906,1,1,1
ace10b2eb0c49262,3,1,339,4,1,1
ff70de8780b46f8b171b057b2094bd6e21328bc7,7,1,13,2,1,1
bb060658dd426745,8,1,5999,2,1,4
88023e6f50ef3d28,1,1,125,5,1,1
f183b9e18aa97113,4,1,188,3,1,1
1a3f0f1b87da79a432ca26b1bf499152a116a576,4,1,44.900001525878906,3,1,1
6b6cd5dd136ae5d2,0,1,53,1,1,1
805e6083a9981fce2c94df2c2b68438abd8b405b,2,1,3699,4,1,3
3224595a18928535d318b2ed62ae872aaef961cd,11,1,99,1,1,1
7af1c1d832d2325ecb9a86c372d9ca4321b25a3c,7,1,2399,2,1,3
f2b1108b155631fa1ca30b5c064d65d034caa7a7,7,1,1410,2,1,3
867661049826853-488764635b85,1,1,22.899999618530273,5,1,1
7ab7779125e8e2a2ec9a5702cd9d4a49c35c0f08,2,1,40,4,1,1
764d347500db9d36,3,1,99,4,1,1
9619be45ef5d8d94,4,1,1499,3,1,3
87b675a701669648,6,1,49.900001525878906,2,1,1
64f104ac52834334,0,1,8799,1,1,4
32751859cf6b2b9683d91d3cc8b5c8a6501344ce,7,1,89.9000015258789,2,1,1
e7f4cbecc51d2b9b5939b79c574b897e324dceab,4,1,1399,3,1,3
885e49e34fb4f31d,8,1,1699,2,1,3
0604ec52e2d8303c,7,1,199,2,1,1
5996980d487c5b54cc6d2fe4198e6dd3a67726e6,11,1,1160,1,1,3
10b1e2127ceb7c99,5,1,29,3,1,1
fca388e4bf9bf97a,8,1,206,2,1,1
869587043901384-483fe925dafd,3,1,2998,4,1,3
28a4c72a9ba68d8d3f86de749f9b77985b0ff11f,2,1,799,4,1,2
32f33262105770dc,5,1,2999,3,1,3
d84fd5255e251450,4,1,320,3,1,1
868663039953894-a45046251379,3,1,29.799999237060547,4,1,1
bcc06163754e9cd1,8,1,19,2,1,1
309f25844393061a,5,1,2999,3,1,3
866002042648864-08318b4f130e,10,1,10.899999618530273,1,1,1
f2c6b58897040b8a,2,1,4699,4,1,3
74fbd68d4feae1a8,0,1,59.900001525878906,1,1,1
a3b541e24fc3b296,4,1,72.80000305175781,3,1,1
868026047047275-7c942a05d0f5,5,1,15.899999618530273,3,1,1
61825f44e782c3ca,8,1,138,2,1,1
e41c94f59ff1fcae,0,1,199,1,1,1
a88487c131d3b25d,5,1,3499,3,1,3
2cee0c16ad0160ff,9,1,39,1,1,1
276ca13dfd35e06960f803d354905c6a1976cfa8,11,1,418,1,1,1
f4ec6718b3a8da5a2e30d0a17737393fed2d3da4,3,1,102,4,1,1
b9f32e94b288d2553855c8b91296daf3d0df9367,4,1,5999,3,1,4
56746a06fc6211a1,4,1,68,3,1,1
9728fbd61ecd795c7196399561467e2bc30ae00d,3,1,89,4,1,1
3611f872c245cdd28608fb9460b89efe7b628d47,5,1,49.900001525878906,3,1,1
683ce3f73f457a8817be967b9ec9677cdf534adf,3,1,509,4,1,2
f3b5c4f7c776f3f7,5,1,6599,3,1,4
c9f0c18669ff8106,9,1,13.5,1,1,1
edff325798cc983d,7,1,1599,2,1,3
b80063314549c123,5,1,119,3,1,1
7df5bdba35540a13,5,1,90.9000015258789,3,1,1
e409ebe40e592cbe09c2e2ff3d9decdfec9a32ba,11,1,69.9000015258789,1,1,1
863563043007759-24fb65a06858,2,1,118,4,1,1
27e754c884352bc7,3,1,4699,4,1,3
5430785de97d37c31340679703f39224392ad1bf,11,1,109,1,1,1
1302ea76a8898a46,0,1,226,1,1,1
f33d9538fd1c4677f0aecb380fa6e07d40ee04bc,1,1,278,5,1,1
869787048950291-2479f3de2f8d,11,1,3599,1,1,3
56a5ae7932a09781361188b08a173a7ed4c7c591,1,1,698,5,1,2
866775048145122-1cb79625162b,8,1,15.800000190734863,2,1,1
869706036372953-4cc00aaeda0d,4,1,5299,3,1,4
4b855cc6f49a5f79,1,1,69,5,1,1
77bf25a7f7b179a35c4b53ef2a396068e0c54804,6,1,899,2,1,2
9e5cb61bfb38fb01,6,1,149,2,1,1
336525a751875e76,4,1,6988,3,1,4
c7e3c0d5ba45d196209677b6dbea7513bdf53248,5,1,139,3,1,1
5b2adfc48bb8bcc5,5,1,54.900001525878906,3,1,1
d4444e1e2d9bdb3f,4,1,3499,3,1,3
866632041821961-e024818300a4,5,1,179.8000030517578,3,1,1
469663bcbc4ce720,8,1,5299,2,1,4
1377a24a164bedc9,6,1,19.899999618530273,2,1,1
8d9af4c65fa34ed0f8b6bee6423e6eaf99f670b7,6,1,39.900001525878906,2,1,1
c2a3ad94826ee3c4,10,1,999,1,1,2
c895bdbf699e68cae40bedc02d91772471a9c4ad,3,1,9.800000190734863,4,1,1
5ce5fce58956e69e,9,1,459,1,1,1
9cf26b1ef0fd56b2b334dcdfea0328bed7477277,2,1,5999,4,1,4
d5bfcdcd81c0f125,0,1,3799,1,1,3
d135a565fbce2eded5d7978788a3ae2ce11f16d0,11,1,128,1,1,1
979844485d2b160c,4,1,599,3,1,2
864156046098237-4c6f9c63e301,8,1,408,2,1,1
4c699e1de334bb0691ff15c7196e2195329c8aef,4,1,999,3,1,2
2512226872a4aa0b,2,1,88,4,1,1
ef0b0882e1faed9c,9,1,59,1,1,1
5d21603dcf7dd4d5,9,1,13.800000190734863,1,1,1
df1c7de2a28fdb9a,6,1,5.900000095367432,2,1,1
1c6d12cb5e3ad4f2,5,1,76.80000305175781,3,1,1
198c3da87aca95b714bb48dfe10c255e05fc97c1,7,1,6799,2,1,4
9335f664a154f631,2,1,800,4,1,2
ec979ee76ebaa525ee445c6d97965bf74abb084a,0,1,25,1,1,1
7dd90a832cce46bf,5,1,279,3,1,1
2f2124f308db8b58,7,1,34.900001525878906,2,1,1
a7d5af1997e71341a712471fa6035e82f2b4f660,5,1,99,3,1,1
4c98730705ef76401358905d49cd408baf883d14,5,1,1499,3,1,3
e06ff82fb2d40608,11,1,139,1,1,1
9fca09bcc0daaaa323c361239776ccccdf50f8e3,10,1,1280,1,1,3
861407046025768-ec3cbbdf1776,4,1,1295.9100341796875,3,1,3
4566d88ef62cdcdeb6dccd67bd03a74fa6c66832,5,1,370,3,1,1
862902046279091-309435b81763,10,1,6876,1,1,4
860427048815793-0c20d354c7fd,6,1,12.899999618530273,2,1,1
c3f0ed2cd41eeef8,8,1,79.9000015258789,2,1,1
8e9dd4a6e00cde878bc20360a1bbdf8e9728a9ee,6,1,59.79999923706055,2,1,1
9d6e6dda3cc9305556f2c62e59d74741ff9cf575,3,1,37,4,1,1
8d261402a78d949ddf947fb3a07a4a9f068194f6,10,1,438.8999938964844,1,1,1
4e454501d4126406869bd6c0b63de2f80a54db67,5,1,399,3,1,1
e3171a2f3903ddf4,5,1,3999,3,1,3
2edef2074b2b4782,4,1,99,3,1,1
6ef19f5a42c68a76,1,1,49,5,1,1
89a768bb290d32ab7b4793cdf8be5ff0b9428560,2,1,106,4,1,1
43ee34b3839b3723e5ffbd9249fb721bffd34465,1,1,89,5,1,1
1552b6c4d1a2d082,11,1,89,1,1,1
1299cb2ec79f7d68c09b80ab9f9ced3e94970f9a,0,1,16.799999237060547,1,1,1
b7a477253687357b,11,1,1799,1,1,3
861243042296917-b89436ddc3eb,4,1,1499,3,1,3
e1562e1a28ecd20fccacc8f88cd3f297129c29e8,1,1,28.799999237060547,5,1,1
c037262af3beabc6,7,1,16.899999618530273,2,1,1
23f41405f2eb800f,2,1,929,4,1,2
b494b14d3fa33958,0,1,399,1,1,1
dd7c8c1c09f00bf9,3,1,259,4,1,1
86daaee37b275aca,10,1,119,1,1,1
9f1bbcf537e6221ae813d82cf70a69eee38b33d6,5,1,19.899999618530273,3,1,1
93948e5375245bb6893a2cf93a2603f7cb81f88f,8,1,59.900001525878906,2,1,1
b0c03eb0439696e2af4ec2564c5366abde31b451,8,1,9.899999618530273,2,1,1
1c50542b4c6f22b9,8,1,18,2,1,1
866546044884034-c02e257ac41d,5,1,2421,3,1,3
6b4262cdb3ebdaff,9,1,169,1,1,1
39760542b3a187062d1e956ea3f35dfb77c3f470,10,1,228,1,1,1
3833bd831820cd06,10,1,718,1,1,2
869621041385264-d0d7834ad867,4,1,11.899999618530273,3,1,1
e28b8fdf1c4654f062b9acad87566a6ff92c74b6,4,1,7.900000095367432,3,1,1
d23a2771b9fd343724e41784d081842dc519e901,10,1,9799,1,1,4
c5dd2208eb923413748ee7259169ba76e3186d08,5,1,299,3,1,1
54524def85ac1a11,2,1,79,4,1,1
94598751742b2b1c,8,1,12.899999618530273,2,1,1
5f640efe5d52e3e8b6e6de3390bd1c75064e5200,4,1,95,3,1,1
f5d08c5b3cb912d75f0080a71eea9b9157744e90,6,1,60,2,1,1
860950045772048-e4fda10331ed,7,1,226,2,1,1
24296c5e777dca381be3bc0abf77fa930d0b7b9c,10,1,110,1,1,1
0c6910737576e7d4,11,1,1999,1,1,3
ad82adcf58759918ec7235d130ba815ef1f5c283,5,1,499,3,1,1
4943e66e3f9798d1,7,1,18,2,1,1
c394663341d8619e377910cab8d1f6fd1e5cb9ac,10,1,299,1,1,1
fce1a2615b490e28,8,1,429,2,1,1
19c3f42ceda9679eeadf1e42585d5250e9787584,3,1,259,4,1,1
76bdc536a0ff34e0,0,1,148,1,1,1
cb1bd90f0d6824db,0,1,59.900001525878906,1,1,1
8ed226f94a3d68ea820ca927a9ea9e97683486bd,8,1,45.79999923706055,2,1,1
862520045100769-4459e3681e9a,4,1,59.900001525878906,3,1,1
860595041048842-b8c3855b2b5f,7,1,10.800000190734863,2,1,1
1fc46c5f01244934,5,1,200,3,1,1
869940038628910-4cc00a2a261f,7,1,174,2,1,1
191c8265231485be,11,1,38,1,1,1
138308321859745d,8,1,119,2,1,1
3c6e4e469d4d7a08,8,1,1399,2,1,3
619c8a1875ad22a4,3,1,23,4,1,1
1ea5ca1f966899ee,10,1,129.8000030517578,1,1,1
2a0b04618e84270cd0d74db4a23d2271deee050b,10,1,89,1,1,1
1be348beab1b6758c04f8030e5d680c17a3fb6ab,10,1,49,1,1,1
9a8600f91c7c2534,5,1,7699,3,1,4
b3351d11c7e0fe4500a6c53f6208ae52479c40e4,9,1,6999,1,1,4
19e99d7a9f97cda1,1,1,159,5,1,1
6cbecf40792e541c,5,1,19,3,1,1
32f063ad59d60c20,6,1,56,2,1,1
496b50f5f338908d,7,1,9799,2,1,4
e37e57dd76fdf31b,9,1,89,1,1,1
050453467141c101,5,1,269,3,1,1
8cb1e682462569a4d9bc6e09ae03070ac3a6515c,3,1,256,4,1,1
dd0403ca9d76ed99faba782e85a25de0cf79c3c9,2,1,122,4,1,1
862729042855107-acbd70207d4c,6,1,159,2,1,1
50d5b87ecb44861813e35c5039b7a3562aedee7e,5,1,1399,3,1,3
ada580164f415428,10,1,75,1,1,1
e0437ce17eb61e84,6,1,499,2,1,1
57cffce5f846d282,3,1,69,4,1,1
57420322410d3cc2,3,1,69.9000015258789,4,1,1
58272e456d90a59a97bed0a3c41b96e8903fde52,10,1,219,1,1,1
fee6b1c0125af7ed,5,1,109,3,1,1
d2eda97a1a2ccde1,2,1,209,4,1,1
03eb71853906f9d1e2c18114c3e4379d418a8fbf,10,1,87.80000305175781,1,1,1
c9e2a226e82fcf0c,5,1,3499,3,1,3
e9431167996456b2619c7ae267d40f6d79f24e54,1,1,4199,5,1,3
863953046228819-d81edd1e1b7f,7,1,1399,2,1,3
867362040547594-242e0243f019,5,1,618,3,1,2
0d8f3ceb9b56fc11,4,1,559,3,1,2
f7fd2aa6a1dd1fad,8,1,159,2,1,1
4c41a251ab851a7db2ae6596add12a5f512d247e,9,1,138,1,1,1
4c78cfb4b77d654ebc3eb9102733de4773693b6b,2,1,99,4,1,1
f4f2299c48e2bb9c84e00861e1a9806ee5a0fe0f,4,1,99,3,1,1
ca9db29d979dd77978c2f9518bf3c7022797d056,7,1,6799,2,1,4
6773914a8de45ca1d62704d0b4f5b553f327c7de,5,1,49,3,1,1
3d31b04283aa27be5af9c00e9a95b1e7c8fa5eba,5,1,4771,3,1,3
6d864e5ef0ec0704e41e22b3743a1622e1e79c90,0,1,599,1,1,2
860204043742011-e0dcfffefe53,10,1,1299,1,1,3
be9c4956c63a24a9912fdae1d657d5cdcbe56591,1,1,54,5,1,1
725d40a5648c5b03,9,1,59.900001525878906,1,1,1
9e259291ca1cd8ef,2,1,89,4,1,1
867652038473492-7047e98a2dcb,3,1,6499,4,1,4
9a82524d45164188,4,1,239,3,1,1
0a2a586b7acd5325,6,1,199,2,1,1
2eb2f8c49538cb21,1,1,659,5,1,2
77a05c3cddabc079,5,1,218,3,1,1
be487313c0d3cd74,10,1,509,1,1,2
577162613fe753061e4e268b1de62087b38a6328,1,1,615,5,1,2
b8bfc22a66f7f2ff44a51ea4d9216c628b5df8b6,5,1,299,3,1,1
868912046065923-fcab9017fd26,10,1,398,1,1,1
b1ab6ff842fd10f5,8,1,599,2,1,2
c9883551840d2d2a,3,1,118,4,1,1
49d6e92f81b76515,2,1,889,4,1,2
759971e1d43d687e,6,1,2421,2,1,3
866302048341096-68a03eeeb942,3,1,2399,4,1,3
fecae8c0d5b91203b679d471cedf24081d125baa,4,1,55.900001525878906,3,1,1
b9f1b650e47e1317,2,1,2599,4,1,3
0d590bb22704cd60,5,1,11,3,1,1
652bb6c1fa336ffb7b1e9c53eeb4e2e27ae7fb45,1,1,72,5,1,1
a4e0a964ffff1647ee874b5a670358d663ab81f2,5,1,350,3,1,1
278068e8adc433bd,5,1,79,3,1,1
23ebb5ffa2c252ef,4,1,169,3,1,1
c02f193e735ea588e279941023e21da46ef86f16,2,1,59,4,1,1
393665a58da5cb55,3,1,300,4,1,1
a2a0daf9a1b138e3,3,1,299,4,1,1
65cc243ab4f1ce68,5,1,259,3,1,1
7fe329249a88e859,2,1,699,4,1,2
a9a4a087b5ff9a01f440ec71ba81c1408a798bca,4,1,8799,3,1,4
005e13119b679e6a,9,1,169,1,1,1
886a999b9788ca21,4,3,38.5,3,1,1
863279047448598-20da22851b38,9,1,30.799999237060547,1,1,1
29255df11d4f2a7588528ac067406e9560bd0d0d,8,1,159,2,1,1
bc1d33f5b63c4ab8,2,1,129,4,1,1
e068ded2c1c343d3,0,1,342,1,1,1
804720eee2aedbd0fbb0aa44de91a96292b567a2,2,1,1499,4,1,3
93e7dec512b31f25,8,1,49.900001525878906,2,1,1
45a28a200fff99a1fd3ebb5da90184d0badea6f8,3,1,99,4,1,1
2f13ee162b8b0522a49ac3e346e749246331a0e8,5,1,149,3,1,1
a7fcd3f4429a3452,2,1,139,4,1,1
a3bf64b6f217bc82f1325fc37389a0bb9e01119b,11,1,298,1,1,1
1a4f5f26f473c1cc,10,1,599,1,1,2
8d1f43518abe0f02,5,1,798,3,1,2
865716042009725-ac923260f0fa,1,1,334,5,1,1
e5bfd89a799924cb,5,1,32,3,1,1
223daec001e57292,10,1,128,1,1,1
868130044783781-d6fa42940da6,10,1,499,1,1,1
68ad8a424809f626,6,1,178,2,1,1
c2442ca92a90ffe4,3,1,109,4,1,1
fe15450fdb33cdac,7,1,32.900001525878906,2,1,1
9aad9410167f03e56334d1a717f48e6c342b7d83,4,1,3999,3,1,3
590683768f5d83ea,10,1,49.900001525878906,1,1,1
1148529dc897c49fbc86da058cbed85fb546364c,4,2,197998,3,2,5
ad59b58eeb467068,6,1,32,2,1,1
4ff8a85506747322,4,1,55,3,1,1
bf34922ab7cfc978,2,1,52,4,1,1
6a92d683e61d2d00,4,1,2499,3,1,3
b3d30853c83235db448b760eb98360b2512bae6b,5,1,493,3,1,1
9ed228b59492fb7d,8,1,371.20001220703125,2,1,1
865595045470617-44d791326b48,1,1,29.899999618530273,5,1,1
864708047791168-483fe91f0742,7,1,25.899999618530273,2,1,1
a16c4ad0fcd2ab32a70bee980403cf96e798746e,4,1,49,3,1,1
868778040825640-3847bc4c0178,2,1,79,4,1,1
862591038483801-205d473865be,11,1,1699,1,1,3
1b3610a68746905bece192625dc3157d2d633004,5,1,5999,3,1,4
93b20502c8fd209a7e258edb9cc7b2eba9fbbf73,2,1,129,4,1,1
8074a4e22719a592,0,1,1299,1,1,3
4fdc0b998bbe2f4670770b252a65ca3460953c9f,11,1,309,1,1,1
2f7c4eccd37fe385,8,1,889,2,1,2
754b88c031a35e391abb3d2b65d74b6871eeb96b,1,1,68,5,1,1
573a7c79106f0d0a,9,1,175,1,1,1
c564a96122e7e8a6,8,1,561,2,1,2
ef6879c5bc2d1510,4,1,149,3,1,1
b5158d41f340bf14b1ac7b9fbbd7698bc45226c7,11,1,119,1,1,1
b9f516b18542d9248b5290682b7e6c5c6da49ccd,5,1,36,3,1,1
869695040159730-3c86d10d1dc3,5,1,55,3,1,1
6fa8ab4e5e4ed6b041242cffb352c80f93421ef4,7,1,48,2,1,1
44a0f62a695885a6,5,1,1831.199951171875,3,1,3
868235042098148-20da223bce43,0,1,73.19999694824219,1,1,1
2c21b9c61857795e,2,1,59,4,1,1
5b4ce48c0b4b1c61,4,1,199,3,1,1
248d806a736c6877,4,1,2999,3,1,3
7c19fc5c6970b390,1,1,69.80000305175781,5,1,1
32f2efcb2007128c,10,1,31,1,1,1
863542041916815-9487e0132253,2,1,38,4,1,1
f6ecfa46addfea7bee97bdbb49dde0f279db8422,5,1,13.899999618530273,3,1,1
56ca6202a7568159,4,1,68,3,1,1
357723080297944-a0cc2b792594,0,1,98,1,1,1
19c73847fb18d42ed9fe55c1e37dd6511f6b13a7,5,1,58.79999923706055,3,1,1
183e4124103e38f8,6,1,12.899999618530273,2,1,1
f2c7c2d4c78319ee,2,1,38.79999923706055,4,1,1
d2e8e9b09aae7960,5,1,79.80000305175781,3,1,1
a1e5407119a57077,4,1,16.899999618530273,3,1,1
868670045904233-b4a8980e36c0,7,1,179,2,1,1
0b03eb0ad60876bd,2,1,100,4,1,1
2522e218bf050975,4,1,39.900001525878906,3,1,1
b191e60827ccdf70,4,1,5349,3,1,4
911e77b630c3f703,8,1,59,2,1,1
a0a96e145ac5d8b6,4,1,310,3,1,1
ae34d879afcfa22b,0,1,29,1,1,1
c8ea45671e4ea6d3,4,1,16.899999618530273,3,1,1
867536031091858-a80c63daf15a,8,1,99,2,1,1
bb8833d3691bc36b,5,1,198,3,1,1
1ea40e7210dd20c4826581afa1eceaff0d3b1233,8,1,89.80000305175781,2,1,1
662817a2347699ec,2,1,9799,4,1,4
860213042246312-28167f894c96,10,1,399,1,1,1
242dbb5ee71801cc,3,1,199,4,1,1
b8fe16f31b0370e7,0,1,36.900001525878906,1,1,1
64f44b51126851773910669f92767003d0c20d5b,1,1,75.4800033569336,5,1,1
cc32a5c523a11b30,10,1,769,1,1,2
23b25ff9d75607280a712b47028deedb1bcd54d0,6,1,279,2,1,1
d15bb119668c2de9,3,1,29.899999618530273,4,1,1
869707033750076-4cc00a93e869,6,1,278,2,1,1
ba4cccb6cb8de66eec81142a2697655c8ff29156,6,1,57.900001525878906,2,1,1
a79237c88cd41c52,5,1,2299,3,1,3
b6c61ef071517b97,7,1,1699,2,1,3
f97eedb0df87293e4e801e30ba64262bdeb0869f,8,1,4428,2,1,3
1eae5d45b3481f54,4,1,2399,3,1,3
70073526d233bffc,4,1,5999,3,1,4
cb20dfd1866d587be6a3bff0882bd5d1587784db,2,1,164.5,4,1,1
863553048718195-b8c9b548993b,6,1,14.800000190734863,2,1,1
df34be940d54d7be,5,1,38,3,1,1
5fcaad609985820b,9,1,59.900001525878906,1,1,1
bea570079c7c464a234ff85ef02c591f4a35847e,10,1,9.800000190734863,1,1,1
72e801e09bd7761a,9,1,399,1,1,1
ed12e27db1d7449e995069160b8768a9dc382f70,11,1,26,1,1,1
354879100305795-e8e8b77b1ecf,6,1,7199,2,1,4
6c9689a179b13d67746efc52e2fea440b58bb945,7,1,5999,2,1,4
40d2de6557a2361008a8c660ab2a8743986e8240,3,1,599,4,1,2
e025667260e5af6c,4,1,34,3,1,1
cfe9e0ade18e5eb5,6,1,39,2,1,1
d7d1e34ea7ed9bff,4,1,259,3,1,1
a1e9e2bb2ed7136a,8,1,189,2,1,1
e02f3cd8ca716e40,3,1,16.899999618530273,4,1,1
868561049604152-70dda887adc0,9,3,3,1,1,1
297f350d88f4673d,7,1,5999,2,1,4
c6c06ab73cad54306c37b7c6812dd612b7f04dbc,7,1,55,2,1,1
5082d4fa2bf7eb61bc455b8d11cea51f25a710fc,11,1,6499,1,1,4
abcd183dcce14ce9,6,1,899,2,1,2
5946857eef3526a8eddfaa1dd1c2bd76d1620c0f,2,1,454.79998779296875,4,1,1
cd16f776f59e8538,10,1,39.900001525878906,1,1,1
050e51e25a60172d,0,1,208,1,1,1
864314049259096-9cf53172c343,5,1,2399,3,1,3
f9447bdd4785cea5,6,1,29.899999618530273,2,1,1
c93254fc8003606911d3eefcd282406d99be8a39,0,1,107,1,1,1
b74f60e782104c5f6f0a97dd747aebdf2ff3073c,0,1,2581,1,1,3
1b9ed084046a2b19f53fb5bdcc1e25c0402850dc,3,1,89,4,1,1
03bf90d60336ee37,9,1,149,1,1,1
7243efa9c8e12294,2,1,98,4,1,1
57e880c94c1b5c63,0,1,149.89999389648438,1,1,1
5a5ba71f1979a029,1,1,15,5,1,1
72ade9331e3e27a8,4,1,168,3,1,1
3e0aad5f35296a7d767e0ca4edde6f1983c65ae3,2,1,36.599998474121094,4,1,1
8c5f82d70cc64267b9f4b6dbd01cfd76418a4903,6,1,29,2,1,1
b18f5d6678f1c4c0,1,1,49.79999923706055,5,1,1
04354d9f4f3c1a9fac15052ae8876b933ea729bc,1,1,168.89999389648438,5,1,1
e53522939885dff5,9,1,159.89999389648438,1,1,1
19fba07f17f592535575faff12914834919d01be,11,1,149,1,1,1
5a86b5dc6f23002d,6,1,29.899999618530273,2,1,1
861348048559638-e0dcffcc7945,8,1,488,2,1,1
862809042044041-ec5623fb08cf,5,1,5999,3,1,4
ee5e66bebc43452943244791aa475f4182bc132e,6,1,36,2,1,1
ac1510419d8b74f7,4,1,79.80000305175781,3,1,1
2a5292faa1c42f616c7a7dfc239fb4a5c213b2f8,9,1,5499,1,1,4
8b8bf58a14badd91,3,1,149,4,1,1
4a6cb97e5906b331,5,1,39.599998474121094,3,1,1
79f67a484fe13270,3,1,100,4,1,1
561bcde25bb5673b,9,1,9.899999618530273,1,1,1
5192eeb4d6c21a0753e91196aef0bc29b10bae1d,4,1,19,3,1,1
35f83b35656bd0ac23006fa510b9edec1117ef7a,5,1,89,3,1,1
6398bc49969b00e3,10,1,59,1,1,1
91b26d7029dc3e87,11,1,155,1,1,1
2c9374e19fddf432,4,1,17.899999618530273,3,1,1
c6e311c52fee13bd,8,1,188,2,1,1
b334096bcd94a1b57bf40245893ac46c7a833b23,0,1,59,1,1,1
06e7573946d6e54488f48e6ae6c09975bf4a6dc1,1,1,3290,5,1,3
04b3a1a3d5786d4b,0,1,32.900001525878906,1,1,1
ade1343c7fd9ac65,8,1,38,2,1,1
d47b79c5a16d62e2,4,1,2499,3,1,3
f8dd7e85dbc0580f,11,1,58,1,1,1
8f429f5a8639a8fc,1,1,10.800000190734863,5,1,1
68a52196b16085d2dbd7668cea4a51f09f2474e7,5,1,138,3,1,1
9b47051e31cb6bf2,10,1,59.79999923706055,1,1,1
865140041149699-482ca0c29bc3,10,1,39,1,1,1
fb549aafc4abecff,9,1,240,1,1,1
012c91e390c5cc39,3,1,159,4,1,1
ebe4b62e21e0103e48935cf419030ecb84790fd2,5,1,4199,3,1,3
09cc6a3081127abc,5,1,8799,3,1,4
f9f24b5435592c51,0,1,37,1,1,1
f45a06c1967a472e,2,1,19,4,1,1
20c46f0992ab67da6bfb057ae7bc39466f63a916,8,1,329,2,1,1
c97e187e033d6947c24d2275d23109094a2bb6d8,4,1,39.900001525878906,3,1,1
f36defd53ed3ab38f161adb104479bda425e7fae,6,1,99,2,1,1
43863fc8a2d9031a,3,1,12.899999618530273,4,1,1
860620047295013-1802aed31033,5,1,289,3,1,1
382bac9871282b2c906caf60defbf15348de4b67,9,1,99,1,1,1
57cf14e6a3c7f784,8,1,24.899999618530273,2,1,1
77f61c6325251b07,4,1,298,3,1,1
e1d9e7bf9694ff94,5,1,69,3,1,1
6e534952a420c800,3,1,5999,4,1,4
4c9eae672ce242b6,6,1,10,2,1,1
956310e82457d1ab,11,1,13,1,1,1
862991045766364-7459096c4e57,3,1,28,4,1,1
86064be43f2cdbc4,3,1,609,4,1,2
46ecd3f74ff0daed831a4dd746501bd796a9a1c1,9,1,39.20000076293945,1,1,1
8e84cdcdf12a3484,10,1,22.600000381469727,1,1,1
5b7aecfc7306dd86,3,1,229,4,1,1
865129043065706-347916ed9640,5,1,9999,3,1,4
7697c314aa085bba,7,1,30,2,1,1
d7a546d4d379715ca6495b29012a69ab56ed8040,0,1,69.9000015258789,1,1,1
4d9feea8c68f0a43,5,1,299,3,1,1
860746048467531-64a2f99b8017,9,1,199,1,1,1
20c37c23fda735a94c1f34fe24097f2244c88104,2,1,3199,4,1,3
e52983bab159f6f6,4,1,9999,3,1,4
ea64fff1782a3849,11,1,39.900001525878906,1,1,1
0ae6a9a653c34397300fe3974dee1aee72041ecc,11,1,119.9000015258789,1,1,1
4fe220a5562e36e6,11,1,468,1,1,1
4f26b45e1281af3d,9,1,159,1,1,1
3335e54282a160aec96fa81a6def689121605d52,0,1,43.900001525878906,1,1,1
39fd54897ba45503c66191d8d14ece7a79f0e9d9,6,1,29,2,1,1
865130046501069-9017c83035ea,6,1,4399,2,1,3
c351bd86be5d8bbd,7,1,49,2,1,1
e240e437d7d0d295,0,1,799,1,1,2
c69396b74daa2b8990e4c6c54191617a594cfe37,8,1,50,2,1,1
92c1e2cbb119a8eb,2,1,48,4,1,1
868805035048944-e4a7c51d05e0,3,1,31.899999618530273,4,1,1
caa60285698f40cb33d908dcd26b521d037b0a77,2,1,36,4,1,1
e35921dcd2127cd26422f7383dbfae46ac36204a,0,1,5399,1,1,4
49484ddf7e5d7ae5,10,1,739,1,1,2
bcd8fe6df9bbe93c9d0ae1bd626b8226fb87b9e8,6,1,418,2,1,1
7f5c8ef5f4e00d5d04ddde17bf31627a9c2a5be1,7,1,358,2,1,1
1cbd54c7ca5c95d6c5c7c0cd2575c6a4526f122c,4,1,6148,3,1,4
35c59deae9002f46,11,1,39.900001525878906,1,1,1
c262780a269a0a15100e33d48aa7cc273bb813ce,0,1,39.79999923706055,1,1,1
3112b4bf5a5a9413,6,1,28,2,1,1
e7ad61b9cecc318630d42791065f665c5be93055,0,1,458,1,1,1
259a076201dcc1438a6d1d080f33e24548ab911e,5,1,99.9000015258789,3,1,1
def4862171b15c74,5,1,249,3,1,1
d73c636ee65812ba,1,1,49.900001525878906,5,1,1
9e391446402b3ed6,11,1,39,1,1,1
c3239cc8d7655f7b152a19b7f11b13ef6a7f39b4,9,1,240,1,1,1
33bf78188de7a9d7f32af56bd845c8a47d9fa7ab,2,1,179,4,1,1
8f5e30fc0b712e33,4,1,59,3,1,1
ba3c34ecd00c411e,5,1,5999,3,1,4
6dcb99b8c0934a036d727ab7daad967f1efc98e7,2,1,1899,4,1,3
3005954799d0939942d754fa36cd6dded254b99d,1,1,23.799999237060547,5,1,1
884c5f0b9a8e704881ab7b165ddf1860ea31bb0a,4,1,2699,3,1,3
15b7989fa0dc960cb9108887ea20032aa39fbddd,1,1,199,5,1,1
0537d5e4587cc5ec6266e9fe2e116d947cc9cda0,5,1,188,3,1,1
df45ff39ff468a705cfa4b76b17e597e2081ae7b,7,1,90,2,1,1
99000865359386-0450da0d4d32,4,1,19,3,1,1
c052e1636cce8e16,2,1,99,4,1,1
ccf18e100ee181a09b4f76f48b3e2cb63a81cd63,6,1,149,2,1,1
cea28585ccd0d1a9,5,1,1373,3,1,3
d68ce9c83f670528e32eaccc2362df4701879355,5,1,29.899999618530273,3,1,1
865078045289113-54bad6ef46b4,6,1,21.899999618530273,2,1,1
46ef91d09e1ec3cc,6,1,1798,2,1,3
ef87ba53555679fe,5,1,5099,3,1,4
eec252668e9ff3870ece34669dd18bb7df778b14,11,1,368,1,1,1
867531044576474-243154c16b88,7,1,5.900000095367432,2,1,1
960c427556421f2accdb3846886757cbd87b2727,3,1,6.900000095367432,4,1,1
b5703364c4d2d612,3,1,129,4,1,1
97d5a22b27c7ea61c1b345a60bd8be5c9210915d,9,1,3290,1,1,3
bc66d8bd4a6d132b,3,1,3599,4,1,3
1ae3a777e8a4f9b802d2005c7f6f3ee6d1a47d6a,5,1,2929,3,1,3
f302e2563cf7f62f,9,1,5998,1,1,4
4b50741f7b66a081ec4c49ea51945d1125957ed9,10,1,259,1,1,1
afba26d4226dfd0f81b3a818d60c8a5239f46460,7,1,19,2,1,1
865873039310648-ecd09f939c23,5,1,500,3,1,2
258830b453d8c4f033e98365567e805e870b894f,0,1,134,1,1,1
80876efd5761b09915b7cbeab6aab188e867f416,4,1,79,3,1,1
13014c4b341a57be,8,1,129,2,1,1
2ff47f549ab33a36,0,1,33,1,1,1
8e0e0b6f0491422de6218184fcfa94da5ad8fb36,4,1,9,3,1,1
58b08f37cd309764e454cac5046460ae007600d6,7,1,129,2,1,1
53a298466ecc1f37,1,1,159,5,1,1
867493045547196-068b9b0c6c67,8,1,79.9000015258789,2,1,1
bcd534a285a4be6d,5,1,19.899999618530273,3,1,1
fe3b781c306c914e12187bc5171526b57fc53303,5,1,89,3,1,1
4e229ea128cd4cdeda2364018e4dcc2c6e24e798,9,1,39.900001525878906,1,1,1
b6128a41a699c32c,1,1,499,5,1,1
307d9a99bb036d901a853c3f956523f4ae9b2cce,2,1,88,4,1,1
42b4025e79892092,2,1,128,4,1,1
48a3ebea3fe81129ae040789da60a730e9bb2448,0,1,2599,1,1,3
34d9add126c3cd773d31be578bde3b22ffc18b24,2,1,69.80000305175781,4,1,1
11062f5dcc3356f2cfce96ce5a11ebd745731954,6,1,3599,2,1,3
4ba8131a949a3c15,7,1,339,2,1,1
c9f512a3348077ea,8,1,129,2,1,1
01e0a5e0aebc1a1f,3,1,339,4,1,1
0dfcaa50459a2e27ef907dd18e51c748337324bf,2,1,99,4,1,1
5c1f92c49cf13f69d622e7fcf372cc3954fcd034,9,1,799,1,1,2
25c1b187fa37472f,10,1,5499,1,1,4
fbd195f3474807866c445d9fe27a4bd79fb1151f,8,1,2999,2,1,3
A0000089E3F84B-1c427dc3e647,11,1,149,1,1,1
68a0461fb769fa19,8,1,12.5,2,1,1
42a5eabc162d7e98,3,1,3290,4,1,3
4509689bcba948bf,10,1,225,1,1,1
6acc6d1ba0be4c48,6,1,89.80000305175781,2,1,1
444459b97acb2faa,0,1,58,1,1,1
89d1f8fbacb02f14,10,1,5599,1,1,4
1ea2a1907c719b7df6b9b3130be9685f0e74f1c5,0,1,89,1,1,1
79971ba2355922c2bfb95e7fbbf045adcc316078,7,1,39.900001525878906,2,1,1
867401041749716-90f0528ddd36,8,1,69.9000015258789,2,1,1
4ee2e3ebf0e7f25a,0,1,499,1,1,1
0a72a0204039c247,8,1,140,2,1,1
3ca6c6d13e6fe2d0,2,1,16,4,1,1
63a4a54f370dc0488f8e19ca64ea2f6504bdd58c,7,1,13.800000190734863,2,1,1
0bcc996e80497bc4deb1147f4e154cf399c9ce43,11,1,12.899999618530273,1,1,1
705728a2055f1d2aaac411f07734a24933b2cf2d,4,1,79.9000015258789,3,1,1
9fc6d8c2d25931cd,0,1,96.80000305175781,1,1,1
9165cc5391998ee5e358363ae4fbe467ac591210,7,1,28,2,1,1
7b906356493a8ff8,4,1,2399,3,1,3
e4e61af347e1bbada1d0626db09ee25a74f5b3b1,6,1,199,2,1,1
115230b17ddaf381,9,1,99,1,1,1
13cf20277129a66092b58dae32a45771c063fd3a,4,1,4399,3,1,3
7a83d0c3196ebe96,5,1,6399,3,1,4
b55e602daafd366e,0,1,389,1,1,1
0909b34655d6cb8d4a7503d8d35ce2a842bdc273,5,1,3199,3,1,3
72fb25145194e3fa,8,1,10.699999809265137,2,1,1
e178f303c0448f27755ae40716d31adc788a858c,8,1,89,2,1,1
17ac48e4048bdb61,5,1,29.899999618530273,3,1,1
67e813e6b4ef7d77,3,1,438,4,1,1
3bb575f2bb22c32ebc32758d260ca7e1f77a3f58,7,1,99,2,1,1
30a2c1a26970df9de33434927253f478c071266f,5,1,328,3,1,1
78f2b3ff5f0a105c,6,1,139.89999389648438,2,1,1
319e7f1923034c4c969b9520085e35397f63112b,2,1,93,4,1,1
096876712a666a95,0,2,49.79999923706055,1,2,1
c8851067ad286cf82e3acd6747645c235f87b7cb,10,1,39.900001525878906,1,1,1
16889e34632afc72ac95e3e9922716634c87ba5c,4,1,59,3,1,1
4c4b950af15bf723e1144ebf82d182c3d62191e5,4,1,6099,3,1,4
44478963884f0348,1,1,205,5,1,1
4f201c507a3d4c2e,11,1,1199,1,1,3
02a237ae2eef01c8c891b5d6801b6af79072c654,11,1,3499,1,1,3
b166f06d9431f427,0,1,42.79999923706055,1,1,1
86e81b04dfcc07b9,11,1,199,1,1,1
43873424e408394e,6,1,96.19999694824219,2,1,1
195036656e7ea9db,1,1,99,5,1,1
06bc8808bcdad2ff71d1ef61c1989dd44c6f8b34,9,1,95,1,1,1
9e847518104e177cbbb911f90d204c4793bd4dde,7,1,38.900001525878906,2,1,1
abdf36631a75c7dd,7,1,580,2,1,2
e947879e6d1808c6ea5424999cb41ad6520ed68d,6,1,99.9000015258789,2,1,1
9d4ef7ddf87bbec90551e43abc64f6f1e45eeb8a,0,1,35,1,1,1
691d1b6ff68d7a0e6505a786cd91d7725e16d3bc,3,1,24.899999618530273,4,1,1
df9ef204e79ace9e,8,1,159,2,1,1
4ee2a3b71a1b9eeeed30da624f08ec8ebd00913a,6,1,49.900001525878906,2,1,1
4db43b09507f4e02372200ac3183fe81f73e2328,10,1,188,1,1,1
3e7099797efff264,3,1,168,4,1,1
5eaa986821aea6670b17ffba097568fbf06cd96e,0,1,218,1,1,1
be269d0502681ba1,0,1,40,1,1,1
869780043688370-347916a16aa3,3,1,229,4,1,1
719852033cb8a7fbdf318e9d8a389ec8893cceec,3,1,9.899999618530273,4,1,1
ba43d04314e630ca609b18023e6e95944504208d,1,1,168,5,1,1
e4d09c973d420b14,6,1,1699,2,1,3
b6b50cdc36ff4246,4,1,69,3,1,1
648efb0fc83df8eac572bcea517af8e5c1bfe5d5,2,1,30.600000381469727,4,1,1
89d8f249d60ad0eb,5,1,69.9000015258789,3,1,1
169a08aed3b689e6,4,1,88.9000015258789,3,1,1
dfef7f0aa52dff50e5b495c0e4831f2566954460,7,1,299,2,1,1
6d20cd0327dfecc1,2,1,99,4,1,1
2dd5502f4705d5bd,11,1,33,1,1,1
62bae033cc9ced5fcd011416f4c546bd2b75fcb8,8,1,159,2,1,1
ce47708fd3acfb35,3,1,2099,4,1,3
862839048235095-fcbe7b2b2763,0,1,199,1,1,1
5778799a9d79037c72acbe4a3fbbcc2c1f476c44,0,1,166,1,1,1
d97ec7f532d19677,0,1,5999,1,1,4
6d54b0305b948630,3,1,5988,4,1,4
6a0cc9edc57980dc,10,1,2499,1,1,3
b9ae986aeda9718a,5,1,299,3,1,1
9b3c7cbd89dbbbfafbede6c98c70b7eb7e010eb9,0,1,159,1,1,1
b3e784b82d76e829,9,1,1999,1,1,3
6f795f5190f35f15,9,1,1899,1,1,3
4fcd9d6d71033d17,7,1,5999,2,1,4
fb2606db7e70989a,6,1,23,2,1,1
b15b6026faaeaeb6,1,1,26,5,1,1
f080f56cf26bd4c4,0,1,16.899999618530273,1,1,1
102418bf9aea09b4,5,1,1899,3,1,3
a42dc4cf56967cd51c60afbad38940dc8c0384fe,10,1,3899,1,1,3
fd210386a613c14b4e50beca42cb539f09d841a4,2,1,89,4,1,1
c29710713f54b4a5,4,1,268,3,1,1
e5594ed0cd6c64575a5944be05b579f8e153fcd3,8,1,6999,2,1,4
12d3883283a2f8b724412b51678a0ac6472e90ac,9,1,39,1,1,1
a91429e917895272,4,1,69,3,1,1
5da3fbee9c25cf66,4,1,39.900001525878906,3,1,1
b15515b8a3196491,11,1,129,1,1,1
3fb9a583d9e48b31a62dee8ff64ebbeaaf134e3a,9,1,279,1,1,1
eef8dfc6845e0780acce0844c278da761f3bdff3,8,1,27.899999618530273,2,1,1
0093ef6b4840b1533182aada734a0f5da0647838,5,1,69.9000015258789,3,1,1
cb3c77dc6e5426f6,0,1,399,1,1,1
865164046697874-483fe954b15c,1,1,79,5,1,1
99d9599d4633b427,1,1,79,5,1,1
33e5aa45ac4e6051,7,1,109,2,1,1
c590013426cd6ead0ede4319d25af8aa230fa962,6,1,138,2,1,1
83829536335dcf8bfb65ec3ee1131135bfec1378,10,1,79,1,1,1
ba56d2b85796e975,9,1,339,1,1,1
5d934ab74df45619,1,1,27.899999618530273,5,1,1
0ad81d4765add374,5,1,368,3,1,1
58926ed5865d712b325f7ecf1f629b544d797624,2,1,8.800000190734863,4,1,1
589a347335df87dc,11,1,29.899999618530273,1,1,1
863505040176335-b40fb35d77d7,3,1,69.9000015258789,4,1,1
80479615fe442ff1,3,1,219,4,1,1
90169913ee4f923557415a8a7aa80cc43d65fc19,11,1,1599,1,1,3
380285b187d23274,4,1,488,3,1,1
7e0be8acfb0de8e0,0,1,1399,1,1,3
bbd91ffaff2b2546,2,1,14.899999618530273,4,1,1
ed04f3abfef941ccbdba4063ecbcb2dbcb474000,0,1,39.79999923706055,1,1,1
5db47f3bd8627099,9,1,78,1,1,1
e108b5de373b2e7a,1,1,999,5,1,2
9481238f56d85b11a95560ec70f6ec3c5127e91b,6,1,40.900001525878906,2,1,1
bcd193a15bb7ced1,4,1,127.38999938964844,3,1,1
1969a70681e58c7a,11,1,69,1,1,1
8b6c4ceba50f9826a25a0d8c330e6ba532638b30,10,1,449,1,1,1
c8c8d9514916ccbb612769f5306293c7e9fe2a43,3,1,299,4,1,1
a9f2654892a12453,7,1,3999,2,1,3
3dc783dcc79bbb7a,8,1,9.4399995803833,2,1,1
7b04038f0ad62f030eb2439185bd50709993de68,7,1,8799,2,1,4
2f0cee035e26c8e8c865aa0439587c78c4ac9b07,0,1,550,1,1,2
136a41b4113d16a11eb33c6fd813a3c21ef94a77,2,1,95.9000015258789,4,1,1
213a73b1877951fc,2,1,15.899999618530273,4,1,1
869353043974099-3429129469ef,9,1,79,1,1,1
77d31393be3ef6cb83eee96a9b97f0df96ba7079,3,1,5999,4,1,4
9806837d19f063fe,4,1,83,3,1,1
e95f328c44283813,0,1,17.600000381469727,1,1,1
35922fd6b3ca903e,3,1,89.9000015258789,4,1,1
a8ce52f1894b4fb3,7,1,49.900001525878906,2,1,1
3f0108b3e8dcde79ce18452b0bc0b9df4bcdc283,4,1,9966,3,1,4
35cbf093377a202e,11,1,299,1,1,1
4bc76e92da227cb7,6,1,1199,2,1,3
c8d0dcb82b93836f8346029125b8fcb8ffc6dbb9,3,1,2099,4,1,3
862443046664370-7460fad86b70,5,1,3298,3,1,3
411bab29ab5762cbe7b3b5db2331dfc3475a2f82,1,1,69,5,1,1
dccb182929aca6a0,4,1,99,3,1,1
754bd6042f9fff52c660ec3047b45b1ec1f8c03f,10,1,34.900001525878906,1,1,1
21af005022e6ae4f6e75c988a3af476e4916f7a8,2,1,199,4,1,1
fa8364bd40b1197971bf2470ec0c47b8a5194ee9,10,1,59,1,1,1
c027b9453ab584b6,10,1,42,1,1,1
61d17f091d8649ce,4,1,1699,3,1,3
7eb6dedfac8e1159,4,1,3290,3,1,3
864371049630312-5029f51bf039,5,1,398,3,1,1
76a7e0723793bd32,3,1,79,4,1,1
865595045509497-44d791327b6e,5,1,3499,3,1,3
9ff998ee94ccc4d1c2da33dd4617d8af490db0b1,9,1,18,1,1,1
227123d8bd7857c4,3,1,68,4,1,1
9d8c24f2de09ded3,3,1,99,4,1,1
e57d9a35e9acfbb740d9994b00945099e65562a1,8,1,99,2,1,1
b5ceac3f5e486f5b09274cde290404fedf2dd84d,8,1,29.899999618530273,2,1,1
e4b5a1e15621df4cd4c501823a167161ee301498,5,1,1499,3,1,3
41e1fb2819c7204e,9,1,99,1,1,1
780dbfa78d0820bd,3,1,9.899999618530273,4,1,1
073a8fb5ffd96dd9,1,1,1099,5,1,3
861075054516315-6813241a882a,2,1,39,4,1,1
baf5257e585885bd,0,1,9.899999618530273,1,1,1
868454035074491-4cc00a37f0c3,4,1,150,3,1,1
f46b235e9e90192e,1,1,7199,5,1,4
31104bd4dca3966c,4,5,825,3,1,2
a69d6143d705f7ae,3,1,699,4,1,2
567ba76ee7d1cada41e2f6908cab92e5021b0f13,9,1,69,1,1,1
7ccef7b8193dbd13,8,1,189,2,1,1
91dbaa291ae7af77,5,1,6148,3,1,4
74d7b32582598dfc,10,1,1099,1,1,3
1e35b163094086ac5218f1624720f45174a95aab,4,1,6148,3,1,4
09ce995d05503011,2,1,23.700000762939453,4,1,1
316d3aa1145579cc,8,1,79,2,1,1
867559041755692-6cd71f7a699f,11,1,59,1,1,1
d7b068182dc75c91e7f5b56268647738e487593b,11,1,179,1,1,1
ad8e465b7c751f01,5,1,24.799999237060547,3,1,1
60050565cb383289048babf4586cd76a02b1ffef,9,1,48,1,1,1
866955040684928-483fe90e50aa,0,1,27.899999618530273,1,1,1
6c8479185d25fde8c8aa8579785d8cf0ead100ec,7,1,6799,2,1,4
937755d609b50cd9,5,1,99,3,1,1
28c6aab336d7f16b,4,1,969,3,1,2
4bd99edaf4c24998,5,1,60,3,1,1
863563044120080-24fb65de8d4e,9,1,89,1,1,1
965f409540c918b15c2861f1f3b46e150db3e804,3,1,25.899999618530273,4,1,1
09d520a0cd5bc5f760f68c100ff3d8ec6c3e7518,0,1,139,1,1,1
61972622ab7e07c438218a146043c4aec9e2f17b,4,1,13999,3,1,5
ecc93add4ae449b3,5,1,49,3,1,1
3539e4166a9c382346ce180896d0edeace3d34a2,4,1,5999,3,1,4
885a3215123cb415,5,1,329,3,1,1
ea6d844006be69221eb3443689106e5cb3c5a2a6,5,1,399,3,1,1
56b8c45156143fb24ae24246ee0e02827eb80e4b,2,1,209,4,1,1
9b9243490ba8f0d9c792de2d0eb2a2c05ce47b74,3,1,288,4,1,1
0417fa14481ca5e7,10,1,19.899999618530273,1,1,1
89df1e46c3658abf,6,2,599.7999877929688,2,2,2
3f982b5c7cabd0e3,4,1,69,3,1,1
868936030589697-9487e002b032,6,1,12.899999618530273,2,1,1
ea22a5a7235e9efb,5,1,900,3,1,2
1e14c35a3c143860c0610cbae4ae53dc524159e7,1,1,336,5,1,1
7dbd31233d1aec933d54fd219e624af20b44136a,1,1,139,5,1,1
62b9cd1377918b020e94251ec8ab7eab27b8cf6c,3,1,198,4,1,1
aea6a97d1d817864,4,1,5999,3,1,4
f9c00b3836cd8763095662d88802fcb67a761ce4,10,1,288,1,1,1
270c52eeff2b2eb2,7,1,104,2,1,1
1f696abca0ef4fea,5,1,190,3,1,1
0e12606e45b65b50a7f2240af479d91aea7844c5,11,1,118,1,1,1
0c09726cc2cf5a1a627eb5e00d385a3596b62e3b,2,1,94.80000305175781,4,1,1
748ad8a9aabf48c9ce138e1e3bf1c38fcc7c8b7e,0,1,7999,1,1,4
93db4f6b10c930ef8728f88d4f7c6faeaca9cf07,3,1,1299,4,1,3
c81b68969153d81801c3b4b2d0715107905712f5,5,1,58,3,1,1
862312045924376-a8e5449b0e19,10,1,2799,1,1,3
86c69f4650d5ce14,1,1,6148,5,1,4
dae53881a4c246e2296571cc243e4e74902e4a69,9,1,99,1,1,1
884f6fe010fd6f7d,11,1,498,1,1,1
a880eca1e17fd728,4,1,65,3,1,1
0ddf39a7b1154040,2,1,47.900001525878906,4,1,1
a741b58296bcc246,0,1,899,1,1,2
1d026c5403b76f50,0,1,94,1,1,1
3c2e7bfbe0564b8e,4,1,2130,3,1,3
2e0e35667ff35d30,9,1,265,1,1,1
09665bfc1961b3cd,5,1,3199,3,1,3
867640047913418-3c86d1d13043,1,1,5,5,1,1
1131f9de1c3bc82c3764007d6873f4ebd9ce79f1,2,1,368,4,1,1
0f5f58e66a2257bb992047364048bab26813c375,5,2,12296,3,2,5
c662f824b19169eec47566533944e727cceccbe2,8,1,1199,2,1,3
fa46bca82f90dd774468ba5d570b2d19d8c412fc,8,1,11.800000190734863,2,1,1
a5cfc61ce2745bd0,1,1,1199,5,1,3
cdf3243d0275416e,8,1,499,2,1,1
dd40f0c926af0344,8,1,29.899999618530273,2,1,1
a483faba07b59a536f9880bf41f71df8277344ec,1,1,179,5,1,1
863912038136133-e44790476bf3,6,1,198.8000030517578,2,1,1
861229049301875-9809cf645c44,5,1,5999,3,1,4
864167041868441-10e95332f787,8,1,5999,2,1,4
f38ea200f1585798,3,1,229,4,1,1
456fe7dfa82cfb95,4,1,79.9000015258789,3,1,1
3abf12da127e715a,7,1,429,2,1,1
56a35dbd5395cc2e,7,1,39,2,1,1
9d681acfa3a958c0,6,1,249,2,1,1
5e6bc8c9404bea671645dda4d55dea4116a0120d,2,1,39,4,1,1
e848a91cae4d3a1d8fb4624553f2994351bc782f,5,1,6799,3,1,4
3fdff7879be0fbf81fb6b2729996b176eedb35c4,0,1,16.799999237060547,1,1,1
a22d70d267dddb55cc3d0d107fa6ef39de9337bb,6,1,118,2,1,1
39183355150d48fa,0,1,40,1,1,1
3a1721ad3164dccc,9,1,152.8000030517578,1,1,1
864467043464359-88f7bf97eacd,0,1,309,1,1,1
40cfdd7c4314f7fa,5,1,9999,3,1,4
0ccf86f425d27e56,5,1,8799,3,1,4
26957bebeb152503,3,1,158,4,1,1
678c3075262a3f47,6,1,249,2,1,1
5953531efb32a8ae,5,1,5999,3,1,4
17b1a77c686834e8c5face40d82301ede27e3677,11,1,9899,1,1,4
b99cafa66a565297,4,1,49.900001525878906,3,1,1
5b13fcbb11cf714c,6,1,699,2,1,2
198cc3bc5dc7d5227d9686004c7d698595d5088b,10,1,58,1,1,1
20b7ca8f141d4b20,3,1,93,4,1,1
25f58b8706ce2a71,3,1,5.5,4,1,1
738bcdc7b0c06d99,0,1,99.80000305175781,1,1,1
089edbdb6703b0f9824a79cfc25ef092c2cf11d1,5,1,5999,3,1,4
2e07bdde6509501be6aea26e425758c08cd76dc9,3,1,65,4,1,1
c22256b412673f7d,9,1,69.9000015258789,1,1,1
d2f577320e75f9c7,4,1,38.79999923706055,3,1,1
b3452b3f06a311a4,10,1,508,1,1,2
2658bab58325e633f74ff948c617513bf67db26b,9,1,39.900001525878906,1,1,1
b48b5bd8b4573bdc,0,1,399,1,1,1
615f99f4e6face13,1,1,1299,5,1,3
867750047136181-e4fda1567ce6,1,1,16.899999618530273,5,1,1
7bbaba7121e202ae2ef7d84a63c2481cbc223541,6,1,43.900001525878906,2,1,1
31cacbaf69fd0f5cc9dee490ffe31c1cac967f56,11,1,39,1,1,1
5e5960ab75cb465b2423347d55317d2110e69fd2,6,1,2499,2,1,3
9c3fc80d264132231436ccb5bcacdea6e375a5ed,4,1,19.899999618530273,3,1,1
cd3ed3f44fd1fd792fc68ada34c5993315c60236,2,1,138,4,1,1
0447e2997c441b97,1,1,225.89999389648438,5,1,1
865296036671640-f0c850afde3e,8,1,800,2,1,2
860281046961244-2c780ed6fba7,7,1,19.899999618530273,2,1,1
5b8c326b368ae842c15ab4c61efa8985b6ea85fa,3,1,698,4,1,2
b05674e7aa8a7435,8,1,199,2,1,1
ac748d71e3ab6617818535e78847ffe88236174e,0,1,126,1,1,1
866011044761039-74c14fe4534a,10,1,24,1,1,1
b6b0489efdf08fb6,11,1,46.900001525878906,1,1,1
868455031438432-90f052699c37,0,1,119,1,1,1
f8442e4c6d43bd4a52fb663bf4ae5e463b7ff885,5,1,199,3,1,1
866089035239678-10b1f8f0b462,9,1,69,1,1,1
3c767458a67e51f0c16b0379a635611aa3ebf1bf,8,1,31.799999237060547,2,1,1
e6a1d4bb1d45dfb4b0612116654a1558064b2b5c,4,1,16,3,1,1
0d54d2fc366c168a3a4cb994183fc4f891e4586e,0,1,699,1,1,2
6ce1398ae01f08df,3,1,59,4,1,1
869435034461051-d0d7834d289b,2,1,219,4,1,1
fbdfe786473fd28d4908234f0ec050946cb786ee,7,2,13598,2,2,5
4173d9d1eada53c15b00d52b984bcf88d2977f38,7,1,21999,2,1,5
e7de0738d34165bf,1,1,666,5,1,2
4301e1f997451f67db09079d6eaca678a787ccfd,5,1,8799,3,1,4
f40061e872af9c618824208dd18ca2f21f7b4802,4,1,28799,3,1,5
861658046289651-a89ced834df4,5,1,19,3,1,1
9872167953f18486,3,1,359,4,1,1
e1344a5ba2b52869,2,1,89,4,1,1
37be219a1a2b6457,7,1,6799,2,1,4
07a681267ccebde34f355f5249e282bb12e65820,4,1,3299,3,1,3
cb7dbace1962cc13,5,1,239,3,1,1
08b190252051e51b,5,1,5488,3,1,4
d986bdd898955080,8,1,79,2,1,1
b2ec50cc5f3a1cb209ad3a410e0266f20617e50c,3,1,79,4,1,1
4ee47147e06cc289,1,1,3399,5,1,3
cee5919d0a8122a2,8,1,24.899999618530273,2,1,1
4befa4bc9147e785,7,1,439,2,1,1
c9fe1fc67927fb96,7,1,5999,2,1,4
bb97247d5c87695a,11,1,26,1,1,1
9bc7b52c735f0991,6,1,52.900001525878906,2,1,1
decc27d84f7aa515ccd40f2818594d7fecdf9e2e,3,1,359,4,1,1
911c696ded4d3dd6,1,1,109,5,1,1
64e15d9cc3575422,2,1,499,4,1,1
86eff0a91c295535c124ad8fa4f259bfa659cf63,8,1,10.800000190734863,2,1,1
60f1265b4ab60dda,8,1,7.699999809265137,2,1,1
e6b4ce7f844cb4cb,5,1,49,3,1,1
94a834cda2615900,6,1,219,2,1,1
2eb4ad3dfb9df540854b6374632e36e49e4d86c5,11,1,13.899999618530273,1,1,1
270cd89587ad3772,3,1,69,4,1,1
dfb8b181a49bee2a,4,1,1288,3,1,3
da4052846bd3bf59b677c2b17be123222e8e3965,4,1,5999,3,1,4
7c17f75e92ad2d64,5,1,598,3,1,2
3189ee6c639038fd11949c3cc5d6b2c06f246d5b,2,1,39.900001525878906,4,1,1
59490f8cad357bd4,10,1,24.899999618530273,1,1,1
505a76027f0ccd8a8e1449564c5284b14ebf603a,6,1,69,2,1,1
4bb61d8aec2a6c038b534cab10ddae4b6674c349,10,1,198,1,1,1
cd93a240c2a7ed31,0,1,68,1,1,1
2fdf420cc322e2c3,3,1,149,4,1,1
0bdb745f00b876c8a122bd195e808f2c3cecb1bc,7,1,429,2,1,1
45a7ad4e25b3e426,5,1,1299,3,1,3
a89426132d09bdb51724ab3399f14c65bd3f129f,0,1,189,1,1,1
2274da876a58bdb8738be87a24aafbc934deefd6,4,1,138,3,1,1
6ca7dbba25ac13fa,1,1,27,5,1,1
b18243f7fb93c67b,10,1,89.9000015258789,1,1,1
862522042740035-c40683c584db,10,1,43.5,1,1,1
cee55149f75e364f,1,1,58,5,1,1
2507f348ec706630,2,1,2699,4,1,3
19d5622e922de9cc,8,1,99,2,1,1
5fb9b79654732f20d82120a3e54167e81bb204d6,1,1,99,5,1,1
869232039641070-3ca581d130c5,4,1,5999,3,1,4
621faf502f14f5b8,8,1,199,2,1,1
40e447d14ce29676,8,1,4000,2,1,3
f3d6202048fffc20,1,1,499,5,1,1
1c15aa8d37597fe9,5,1,8349,3,1,4
ced021b0c49e10a7,9,1,460,1,1,1
75402b9a742abf364e08892d5003c0cd0b014482,6,1,39.900001525878906,2,1,1
0145d09ededc6afd,10,1,139,1,1,1
2ac46be0ce81c891,10,1,28,1,1,1
6c2baa69d2b7fcff,4,1,3599,3,1,3
bd2c610c593117f722164975f5d054a08c1abc1f,1,1,69.9000015258789,5,1,1
74c5d320423504ee,11,1,99,1,1,1
4ab153b38fb61c91e243c2379a636abf11b463e3,7,1,3180,2,1,3
e51bb09001e7134d,11,1,86.5,1,1,1
0cb56421e27fe23a,8,1,399,2,1,1
e0d7f83967bf8046,3,1,99.9000015258789,4,1,1
146030db34bf6aef1bcd52e7ed2da607e66d1952,10,1,198,1,1,1
14a43a5769493c22,6,1,2999,2,1,3
1fd92cb6e87d44b1,9,1,49,1,1,1
ef53e69c74fbe527a21d703fc06758881e1a60b7,8,1,459,2,1,1
860697045448232-6c06d6a24618,5,1,299,3,1,1
866147043266594-90c54a999a95,8,1,39,2,1,1
39ad98633baa8e4e0e9b40c28ca88770058d7d66,5,1,109,3,1,1
7ec0b70fc2a88b24cb649bac77aaa6dd91158c7f,8,1,118,2,1,1
860044043484028-e4fda1a31c7e,7,1,1488,2,1,3
2c188d8956120bf3795493f4f9f423a71ec06b08,5,1,4999,3,1,3
22279f884717e2e1,4,1,1499,3,1,3
baa2450881d1c05d,6,1,368,2,1,1
a296ffef8039b88fe71ff48893ed5080b989a9b4,4,1,28800,3,1,5
8446279bd2624bdd6a62f78a824b709a4e6e4299,5,1,299,3,1,1
a43fdc9b3131f86baf8ec524fb211e5331d9b5b9,3,1,35,4,1,1
868039039148498-7047e9b6f6b7,3,1,2599,4,1,3
3ff8e9d031bbd124c19145d6518fcba0a6b4d1eb,3,1,65,4,1,1
3ea7483b14962039,8,1,33.900001525878906,2,1,1
2dbaddc28618e8e9,1,1,48,5,1,1
76c3c1d89e8b1041,10,1,26.899999618530273,1,1,1
904edcf6e7f1b890d8af8e374225f9fcc645a2b2,9,1,59,1,1,1
64cb97c5c488c33f,5,1,298,3,1,1
86de84157ac3c654299d5e8295688e7e03240e3f,5,1,5999,3,1,4
b29f4f7382b3643c6d1d53187bd718de4989c187,9,1,168,1,1,1
7988439b71e7ebae,9,1,119,1,1,1
4709db65e64c7b826eb88cebe66af199ef4cb14f,0,1,7999,1,1,4
d644da41ab137ab86843850cb241803f1d1c913c,3,1,219,4,1,1
98324ea82fec0ef4,6,1,147,2,1,1
2618625bc18e3cff1e7fdc9aa04e5693a451f376,9,1,99,1,1,1
8f685642e0afa40c,5,1,9.899999618530273,3,1,1
1dc30b023dc9f64e,4,1,49,3,1,1
9d4a7fdddbc763eb757c98f61f2222fd3c2f8616,4,1,199,3,1,1
3f2ca06f08c4432c,6,1,8799,2,1,4
3327386c6d94eb0ab3898548316eddaf9399414e,3,1,24.899999618530273,4,1,1
22b592f5d9fe4b964dda387347400ba8ab41d1d9,4,1,5999,3,1,4
6a67fc9e661774992ab21754da95d14354955cc7,7,1,85,2,1,1
c042845535000834588a5bd9a73af9f1ea527f4d,3,1,37,4,1,1
3d92ddac7ec086fe,4,1,99,3,1,1
ebd1970caf397e451189cd7bdf430f3bc5527636,8,1,299,2,1,1
7c26eacc0e8c474f9ba9d68222ef6e7a29c433da,4,1,20.899999618530273,3,1,1
8c1a199bf2c646b180781cec4b0c9d1cd036b816,7,1,199,2,1,1
d6856b8f355aef83eb83435d0f8071ee27163ee9,8,1,1,2,1,1
365c9d29956e55c4,4,1,16.899999618530273,3,1,1
7c09445589308b9c,7,1,26,2,1,1
167cdc4eb6f8eb1f,8,1,22,2,1,1
d2b057b162db47e8a50fac34df26b97db9ce1c60,5,1,600,3,1,2
4623617961ec59e6,4,1,268,3,1,1
861474042847801-ec56238da3cf,2,1,25.899999618530273,4,1,1
bc299e7475926d20,5,1,19.899999618530273,3,1,1
2502fe1419b056905adb235099547d37a8457206,6,1,259,2,1,1
a41d8a424f068fd4b5254add16462e3431a43795,10,1,399,1,1,1
6546aaa6e42caac12fad3d36975f321dd0d25cbf,3,1,389,4,1,1
9885a95d26e8dd8d,9,1,29.899999618530273,1,1,1
64ae6c1d3d699ffd,2,1,5999,4,1,4
6acecb95dbd5a057,11,1,2799,1,1,3
25fde5b1fd3e91d7,6,1,178,2,1,1
1cc542a9f6b4996c,3,1,350,4,1,1
6d8b2e23fea93fcc,0,1,238,1,1,1
ffd97a05b3cb0088,5,1,69,3,1,1
35d62d669e5b7688b3fef28bdc3072b6b2786508,5,1,10099,3,1,5
e9ac6d5847039f098056a7014b832f3d581058c1,7,1,5999,2,1,4
a0d6a45ceaa3f8d0,5,1,589,3,1,2
0f179cf7f1f634cebd4acf2fcdab1f44a9e591dd,5,1,9999,3,1,4
27dda03883d33ae9,6,1,89.80000305175781,2,1,1
76cf7fed03059c781d01614626df2e66131df2ee,1,1,79.80000305175781,5,1,1
6f067252ab2b2cb8,8,1,189,2,1,1
5f3d8ae2ab35f430661c69b2f88f3a86ef0c7d4f,6,1,43,2,1,1
5b9d8ffdf4ccdde6,4,1,59.900001525878906,3,1,1
861137040014845-a49b4fc5966a,4,1,19.899999618530273,3,1,1
4178edb46bd48d34,10,1,29.899999618530273,1,1,1
03efcb84018077e7,3,1,46.900001525878906,4,1,1
3e52f313ab9a59fbb2c8718a11c3a014394804b4,11,1,89.9000015258789,1,1,1
3dcd319f4cd36c9005c4acee3db6d4b6684b2df2,4,1,279,3,1,1
3c98e857dafd87f1d313c237f19d5eb4e0457bd4,10,1,119,1,1,1
29ed22a49857c91d,7,1,138,2,1,1
3af0a11e330664ac,7,1,39,2,1,1
94ecc9e9c62b1991,10,1,99,1,1,1
9f8eef53b415881cf1f6c475f116dd6a12f51d56,5,1,45.900001525878906,3,1,1
d2f854b4bab8753c,3,1,93.4000015258789,4,1,1
4e1b1bde3e9e2316,11,1,107,1,1,1
e95b1878be70e5018cd74abdc61a9fa769a2780c,2,1,599,4,1,2
0a37e5c35cf74cd133acddaf22796bf281543ad4,5,1,8.800000190734863,3,1,1
f1d5096a85c58c0c,3,1,138,4,1,1
bd7fb817206890a1,7,1,65.9000015258789,2,1,1
865223049431994-e419c1fd75c4,6,1,599,2,1,2
2962a3c6361c7220,3,1,319,4,1,1
588e58276202d6ca,2,1,1099,4,1,3
82108bfa4b29a05a,1,1,25.799999237060547,5,1,1
a97486281d9ff797cbed7ce7b16beef380ed6564,4,1,50,3,1,1
ad2e7713e39a037,6,1,600,2,1,2
5e89364676225c89,4,1,39.900001525878906,3,1,1
0ea6167410c95c7e,4,1,99.80000305175781,3,1,1
c5f175fe43b99842,6,1,69,2,1,1
9e3ed610d57265b3,11,1,59,1,1,1
9845fc38050a97f5,10,1,2999,1,1,3
862474046323261-fcab9030df40,10,1,60,1,1,1
d4d4383533b3a9c9c0f59b1688ab809b319a8223,5,1,46,3,1,1
865463036581217-986f600fde07,2,1,179,4,1,1
9c8fee4a62586717,11,1,6999,1,1,4
18151cef7c999276,5,1,229,3,1,1
217e156313f0daf9,8,1,49.900001525878906,2,1,1
eec60f83ecb33f3955450e5f631192327675100a,11,1,57,1,1,1
f600548adc8a37f3,4,1,599,3,1,2
f1cbf15feb19d495e659251ec6461111805a607e,4,1,369,3,1,1
8207f44122e534ef07d3981d9d355873c0bc1c62,8,1,89.9000015258789,2,1,1
862935041074976-4459e32ab22f,5,1,6799,3,1,4
0282bbbe1953b224,7,1,800,2,1,2
70701f57430a65aff18b98c414e73295e60f6420,4,1,136,3,1,1
f63182f58dfbc478,2,1,2499,4,1,3
70adcb62ba866756,3,1,128,4,1,1
724a52c07ec03cb539140aa1ed621ddd02dd691a,2,1,69.9000015258789,4,1,1
a53725976cd9dde4,10,1,89,1,1,1
A000009DBC62CC-2cffee37c8ab,10,1,179,1,1,1
e7db465fb485a0f0,0,1,68,1,1,1
a50c4a9ccde7454866e9e55fe4a0a2153e867257,8,1,22.399999618530273,2,1,1
e0e0ca76081f3a35,11,1,899,1,1,2
e91e2f8f2c5cb10c23606a4cba7dfc0f4783d989,3,1,34.900001525878906,4,1,1
2a4c36397f6da5cf,6,1,219,2,1,1
f2795a6f58bc6dfe,0,1,21,1,1,1
74c52129d2942d7f255f7fb6a7d92e09a8ed314f,5,1,11,3,1,1
866712040385778-745909657c64,9,1,29.899999618530273,1,1,1
ea983f7942a9bc034a6d0e0210ebe5a5c5a09434,11,1,26,1,1,1
869695049110353-0c20d3f14d75,8,1,499,2,1,1
f6da5cbdfaf932be,7,1,109,2,1,1
079ad0e7ea3c05e41e9c37fa1e425f23f8d082b1,5,1,40500,3,1,5
2b536e12cd646641,4,1,6999,3,1,4
eb32eaaffe9bce5e,10,1,79.5999984741211,1,1,1
a469eea0566cb632150316aea1f5d798f5c94bda,1,1,89,5,1,1
eb27f79d2f5123a4,10,1,43.900001525878906,1,1,1
624325d15b7c66620b071cb03b09acb3a2a7da1e,11,1,51.20000076293945,1,1,1
a8956e37014b2589,6,1,1999,2,1,3
ff9bf2787b7be8f01c5e9c3ae48daf019d647607,5,1,38,3,1,1
99001291433286-4801c5051824,4,1,128,3,1,1
2bce27ed74f300fe,6,1,339,2,1,1
64a336b52808eade01bc05b7091b58e83f8e7cd7,1,1,529,5,1,2
864314045789856-9cf531780e6f,10,1,15,1,1,1
861243041044557-b89436b9f50c,3,1,63.900001525878906,4,1,1
f49efb9e8cef6511,11,1,129,1,1,1
865428046205057-20311c0c7687,3,1,310,4,1,1
863157049778156-e0e0fc0b6a5c,3,1,5999,4,1,4
1c2398a5fe6e494a893e22acfe8057304a6bea15,5,1,649,3,1,2
f741330922567ba7,6,1,13.899999618530273,2,1,1
afc5e2b0cb728db1,5,1,5999,3,1,4
140a8af986ca033a,10,1,599,1,1,2
39554a7cedb4071a,4,1,34,3,1,1
46e5d44eacea4350,1,1,11,5,1,1
37574823e9b4b30b,11,1,900,1,1,2
862965032415672-cc2d8321e797,2,1,12.5,4,1,1
fc5dd6a508525155,3,1,146,4,1,1
800f7fabed7d9a58,4,1,58.79999923706055,3,1,1
25f9b8c273c0dc30,4,1,19,3,1,1
f48b63ff9f6383fa,5,1,1098,3,1,3
ca2275ab9afc88f9ae50961a1be397e2660c8269,0,1,198,1,1,1
502a42621493ede0,8,1,39,2,1,1
95e2a85d6f2de7f02fc41ea49aa9cdb683be746a,2,1,99.9000015258789,4,1,1
38eeb831911c5dd8,3,1,19000,4,1,5
866280042364217-dcf090bb274c,0,1,3999,1,1,3
a2abf04f985f0a92,4,1,420,3,1,1
24150773e7768672ea6808d59d3a3b95eac3409f,11,1,225,1,1,1
e69e5b2a7e54d03d,10,1,99,1,1,1
ca3a8a793f4aea82,1,1,129,5,1,1
1fe066574ea4db16,11,1,15,1,1,1
c96dbe3797effc076b69a5319d711820aadefa17,5,1,369,3,1,1
642366ced2d53d3a5833fc11e8f8ab6bac0a3de7,4,1,129,3,1,1
c23dd29f2608d59fb37e4b47bfe32fa1b1268b51,7,1,298,2,1,1
f383609e4379877aadc8d92f6bc8a26041282ce3,7,1,39,2,1,1
d4ac9ab63476586a76515590ffe6446c1859ae6a,11,1,79.9000015258789,1,1,1
1c99002e2313a5314b20dc9bc409af1fbf263aa5,2,1,36,4,1,1
a38d15e4566f73a9,7,1,59,2,1,1
864973047642478-08b3af2e2e29,9,1,21,1,1,1
bdcc8101ad61fe88f0cc65b8b951c84e7dcf9a1a,7,1,139,2,1,1
2a3b996f2c7dc13419785bbf71310d2fd87f4557,11,1,59.900001525878906,1,1,1
649b394094c421ff,7,1,1599,2,1,3
3d4a9d58ae65598c,4,1,1899,3,1,3
95be5523b8e5403cdf0729b60caaa9d4ffce8a5e,5,1,36,3,1,1
064aa7b3a414cc5a09426feb93169e3990983680,4,1,458,3,1,1
867602049833259-c406832b46bb,5,1,158,3,1,1
d7b3332d84d645e4,4,1,229,3,1,1
864180047070672-885a06c5ebb5,4,1,2099,3,1,3
2f47a74cc7d553ff,6,1,138,2,1,1
f6e2e7da2a1defc8,10,1,78,1,1,1
a50cc1c6942b6583,11,1,89,1,1,1
10e69342c050a7c7,11,1,15.899999618530273,1,1,1
02f5d0a196578239,7,1,29.899999618530273,2,1,1
3238fbbb5031f0f8,5,1,2899,3,1,3
6887659e03f92d84,11,1,519,1,1,2
862169043376813-745909c0af91,6,1,10,2,1,1
e06fbd6709b5f5bc,8,1,27.899999618530273,2,1,1
fd5e35e4c1f7a25b28001978a25c2014a10bddb1,11,1,359,1,1,1
1aa9923879b317fa,10,1,49,1,1,1
30b04dda45b433251bd1a435c2a2cc88249778f4,3,1,229,4,1,1
cab48ded1a21ee82d84dc7d7b4f9b4d82a41e96d,1,1,69,5,1,1
181474292bd22fca,5,1,5699,3,1,4
1abd5634af26984a,8,1,75,2,1,1
63be24212950c6cb,1,1,3999,5,1,3
c4153f2975dc7e7540fb800085706628760627a0,4,1,6199,3,1,4
a5f8f56ab2ecc116,4,1,413.5,3,1,1
861176045480916-4459e3141d6e,0,1,118,1,1,1
3d506eb377f7bb6a,7,1,128,2,1,1
fbb750cf0ab48f4a,6,1,199,2,1,1
162d737e516169c2,9,1,44.900001525878906,1,1,1
621798d4b44f5232,11,1,2599,1,1,3
d94916e6d7107567,9,1,14,1,1,1
49585c358d56ff6e,7,1,3099,2,1,3
868235043896797-20da22a035dc,10,1,59.900001525878906,1,1,1
485d4b6bacf19461,2,1,49,4,1,1
543e87f2dfaf11b1897eeb775ef0aabc244e970a,4,1,4499,3,1,3
577ed2b306bc6912c6a98f7524d8ad5103a193ff,5,1,1699,3,1,3
6411d5f2da6cc7ed,8,1,118,2,1,1
a3aec6acc827da7a5b4de379cbf2c54a5197650f,9,1,55,1,1,1
3ec791af10e51b67b33afbff0acf1c57aae9ff03,1,1,159,5,1,1
862474046908533-fcab904e0aa4,11,1,139,1,1,1
43cd49451402fb977b89f7e47724dec4c5301028,4,1,4030,3,1,3
5688352d9c407154ce4df8bacd3b352d0703cd48,8,1,89,2,1,1
507f5caa3898a1e7,3,1,79,4,1,1
7411f50581bc64cb,9,1,2999,1,1,3
d76103040d8ccca7,9,1,69.9000015258789,1,1,1
862780045568312-0c20d3867909,10,1,59,1,1,1
866922047140932-c4e1a1b57f9f,1,1,1072,5,1,3
e647c4dc2f35a6a6,5,1,39.900001525878906,3,1,1
0cec51a7a0accb206b27f89f84245d829fdc168f,4,1,29.899999618530273,3,1,1
861198047219795-342912c55109,3,1,29.899999618530273,4,1,1
60c6620d4fe13b46,5,1,340,3,1,1
20f8ac62cc9ae98be1ff1f93d4db3c722e17732e,5,1,35,3,1,1
ec237dc46459fd4978bcb4c7ce5f798e056c5169,9,1,18.8799991607666,1,1,1
863977044707847-048c9a4b9f25,4,1,8799,3,1,4
154f7ad7f667088d,4,1,48,3,1,1
c39f4d04f811dd55,7,1,10,2,1,1
29b0380bcc191493,7,1,2799,2,1,3
1609aa8e0354166c960781d96669907626620425,4,1,5999,3,1,4
d2b55cc7a29b1a6304bbc652467516587ebe6050,4,1,299,3,1,1
00c92011e88468eae0a0eea6b1da397ef5e5b3c6,7,1,41.900001525878906,2,1,1
8c0761b0a4c77bbd,9,1,156,1,1,1
2a8413f0e1ffcdedf31dade3c8361d772ea701a9,5,1,2599,3,1,3
05b9e5c2716d1a835858bb427236a1e708afca7a,9,1,18.899999618530273,1,1,1
a8f8074fbda0fec0,6,1,125,2,1,1
d700c83ec0164be0,7,1,26,2,1,1
d2872498c4e591ec45eda9b3b9471dba52a096ce,6,1,229,2,1,1
39619cfa93acfbcc,0,1,99,1,1,1
9f7738c78fff99d2,9,1,298,1,1,1
9e823016c67ddeaa048a8b8a1feede24b55e9b7a,3,1,159,4,1,1
b865e2beaf2c5977,2,1,94.5999984741211,4,1,1
d2f20ffbbc7ebf0e,3,1,35,4,1,1
4ba1d1574250c169,0,1,39,1,1,1
b62a43abb29dcc6c995ee979d42171e804cbf587,4,1,5999,3,1,4
1ce22cd12d9eecf2,5,1,158,3,1,1
6eb434894e64a4121d3eb69bb0d388c57109cefe,1,1,228,5,1,1
8c9fde824bec6354,8,1,66,2,1,1
efb397d26cfe34d545a2f2b10e6a100247086dbd,4,1,8799,3,1,4
fa9cb2a11c6589b6,9,1,100,1,1,1
4ae0693a22cdfd4404a0c7d5d022b6d6481cc651,9,1,2899,1,1,3
28d5585366eab30ab10b2135dddc0f159ffcaab7,5,1,1246,3,1,3
3700f1b2cd6703ec,5,1,1599,3,1,3
c2d389f7e2e3c1c0,11,1,189,1,1,1
867679035519357-f06d783548e1,4,1,37.18000030517578,3,1,1
fd7fea0a2fb81aac,8,1,60,2,1,1
ce96ce9becf6476f68838ebe717247c80c905021,0,1,68.9000015258789,1,1,1
5598437d237441d45f15030366d576b9ab51a04b,4,1,5999,3,1,4
866271041461252-a0d80716dde8,5,1,53.900001525878906,3,1,1
2983cddeabdb21a8ad26b75a11c2b313731ad99a,9,1,68,1,1,1
e64ab9f2c3ef43ee,7,1,118,2,1,1
fc711eb07fd07a22323e570e3c248055baaf2cac,2,1,9799,4,1,4
02bc04ba8ea2983402eaabcf8c98862066a74de3,11,1,12.899999618530273,1,1,1
86ee4a74c50cc0d7,5,1,48.79999923706055,3,1,1
607904eecfd30b52,0,1,129,1,1,1
11b29060b9ab2e18,11,1,89,1,1,1
48496749b5b2e342,6,1,199,2,1,1
b9fc8bbce8282f53,1,1,129,5,1,1
e5c1f5b931eb4027,0,1,9.899999618530273,1,1,1
b85ff96d29c9344e87811d0f319a7955e7ee0e0c,9,1,118,1,1,1
ea8dab8ac700c18b,11,1,19.899999618530273,1,1,1
a0c0ed0190b26385,1,1,49,5,1,1
9cced1e316dac06b,2,1,42,4,1,1
deb0b43543777b9e3e078575f6d79aaca40cdf5d,0,1,35.79999923706055,1,1,1
e2ccacf68d0866a6,5,1,59,3,1,1
b110ea73987f80bc5b3267606a44759d27e0c723,7,1,598,2,1,2
2ef9fa2fee2ac0d861e4ee6073fc9cd9f81a0097,1,1,759,5,1,2
8c1eb8d2a3fd0a6,9,1,69,1,1,1
4e60a26f1ab32e73d5228da300f87ae330559158,10,1,258,1,1,1
ab69683dea79472625120a5c21e474a14cb9d466,0,1,339,1,1,1
5de3437f4ca2de5c85b83203e4f9848c63eb2279,0,1,79.9000015258789,1,1,1
4ee560d2ddfbdf30,6,1,649,2,1,2
fcc64ded2b7e9469,8,1,259,2,1,1
630308320f0569e8,5,1,18.5,3,1,1
4aa7651b62c0325b,10,1,5899,1,1,4
e9b018d7d89da8ea7d84ed8993e41afb5e9bc086,2,1,189,4,1,1
84a93d33a5c9056d,4,1,149,3,1,1
a22e7c02a244db67,4,1,32.900001525878906,3,1,1
eb4a9c2eaf48a56c0c48879936b58b600665566a,11,1,79,1,1,1
869353044588112-342912b3ead6,5,1,3499,3,1,3
95d5672d848c8bd8,6,1,43,2,1,1
c7f938382779ea16,11,1,129,1,1,1
9eaec7aa2fa10a3ab3a248e5a423cce1f7b3944f,11,1,299,1,1,1
35fdcc9cda51e61662f0d2746212dd801857312c,7,1,2.9000000953674316,2,1,1
10a039b332a67e7e,11,1,80,1,1,1
d0b88b90f1222f63cab6bb3927c5e9dda686e745,2,1,79.80000305175781,4,1,1
2d3822857c09ae67,7,1,5799,2,1,4
868445048416919-d467d33b8b65,10,1,19.899999618530273,1,1,1
15169e938145a849,11,1,109,1,1,1
5a555851f214cd39,2,1,79.9000015258789,4,1,1
1b9e8d38619cdfb3,10,1,23.899999618530273,1,1,1
ae4332e311bdc842,4,1,2599,3,1,3
70434a6b5449a30d5eef34b45dd4223d5ab4aa44,10,1,59,1,1,1
32eee4ccabe7e73a91450902580a6fe6a7cef8d6,9,1,16,1,1,1
860820043850833-ac923223abf1,5,1,370,3,1,1
769f20d34a49a157c8477307a52998aefacaef21,3,1,5000,4,1,3
01adf3f24e168d98,7,1,139,2,1,1
2381483de5f2ca7a,5,1,43.900001525878906,3,1,1
252ef0407ddd692a,3,1,40,4,1,1
dfe787c737a51084,2,1,119,4,1,1
dee2dd1b4799b18e,8,1,29,2,1,1
039aadd72e57dbe6,3,1,58,4,1,1
c92bb3259670f7d10e284d620ef8a6cfd183c3d4,0,1,238,1,1,1
eb449c6d30663647,6,1,3,2,1,1
5228a0ef7a63c281f5f593787642b8071ad61436,3,1,69.9000015258789,4,1,1
753446e931f9e1da405549e542647895fb75fb62,3,1,99,4,1,1
3ecc12c5319f2204b2367de5631fd0ea62a55a01,4,1,99,3,1,1
493b620df5f87d08ee4576cab5cab4c20e92f07c,5,1,108,3,1,1
3f360081d41c62b7,10,1,97.9000015258789,1,1,1
cb81c30a5a2fd621c7f7820f5dd601cc0ffb8763,9,1,3699,1,1,3
869440051136073-b0c9520d059f,1,1,1099,5,1,3
351922101744795-e8e8b797b5cf,1,1,199,5,1,1
87b79fba08b32714,2,1,389,4,1,1
1180703fc41facf145530924576935d5a78992cb,5,1,635,3,1,2
068a87e7140ac88a,2,1,598,4,1,2
179e78be304a7c3a,5,1,3299,3,1,3
ccebaf4099187bd94e1d7eb73bfd0e2dc4931d95,10,1,5009,1,1,4
7ac2dd5abd48288a,6,1,3699,2,1,3
137f1be2c27a2c6e,9,1,9,1,1,1
2ea3b7e3ccd15a2c,5,1,2999,3,1,3
7425a2f9d632288f21790f179d349e67262f0f1c,1,2,670,5,2,2
b1f70d34bbf7eca0d4f6843ea0ba3ad53a648ae6,7,1,3899,2,1,3
c6712bfc6259531c471831080a7d6dc307ff11c6,5,1,79.9000015258789,3,1,1
886a4836ac770a778f2ccf6646d5b0d6587f7b5e,7,1,89.9000015258789,2,1,1
865078045930781-d462ea96fb4e,9,1,18.899999618530273,1,1,1
99001273534219-a450466becc3,4,2,121,3,2,1
9e4f22c5e7cb80e52e20b1eb46b595011574a736,2,1,79.9000015258789,4,1,1
863173047427019-70dda87ccf62,11,1,1999,1,1,3
2676c437dbc59200,4,1,288,3,1,1
4a2b3473cf3eb9fd,7,1,39.900001525878906,2,1,1
c7c372d35fea11c8,3,1,119,4,1,1
076432efc63bed6ad6030073da611bf2e05a5bc0,4,1,10.800000190734863,3,1,1
a8f7a11954e1fc12,2,1,1199,4,1,3
2b53e12d11c80c60,5,1,95,3,1,1
3f1125bf788aa7590d8cb817b1da26ebe0d9f975,2,1,89,4,1,1
cb16c68d609b21e4070135e7f7995a28f88ffee9,4,1,1988,3,1,3
2c9760d3f85b5f68,11,1,75,1,1,1
c6082eebe156b629,11,1,2299,1,1,3
33954aca57f8633f,7,1,8799,2,1,4
ec5783efcce728d8,0,1,11.899999618530273,1,1,1
a70bdae80039953e,11,1,349,1,1,1
2f0f84366249380b,3,1,5699,4,1,4
8dc459884720966f,2,1,39.900001525878906,4,1,1
09034d7edcc01e28,5,1,15.899999618530273,3,1,1
5249678514daf8a6ded3a6809ff09b9417bc73d9,7,1,118.69999694824219,2,1,1
44f53542466e2324,10,1,139,1,1,1
0251103e1f69d33af1fc6e0334ef28956820f85f,1,1,109,5,1,1
64fd13f2e4ee2fd57a5ff49f62f0f4810683c830,7,1,37.79999923706055,2,1,1
1aef7debf91fc6b94552f0ebd98cc8b0812f348f,0,1,19.899999618530273,1,1,1
181b636fcd8c9b93cce5b32feba030140ff55fa7,10,1,22,1,1,1
6a740b9714aced9adfab653e570fce6bcd4701b9,1,1,19.899999618530273,5,1,1
541f30c0c97b78862c198dc5d11de19077cba0b1,5,1,5999,3,1,4
53915805ff145c462deea8c09578793c14316c33,3,1,18.899999618530273,4,1,1
861138045368954-d0d7831bef19,5,1,199,3,1,1
fd9b20f654125030,4,1,5999,3,1,4
14e065f4738cb363,1,1,79.9000015258789,5,1,1
2e9adea93863dcf95bb3fd3bafba5249c36de224,9,1,38,1,1,1
3e32af45134b69a2b14166bdc7a593be8e5180ef,2,1,999,4,1,2
1e3c0740b6b51703,1,1,818,5,1,2
db9aee64263cafcb,8,1,178,2,1,1
5be1fa26d1e2034ac6030dde242241a83957fa0c,4,1,463,3,1,1
5c7421d5442e07a6,2,1,33.29999923706055,4,1,1
5f12e90760ece7d1,8,1,1399,2,1,3
f25c03961d5bd6421adbfadd44b56063fa7030ec,5,1,189,3,1,1
42451eb2e1184f5f,6,1,638,2,1,2
96920264ff0ca6183781294e6535cbecb61715dd,8,1,15,2,1,1
40ad4ae20e4f99a904803bbe54e7c7f3eb46c7ca,7,1,8.899999618530273,2,1,1
131e372848df6c455702494fff3aaaded533b8cd,8,1,106,2,1,1
865873040057527-24da33eeeae6,8,1,279,2,1,1
59f93eadae4426398a7c67b3808f04b69067a8ea,4,1,3999,3,1,3
907b1bbfcb068dc62e4a9c8ddc53859693f1f24b,9,1,159,1,1,1
d886dc6341c1633cb837c018b50f9902c45d54da,3,1,2499,4,1,3
3758cd5dc3925649fe1a5c10fb532d2282111ad7,6,1,42,2,1,1
889d1cfe56f4625fc8e37e5443b15037466f57e0,10,3,777,1,1,2
25958c8dd65c33bd674b54dc455da7e03ede4578,5,1,179,3,1,1
3aacdb693d67f807,4,1,79,3,1,1
867561046971712-847637b7d9b7,7,1,99,2,1,1
f1586ded6744468b,10,1,15.899999618530273,1,1,1
8dd08d91b753ac61,7,1,8799,2,1,4
0d89f95a9712c5f9e44629e948cff9c06e5664d2,9,1,25,1,1,1
528e90f52503779c,8,1,9799,2,1,4
4480eedf0c40e5fa,3,1,519,4,1,2
867130038957004-ac075f432845,6,1,28,2,1,1
4e4b7ce16abd027f,5,1,1337,3,1,3
cf10e4ffba9ca00e,6,1,599,2,1,2
0e3fa28aebadcdc9,4,1,3199,3,1,3
d1fc8773c6a84d05,1,1,298,5,1,1
2919950ee95ae21b,7,1,139,2,1,1
247aa3578bc70ec8e4e36c50e47ab8f6479d3514,4,1,5199,3,1,4
df2a6bdf8917f2f1,11,1,4986,1,1,3
e145191ab3f6bcbc552b664a051b90245b4259f0,9,1,108,1,1,1
f3c9c931116c2543f8913bf81ccce0df830a0859,10,1,26,1,1,1
986777679cb18a3e,6,1,65,2,1,1
6ff4707662557c546fa9e87ce2a1d97ec6856ee5,1,1,86,5,1,1
0bfe4f8e87b6fa0d,0,1,25.899999618530273,1,1,1
866536038242042-909497071cad,6,1,35,2,1,1
b3c9dfa257fb35b7,11,1,32,1,1,1
546262534f5fe022,2,1,299,4,1,1
5a63549e47c650ff8d9f5aa22aad6060750bbeef,1,1,109,5,1,1
864973046548270-0c20d326babd,0,1,179,1,1,1
6815f6ecc2280034c6ce6c4c22093ba730560867,7,1,19,2,1,1
385cd3f35ed40aea,4,1,42,3,1,1
ffc1207f50ea6f3c,7,1,2499,2,1,3
c355d154656fc00e6e1d14522f356da4b8cdb3e1,4,1,999,3,1,2
5cfb4e9af2ea43e5,3,1,3699,4,1,3
868997045961982-d89e61144ddd,7,1,7.800000190734863,2,1,1
58478c0c62fb0081,1,1,44.900001525878906,5,1,1
acba6adc0425d6ee,2,1,79,4,1,1
867661048680970-488764a45c19,5,1,199,3,1,1
e4d702e853d446e2e2cf8d753493c65adeab816b,7,1,89,2,1,1
865441031813181-4c49e3542264,5,1,3899,3,1,3
029c71ce9e120f0fad36457c43dd0abfbe9e4761,5,1,42.79999923706055,3,1,1
869559045492944-347e000ccb29,3,1,1999,4,1,3
6d33858d1c175258,5,1,28.799999237060547,3,1,1
3b371bd868d1355c5c142e8969128cb34b9816a9,10,1,203,1,1,1
45b1c145b3161e83,2,1,4198,4,1,3
8fcb1830623c334a,1,1,8.899999618530273,5,1,1
3d2100f6db87be87,1,1,59,5,1,1
1a16835037cf9bad,9,1,129,1,1,1
869111043901615-20f77c936f97,4,1,659,3,1,2
f142c901dcebcd73,7,1,19.899999618530273,2,1,1
378889c4ef23140fdf088bc777427f941c2767b9,6,1,799,2,1,2
df10cf59d4317c83,7,1,119,2,1,1
861297044209971-2c780e5e29c7,9,1,43,1,1,1
6f84028b01f67e92,6,1,37.900001525878906,2,1,1
0b5f1aa16c1a0e4f,4,1,45,3,1,1
239e007b60fa6d0a1c7745386eb3d25a956f2ba7,1,1,649,5,1,2
3c5039b8787b68cf,7,1,13.199999809265137,2,1,1
371424bffff9dfcf,7,1,228,2,1,1
35b04cba0711ccc9,1,1,87.80000305175781,5,1,1
bed922a3a514bcb92e0b089181eb6c94dc63865d,4,1,6799,3,1,4
74d9c0ac6840c995,7,1,49,2,1,1
6aa14307614bc5676c191d4345c303565d57c87a,3,1,98,4,1,1
8323e3cfae0e5671,9,1,19,1,1,1
9f5b38b470a46dff,2,1,199,4,1,1
fec40a4b4c0cfb72,10,1,29.899999618530273,1,1,1
50ef5ea3144f1ea2,7,1,298,2,1,1
866822034399543-e446da6bff86,4,1,138,3,1,1
4434fa14c79087ef,5,1,10999,3,1,5
b3774f5700f3fdcc551bd7b52945c3098a09d6f5,11,1,499,1,1,1
5f96a1842206ceb1,3,1,15.899999618530273,4,1,1
7719bf58a4fbab81e65f2bbeb1bb81e55fb72c6f,4,1,5099,3,1,4
184ed3618e028da3ea548dc0c4a819da0876dfdc,4,1,2808,3,1,3
a0e8586f07ef0d1ebea52feb431a269573fc28a0,8,1,1099,2,1,3
5eebbfb20f4fd5f8,3,1,12.800000190734863,4,1,1
82158a98c7453eb7,10,1,58.599998474121094,1,1,1
652386666635ef9f,1,1,136,5,1,1
31d08c7be695c09b,5,1,199,3,1,1
866361040297490-2cffee291b1d,11,1,199,1,1,1
4d9c624ababe5013,6,1,35,2,1,1
49a737fe49eb72ed,3,1,899.9000244140625,4,1,2
a209b5a3b60b7ad300a070f479368564ff012c95,10,1,119,1,1,1
11da237da628cc4e,11,1,369,1,1,1
ae19e3aabb2d6a8f64c1bf143c8cffda350678f7,5,1,29.639999389648438,3,1,1
e85bd5902e88b205,5,1,2421,3,1,3
60aab5c214b5409f,1,1,68,5,1,1
826c0c0238c37b32,11,1,59.900001525878906,1,1,1
64023d970ee457a2,1,1,159,5,1,1
862638048434470-58c6f0941c39,2,1,23,4,1,1
6ad6c4ffc1840fb4,4,1,399,3,1,1
8872ff001706aad7,5,1,5999,3,1,4
1559c3cbd3d6f153,1,1,25.899999618530273,5,1,1
59ada6a057c27abcb344462b010fb3c25b62883f,0,1,149,1,1,1
c4d606ace9001d3a,4,1,29.899999618530273,3,1,1
d1f720a51540392dc6609dd1bfdeb2d7f6d05329,4,1,28.899999618530273,3,1,1
32d0e79eddcc8bcf,9,1,95,1,1,1
865988049779945-b4cd27f01a71,5,1,68,3,1,1
867661042398934-2cffee4943fd,7,1,32.900001525878906,2,1,1
7a7b3254f8b5d8459c50ca1da196a5e97be7dce0,0,1,39.900001525878906,1,1,1
3b2bab77be04c06b,10,1,29.899999618530273,1,1,1
ba973c795f26914e2b21d5b66a6928887047f3c1,4,1,5599,3,1,4
a35299eff7446d07d7b0e6a7e4b636bd6c6d2a79,6,1,35.29999923706055,2,1,1
ecd994121f495bfe4f75914cc8163afbf1093db3,2,1,179,4,1,1
2920fcbd58269fac6afb8c27795663aedf51a094,4,1,6799,3,1,4
6705dc5198ed3549,4,1,2599,3,1,3
aa6fc488250369fb,8,1,169,2,1,1
9d56e6a141848e01ccb0f77e91f8d70ac04ba454,5,1,21998,3,1,5
8f005fd66de0716f2fd9cb0bb2f2060c2503c1ae,3,1,5999,4,1,4
b0652ac08fbeda2c,6,1,48,2,1,1
66e0e78f1ac4a3e7e0f8d2598b9e85dc24c640a1,7,1,6799,2,1,4
869479044348197-20311c0b4065,9,1,159,1,1,1
515bb938fcf2bd659e20297876630eaec92caddf,8,1,24.200000762939453,2,1,1
b2d04086a1728c871490814e171d3e7bf1a78814,1,1,148,5,1,1
d5c9583df8381996,9,1,129,1,1,1
158cf21826520aac,7,1,17.5,2,1,1
868784047625512-d462ead77243,8,1,39.79999923706055,2,1,1
7b18639c0a1456c0fe4f352db793490fdd29154e,11,1,39,1,1,1
bfbe365afae23a03,4,1,29.899999618530273,3,1,1
866389044694412-342eb647f829,3,1,45,4,1,1
01cf46e7cdb5f06545b8fa7ca63b943cbb9dce89,5,1,189,3,1,1
425bd7f68bdec648,8,1,2599,2,1,3
8ef737599e7c395f,8,1,3999,2,1,3
d058f0e3f326b7c1,8,1,849,2,1,2
e330909a49ebcfdc,0,1,1,1,1,1
d5ab381cd86c821c6dc904dfe1847efdabd2241c,11,1,359,1,1,1
eb2bd719cfffd2a4,1,1,59,5,1,1
2f091409267aa40f,7,1,65.88999938964844,2,1,1
e999710a2482004f7b0891bc19e428078e5f760d,7,1,229,2,1,1
5a21d85503cbf4db,3,1,24.899999618530273,4,1,1
2a8f9aab72f8d13df9584fb0bc80656baa25ca79,4,1,229,3,1,1
26202bb511b38d7b,5,1,1999,3,1,3
5934703ff85ad8d8b150ed8e966460e5569d3fe3,9,1,49,1,1,1
860956041050842-28167f8deec7,4,1,2348,3,1,3
4091c3fd8eaa2342,1,1,39.900001525878906,5,1,1
12f1662aeee218ba,10,1,799,1,1,2
be1ae79af714f6db,7,1,18,2,1,1
95fa37c2ed68b711803f40fdb92716208a0af232,5,1,86,3,1,1
869774038453106-b4cd2755106a,3,1,459,4,1,1
707c32a2ccb51254,9,1,339,1,1,1
14ba0e67b24bf1f4,0,1,119,1,1,1
185b73a1dd0ffe0b,11,1,166,1,1,1
2e9043dcb6b531cd,3,1,39,4,1,1
748c21ff8e505f59,10,1,159,1,1,1
b7a6b1c1cde7737a,4,1,150,3,1,1
ead6ca3956b7aa0479fcfd4a9bb520b9a64c1526,5,1,13300,3,1,5
3040fa1817c12c0b,10,1,188,1,1,1
a6ceec2ef59ee91e,2,1,99,4,1,1
0c66833041b96e89,8,1,88,2,1,1
c448b04f39091c07,7,1,58.29999923706055,2,1,1
d928129c8239493b,5,1,99,3,1,1
e5f32876867d066ab8bca36efed00ba2249cb244,8,1,229,2,1,1
3199a5e70750ee0d,3,1,99,4,1,1
862552030717026-849fb53257e3,9,1,21.899999618530273,1,1,1
863270041378832-048c9a7e83eb,5,2,1998,3,2,3
78339a70903b1ff5,1,1,310,5,1,1
9a6436ebce510eb29629d989fd8ca62f88737a1a,10,1,179,1,1,1
ca2b977ff140ab40dad9bce93953f3a1b9854d7a,2,1,8699,4,1,4
b99f6cbc1cdae893,6,1,3249,2,1,3
70b6155d35c9a669,0,1,9999,1,1,4
ef18f65fa8acc141,3,1,34.900001525878906,4,1,1
b2ff0521191bff3c,5,1,135.89999389648438,3,1,1
866955041378462-483fe92685e4,5,1,26.799999237060547,3,1,1
776de45cca031e5b,0,1,46,1,1,1
c4fba4b97fc0a76e,7,1,39,2,1,1
1c5b7477676142b853642c5539bc3d2616bdbee0,1,1,58,5,1,1
d9504320f728bdde,7,1,4299,2,1,3
85f0227254601b90,4,1,13999,3,1,5
d58727112e1f4a62,4,1,258,3,1,1
3d49f9984d3d0600fe23adf330d5417365dbba9d,10,1,588,1,1,2
a76a62a85f4bd1674550a4bb11791687d02556ec,1,1,139,5,1,1
99e09cb27b1b3df1,8,1,49.79999923706055,2,1,1
d134ef5b9dd02b1f,9,1,26.899999618530273,1,1,1
a89f6c410679bbd4519434e3dbd3189a8eae8b56,5,1,69,3,1,1
ebf5f32df9855596,6,1,26.899999618530273,2,1,1
1b22f67c9b86ae0f971ecbe8fbf7ed544c0c5d0b,5,1,179,3,1,1
d225c851a7f89217,0,1,344,1,1,1
61c79962d5206c95,5,1,2499,3,1,3
9541909bbbc629289c9bc30010fb6bef9f43a74a,6,1,8799,2,1,4
866265035829052-94652da87d33,5,1,59,3,1,1
91adabd42353e0e4,3,1,5999,4,1,4
869138041353507-ace3422bcf11,10,1,249,1,1,1
867375048975799-a87d128f51aa,4,1,2999,3,1,3
865594049564988-7459095e7d54,5,1,1119,3,1,3
4e85bef4bfcebe0df04c26a1ead4d516823fbcff,7,1,6799,2,1,4
fae07bad980e9126,6,1,148,2,1,1
d558b4eac05d2ce4c68965864a573e3943171970,1,1,228,5,1,1
ed8f876566b8724c,1,1,1299,5,1,3
dd7651e52e95c37e31eb47e2af5782e9bfc2e78e,8,1,139,2,1,1
13f0b1a8c367cccac67d970a59bd6cf35da5f7e9,8,1,228,2,1,1
882c6e0474333f4c,6,1,2499,2,1,3
cd7cd1217ed05656,9,1,18,1,1,1
860751045943369-ec8c9a2bd225,5,1,39.900001525878906,3,1,1
ee82b23893f2b92c,4,1,1,3,1,1
40d62d8e45de1ab3,9,1,1599,1,1,3
718a3186ffd871b29e9b5eb2857791497e28d4cf,11,1,115,1,1,1
88da96b3ecb8ecfa766c5072eb7e1a6ae2da495f,3,1,500,4,1,2
f0fdbbf0fc090bedd06cb55d43436cf5325ed939,3,1,5199,4,1,4
c9a23b475fe204061dc31519bd041d29d106fd90,7,1,13,2,1,1
aaf80e31cfbacb85ac3e9c61db6d566c381c66de,4,1,3799,3,1,3
978dd053cb50cd0f7d7067fc78a955954b8ca594,10,1,69.9000015258789,1,1,1
b78fbb4f5acd1a3a,8,1,152,2,1,1
402a8da9e8502f0d8ad81849c1d7659476bae55f,11,1,149,1,1,1
2ed9af7c7e37637ac1a3ddbb4debf3c3c3c62347,2,1,5999,4,1,4
fd3214b3043abb0325b17b6860f514c045e70077,10,1,34.79999923706055,1,1,1
ebd80d5a722206a7209c50e23c69d7e3d8388c7b,0,1,340,1,1,1
d765cbab08eb48fe,10,1,26.799999237060547,1,1,1
cc308efdd82a2ad827ce85dd6766d7ee02141887,4,1,79.9000015258789,3,1,1
865737040889819-f067287f6623,9,1,27.799999237060547,1,1,1
7675759a76343d2e,2,1,3199,4,1,3
8468555c0880a0a71d775b3074a1ed4a8482227e,10,1,5.849999904632568,1,1,1
868362031873073-449ef9aa749d,8,1,9,2,1,1
00b820b81047abfc9894f3f44e5d5edcdae7280a,5,1,98,3,1,1
2245524ba698211558e99b99c10f1ff422fd713c,7,1,39.900001525878906,2,1,1
3adf57fb42615b0b,0,1,118,1,1,1
4242526fd70e4fc3,1,1,24.15999984741211,5,1,1
4535d7e37ba972ac,4,1,79,3,1,1
f13ae1cf95834d60ea57d598e4f96803546c3148,4,1,229,3,1,1
8ddc239ec71cdca6,1,1,22,5,1,1
864665035022339-c814511f524a,5,1,1199,3,1,3
2c51d27aa81a36a8,5,1,3998,3,1,3
fc21da70ec27b712,6,1,64.69999694824219,2,1,1
6ff7fd101658be714642638c911ecb6f86fb6f8a,5,1,8799,3,1,4
a5ff3c6d86802e2c,11,1,888,1,1,2
869111040328135-20f77cb11063,0,1,1069,1,1,3
1bdad86c15f270c95e82f5e24d5a78f85f86048a,5,1,3999,3,1,3
e21854c5be2d32e9,10,1,159,1,1,1
bc5be7518916b9ef,3,1,48,4,1,1
c1e45dd1b19f6f3d,4,1,3599,3,1,3
d2b5c2a2ede62e17,5,1,6000,3,1,4
dddbb818723323e4,5,1,118,3,1,1
c681564b522d5929,5,1,39.79999923706055,3,1,1
609a3c4ddafccc73b58b015ef7d8d7068abf3bda,6,1,9.989999771118164,2,1,1
38bb0ef30cafdf78,8,1,129,2,1,1
94733fdf6272e2e3ac2941f3655640877667a0d4,0,1,39,1,1,1
99c46879e6f34ee7,9,1,599,1,1,2
67b91bd39146a605df377478a0bbed985e4e84b6,11,1,81.9000015258789,1,1,1
9c5d2b8b330b77d481e9767d4bcaba041490bb67,8,1,2999,2,1,3
5258794bd0645c60,9,1,33.599998474121094,1,1,1
6caa28b81a3b1a6ad38c82a61bb46dd1bc08446e,5,1,50,3,1,1
ad81cfa7c8de52dc,2,1,149,4,1,1
0147cfc487f95687b9cf36eec52fead9a1f9e6d9,10,1,139,1,1,1
2f41fe7a93af923d,7,1,514,2,1,2
862604048153544-68a03e356db4,8,1,25,2,1,1
3c129a092821d82b,11,1,78,1,1,1
2aa4854e215b7e36,2,1,599,4,1,2
9a1a27e9e1484832,7,1,12.899999618530273,2,1,1
867764045490672-a412325a3197,6,1,28,2,1,1
bc0911ffa2b44fabb9f782e9c2ab6199cf011589,5,1,139,3,1,1
aa652f6ed6af67e1,7,1,118,2,1,1
e0292b7f8bbae5795ff0d941816cba679dc37645,6,1,69,2,1,1
f64ac17864f7a85c,10,1,132,1,1,1
863955041668295-70dda8f57984,0,1,94.9000015258789,1,1,1
b94f10c21d497e43,2,1,59.900001525878906,4,1,1
981e224c398afb48,5,1,39.900001525878906,3,1,1
868925044661717-0c20d377714d,2,1,249,4,1,1
0e887603e5f338f5,10,1,22,1,1,1
82cb73981332f86ed9f4f34b0b04911351f1243a,0,1,14.899999618530273,1,1,1
7139c3691f74ec21,8,1,1269,2,1,3
00535055da392f64422e8676418b233e3989b237,5,1,99,3,1,1
ee8c3461fe91fd3f23806a9391bea1e29937269e,4,1,8799,3,1,4
f9f45c200756e8f1,5,1,38,3,1,1
b780b69168c8293c,5,1,89,3,1,1
11c4dcfb5827f118,6,1,150,2,1,1
535c305ebcebb245,2,1,36,4,1,1
897740c3e8f6149a5c2530f1d762d0f8e973e0d1,9,1,99,1,1,1
290da2b087849663,6,1,199,2,1,1
5fdc8e63a5445258,5,1,369,3,1,1
316cf83124955836,4,1,3299,3,1,3
450893640e4c7e9c,3,1,248,4,1,1
a3ad66b9b6b8a2273b5cec12f0b0216d555e9628,2,1,79,4,1,1
71ad64cacb413098,4,1,398,3,1,1
12f0f348dce78ef7,1,1,159,5,1,1
1c94c7861a9b09d2,2,1,38.79999923706055,4,1,1
a4310960db0f6b79f4ed4a4e72143b0e50a3af16,7,1,169,2,1,1
c4787614fac0907619a21e8b21b0725568d61af8,5,1,68,3,1,1
862013042373498-fc943509de18,0,1,259,1,1,1
1c15dbfe047cf881,0,1,149,1,1,1
91eeb314f7c61d0738a20d794ba3f37a66a25492,9,1,16999,1,1,5
3fcf6119280dd98b10e26b7ee862db8bbd1912b8,3,1,109.9000015258789,4,1,1
1a37bedee1d031611abcaca2471d54179719890a,8,1,19,2,1,1
2cb692f1d9a82fa5,8,1,86.19999694824219,2,1,1
a873027ed0180c93cf626025f2ad82b3957b4eab,3,1,1199,4,1,3
7eadf81fc1bb37f7,9,1,74,1,1,1
fd0f50db4eb02e79,7,1,19,2,1,1
6b8b36c1235b3e941c30956d394e2a3f15367184,11,1,58,1,1,1
20fb0e506cfbcf25,11,1,100,1,1,1
5eb0f7d86153d45fb0121e066422df5be2002133,7,1,169,2,1,1
d3f478dd0ff75ceb32bde228268ad9971a11d760,5,1,199,3,1,1
14234a2a1a63ba3b,4,1,3499,3,1,3
732e57bf28e0d37a600f21bf9fb6ba2c728f3c0c,10,1,169.89999389648438,1,1,1
936338b1d708e449,4,1,129,3,1,1
ccda28503a8ddcb2,5,1,48,3,1,1
47916217ccf8991c924f56402406e710951a1cba,4,1,209,3,1,1
860201043515314-4cd1a13a1893,5,1,43.900001525878906,3,1,1
2405a756feb0caa5,6,1,799,2,1,2
1b22a4d16ab5900eefc55243b20b145ab0228711,0,1,69.9000015258789,1,1,1
270eaa1422b34ffa6deebc021f6649222b1f0def,2,1,149,4,1,1
860141045719490-d8ce3af9ba6b,4,1,69,3,1,1
866222047600351-de4ba416233c,7,1,19,2,1,1
23919b85932f2624,4,1,54,3,1,1
7a23d618be9ce93f,10,1,357,1,1,1
fdbd3cc52ea370989f3bd6cd54328b801f909f77,2,1,39.900001525878906,4,1,1
af15bfca3e0fe16a,0,1,26,1,1,1
5ad10d13aeadb59c,11,1,299,1,1,1
85536b025ab628d6,5,1,9799,3,1,4
7f6e37acbff47621,5,1,73.5999984741211,3,1,1
865a4c3cefdc0dd5,2,1,4799,4,1,3
a9c119746ad39635,2,1,219,4,1,1
aa296665688f45217cc5732bbf30000f2a55ee74,7,1,32.880001068115234,2,1,1
59c40a469e3b059ee4c4c3b89eaa2cc49482f707,5,1,126.05999755859375,3,1,1
d728f7087b97c8ed6fda8d8ae6286abd8a22e1d2,3,1,198,4,1,1
7ee2e2336a4521a2,8,1,79,2,1,1
359234091510240-2802d8024df0,0,1,229,1,1,1
c22c5859d0c7c2d8,8,1,12,2,1,1
e3882d54803e53cc,4,1,149,3,1,1
341df738abaa2ab5,6,1,19.799999237060547,2,1,1
29e5c93f986d2d5d,7,1,40,2,1,1
5f02c65edbea78c4,1,1,29.899999618530273,5,1,1
c03c84aa968e23b3be7521ebca662239c4eac91a,5,1,45.900001525878906,3,1,1
a7b3f92691e1ad34,0,1,27.899999618530273,1,1,1
862807045971632-4c6f9cb15993,9,1,179,1,1,1
5b05b5a0631a81c3,6,1,22.5,2,1,1
863065030077217-8cebc6935a27,4,1,780,3,1,2
5f4aa0da20d7f20f,1,1,169,5,1,1
0e85da2fd65f531f,3,1,99,4,1,1
f10fa596df25a74330352ec9f379bcf39af82858,11,1,39.900001525878906,1,1,1
ad231ce2f4f1a7f8d80491f8cece330b4c64ea3e,2,1,79.9000015258789,4,1,1
a5fdeb446cfe4e56,4,1,99,3,1,1
02e981e964d9f67d,1,1,229,5,1,1
8d550795872dbc4b05783b49e69824371f348d27,11,1,80,1,1,1
867980041014338-902bd20163be,4,1,39,3,1,1
863957046648652-902bd2fd6b4f,3,1,99,4,1,1
40a90b0ebbd98b4492000690c869da61bf004066,3,1,24.5,4,1,1
3218e713b62df211,1,1,50,5,1,1
2981517e2a8f8a8a,1,1,119,5,1,1
869755035078772-4466fc6cfaeb,7,1,129,2,1,1
861313041931713-2479f36453a9,9,1,429,1,1,1
8d8331630a515946,9,1,889,1,1,2
862828047919932-7ca177d7cdf9,9,1,998,1,1,2
fe3d67aac2dc9675,7,1,1599,2,1,3
f6a6da409737a8cc,9,1,6.900000095367432,1,1,1
a790597d118bc4b9,6,1,4.800000190734863,2,1,1
811a0202da74a32a78cdb08d32b5af9347612bfc,5,1,476,3,1,1
f65bbcaf919ed406d3e37b8ab3f31117ec885d3e,6,1,208,2,1,1
b8e5fec413e6c3ba,5,1,3199,3,1,3
725ce22e45adfae6,1,1,2999,5,1,3
b376efae2f9a2b92,10,1,260,1,1,1
8ad700158115cff7,0,1,145,1,1,1
a0906f1ccf6f3384,7,1,188,2,1,1
55597265e255c9cc,8,1,4599,2,1,3
55fa9ee6b1ee4e37,10,1,195,1,1,1
84484cee9144c63b,5,1,6799,3,1,4
6d9fe8117e27575095a9615aed5dcb1a14a045e4,6,1,26.899999618530273,2,1,1
861042046276812-d4bbc8252cdf,8,1,69.9000015258789,2,1,1
8dd9826c3efa1761963cca880133bb03aeaf24b5,3,1,599,4,1,2
02ba33f74355bce2,8,1,32.900001525878906,2,1,1
5042f28fa15a4e72,4,1,8799,3,1,4
4fb5a9053a133582,5,1,900,3,1,2
9a3aa3fba81a70224c3db90e40460ad99aa76fe5,1,1,167,5,1,1
9e6fc7c514ae1a98bf09798a59e98a2c76aea48f,11,1,39,1,1,1
e7a34c0bf9994d10,10,1,1599,1,1,3
a5a7f1e5bb941481d15e6210fbef831a9a6a2d68,2,1,10.899999618530273,4,1,1
5a412ab38b2ca56a,7,1,49,2,1,1
6f4d50126f05cafe,7,1,429,2,1,1
8314b51e9f835060d92bae35a86f7a0172c4b4a3,11,1,49.79999923706055,1,1,1
0288a252d4c5a12be155e9219e192f5b129d1a31,3,1,6148,4,1,4
865968032258842-5004b89a1b2d,5,1,89,3,1,1
3637199c9f9adc030101db8edb3848e4ed6a64aa,8,1,15.5,2,1,1
491e66f3998ac10c,11,1,35.900001525878906,1,1,1
229df6b7b259f6108c80cfdebeb98548db0db513,5,1,4299,3,1,3
a50dfe788924ae35,3,1,129,4,1,1
fae251b83a055ed5,6,1,39.79999923706055,2,1,1
76f6a519813ff36a,10,1,349,1,1,1
cfb753fd011a26be0acabb1f0327b7091a34c3d0,4,1,6999,3,1,4
47e1e2c0927775f0,5,1,44.900001525878906,3,1,1
a98a7e71c4396c891575de87a485019ec280874b,3,1,399,4,1,1
b3dd37249488d54b,5,1,199,3,1,1
bf2591dc445096d4,4,1,1499,3,1,3
ef7e34fa7f33859098a1fd4dfc6720638d42634d,7,1,44.900001525878906,2,1,1
A00000A518F7A6-b4a5ac6109e5,0,1,59,1,1,1
1887b3451bc8aef5,10,1,339,1,1,1
43023c3645dc3d00,7,1,19.799999237060547,2,1,1
860875044337172-88f56e0172f9,6,1,58,2,1,1
ccdbbe6f16ae467745b8f103f493a656f677dea8,6,1,165,2,1,1
64d1fc18b4e875ab,1,1,128,5,1,1
49ed338bc815cce6,9,1,168,1,1,1
ae8dd7974bbaa067,4,1,269,3,1,1
d4df6237f0f02a94,8,1,59,2,1,1
c3060d03dcfcd213b886487a7ea1fa7b95b7bf4b,5,1,3399,3,1,3
bd5855f1782b95d0,1,1,288,5,1,1
8b2931ef0966ca2b39f0b53758c58ba1c639c0b3,2,1,3950,4,1,3
866356049308215-fcbe7bd6563b,7,1,1999,2,1,3
13ea6659828c0ef6,6,1,59,2,1,1
fcacb5c63daf160a,10,1,99,1,1,1
845882454702e066ba78387783e7c4448310807f,7,1,229,2,1,1
864174040695643-3412f979b7ec,1,1,81.9000015258789,5,1,1
3893723e4e19b7cd,4,1,699,3,1,2
24d1b99cde4b76b1,9,1,79.9000015258789,1,1,1
778a1ca84557fb9d,1,1,62.900001525878906,5,1,1
095eed38376f6445,8,1,95,2,1,1
10fdfd39bfab16646522b52db75edf44976fc9f2,5,1,889,3,1,2
276ab4cf13042949c72bb0e48b56a83d6e970142,7,1,34.900001525878906,2,1,1
b3400ba9a6a93bd1e00b0d500bd00cb6e59c1bbb,4,1,339,3,1,1
862733048878030-24315429770a,4,1,75.4800033569336,3,1,1
864723041123029-88bfe41dfae2,2,1,105,4,1,1
864241049148054-d89b3b512664,4,1,259,3,1,1
766b9a86c7f2d7e64fdbbf8c28dc17fdeecab147,5,1,139,3,1,1
63ce86d9c21dcf09,5,1,2749,3,1,3
4c849e3d4382b4170c5456a670ba9898cb5771e4,4,1,398,3,1,1
A000009A775EAF-c02e25dd295f,11,1,76.30000305175781,1,1,1
f11071081b1bce89,7,1,5999,2,1,4
9bec7f95fdedbb6b,0,1,49.79999923706055,1,1,1
8f9715ee87187566,8,1,119,2,1,1
10769c1639b505084ee315d78b37f35cc7c23ede,4,1,98,3,1,1
83efa6f90be68a46527537833b58a58a4a720188,0,1,32.79999923706055,1,1,1
6e3f6e25096978a1,3,1,239,4,1,1
64a5b9b7393447d2dfc032a6f7ae72f76839a8bc,1,1,1999,5,1,3
9e89dc31f55ca957,0,1,139,1,1,1
537532ae5cb72107,8,1,77,2,1,1
f19bade125d553a7,8,1,99,2,1,1
9b2117431e13ad12,1,1,1588,5,1,3
4e6abab428147752,7,1,39.79999923706055,2,1,1
de8559ac86f9bd4682e131ea653946063d19832d,3,1,52,4,1,1
cb1099e5b789943b513f8578103d3f12878456f7,4,1,8799,3,1,4
99f0b65e9758d27a,3,1,999,4,1,2
83e7f0ae23a8e1b0b7895b0ea1744a3e4d34035a,6,1,299,2,1,1
866137041756795-f0e4a23aa841,4,1,2999,3,1,3
ea40112c11fe5dde,5,2,159.8000030517578,3,2,1
f2e37a5f3b2f1785,9,1,3699,1,1,3
4b0472604ff93fef8d655431e58ef532e9cd5c4f,3,1,269,4,1,1
9874d0b8c3f1c581,5,1,2499,3,1,3
df24c89a0b8c4854,0,1,17.5,1,1,1
568c05d42e7cd971,10,1,33.900001525878906,1,1,1
9dc795d8ff58d02e2e439830f88134c8dfc770db,1,1,289,5,1,1
ce261c863693aa1c,11,1,5390,1,1,4
bf14c145472a1b2e,4,1,68,3,1,1
399146f76f7a3b35762fd6aeb8adcde2b1f8f62f,10,1,499,1,1,1
A0000099B176C8-2c5d34b93139,11,1,79.9000015258789,1,1,1
861910041698844-88108f71ecbb,9,1,129,1,1,1
aa0ed9c6681ee8a8,8,1,112,2,1,1
b2365dfa7e39eaeb,5,1,5499,3,1,4
7b9979f97f697c72,5,1,536,3,1,2
869785032471332-a45046d874f4,1,1,159,5,1,1
a50d1b716dddc40e,10,1,1909,1,1,3
aeb8cb0635435342,4,1,249,3,1,1
e09ef35f6f559fc6,10,1,6.599999904632568,1,1,1
fdf271cc9df7852d,2,1,199,4,1,1
7e30fb70a1367d10,0,1,21.799999237060547,1,1,1
863676046288950-2c780e6cdad2,4,1,26,3,1,1
62f8de703e2ce62f,10,1,899,1,1,2
b6569518be0b1383,0,1,54.900001525878906,1,1,1
a0371494121ec0b9ecf95b3a0116c997aa0d7a26,10,1,35.900001525878906,1,1,1
7029382e55de9199,0,1,99.9000015258789,1,1,1
1ac75d0fc1ae1e3ad6e38f7ac129e643c95475f2,4,1,49,3,1,1
865553041657166-4459e3b3a7ae,1,1,74,5,1,1
860173048461879-f8e7a0d4a83d,5,1,89.9000015258789,3,1,1
866976041448006-902bd28e2b81,2,1,779,4,1,2
244e07c18b022e83,8,1,89,2,1,1
f24ada0c6a8c6333,4,1,140.8000030517578,3,1,1
d55e11e58f033d7886a1449fe3e45624a18919a3,4,1,5999,3,1,4
81d6fc858ff975bd,5,1,210,3,1,1
868566048704556-2cffeea3d991,5,1,699,3,1,2
00b178f1e4fe6e78,11,1,6148,1,1,4
861794043311410-3045965a813f,7,1,499,2,1,1
867179045411760-24da33c0e68c,2,1,75.4000015258789,4,1,1
c79c89b9d51f17755559acf62276b8d729b39faa,4,1,5999,3,1,4
409bb7871de2b2aa47137dd0508601e69c40ee1f,9,1,119,1,1,1
9f835262504c5b50,10,1,198,1,1,1
90b0c38caff4acb2b923ce7f4f39a2a43e5c73b4,4,1,66,3,1,1
605c227d1f5ca0bffefd8f401671a1d66a43ebf6,4,1,7346,3,1,4
dce80226c612e146654e207c1a7c98dd982a4ead,3,1,108.4000015258789,4,1,1
cb4603f3d698ae3213fddef1c835633fbacffeae,6,1,87,2,1,1
d54e8bacd07096cd,4,1,90,3,1,1
bbb8230849c68a59,5,1,69,3,1,1
86b8d5401db9835d2564c1a7674c87c7dd60ac17,7,1,83.37999725341797,2,1,1
866822035905900-d86375a20e3d,3,1,109,4,1,1
74134a86660ca8e6,10,1,239,1,1,1
c227c42ffadac75d9666ae44931f8c66250aa6a7,10,1,9.899999618530273,1,1,1
e50aeb1bdc23cc65,3,1,45,4,1,1
8433d10caab80978,3,1,382,4,1,1
a54a714611b891c7,2,1,70,4,1,1
94b6dadbae0e6547d4821cc727612c59b5a60bd8,4,1,49.79999923706055,3,1,1
569eae15861aa1c2953931e69b934fbbf894db0a,10,1,3599,1,1,3
866146033859749-c0eefbddf49a,11,1,5399,1,1,4
864426041911076-14d169245cfd,10,1,89,1,1,1
09015f085c99b6a01ccf660c2e2a7f1e8933c1b5,5,1,6799,3,1,4
1da37a399c7d481e,7,1,39.900001525878906,2,1,1
a24e5ce9b15ad9c7,1,1,69,5,1,1
5333de4376912c84,7,1,6148,2,1,4
909a378483b0f7d657fc112d053da4f793a76746,7,1,5999,2,1,4
86f5089b3daa49821c630348b271af90fcb5eadc,9,1,198,1,1,1
e2fc4d8d901ed58ee23ce51e62291a3059755a5d,7,1,225,2,1,1
e52e38187dd8743c,11,1,36.900001525878906,1,1,1
dba9e855cd3ccdb53cd74ef5de07ad210d73d3bf,2,1,6799,4,1,4
868765037443701-38378bbb9340,6,1,499,2,1,1
2bedd52bff5279bb87249024aa2577f4360ecda0,7,1,5999,2,1,4
3396761042d36afec66ae2aaccbcac1bc062e86c,2,1,13.800000190734863,4,1,1
cf06a4ffa18ca474,5,1,549,3,1,2
8da92f13898d1cc4,0,1,79,1,1,1
99000913302421-ecd09fd0adb7,5,1,6148,3,1,4
99a2e0e71db7c12b,7,1,7438,2,1,4
1b94f77d2ddf3d7c0bd791bdecb3ae76aae9edfb,2,1,269,4,1,1
3c5e1988a7d71f74,3,1,79,4,1,1
30bcf06d209d85d0,1,1,319,5,1,1
f5b20dbb1b0db7d8,10,1,19.899999618530273,1,1,1
115c9ddacc658e190c86ca0ca635b89f9f24d4f8,8,1,39.900001525878906,2,1,1
89987b5d14f47bb3ccdcf7fe515b65106080c5a1,2,1,178,4,1,1
4e8910da363870e9be36ed14cb2885e8bddc0805,5,1,3799,3,1,3
e26a8c2707c248ad,1,1,12.899999618530273,5,1,1
4285228f792e931d,5,1,2099,3,1,3
8fc7a48b742653e53884700674bbadb7c89e4590,6,1,159,2,1,1
ed05f3fcbda7283e,11,1,89,1,1,1
c01353b9f48bc326,0,1,425,1,1,1
480af712273a4a64,7,1,6799,2,1,4
34f60f6f6f3fcaebb2280ec0d427a129ecb05021,6,1,19.899999618530273,2,1,1
af3516761aba9bbe9565adf8bf077061b2e25725,10,1,2499,1,1,3
1c14f536102f2868,2,1,999,4,1,2
bb7af3fc2276a234,1,1,199,5,1,1
5f839f55855c40fb,9,1,7599,1,1,4
dac1879a4272a2c6,3,1,199,4,1,1
b9a73fa1b3dd51aa,2,1,949,4,1,2
4523ec5676f3c548,5,1,168,3,1,1
1c9d7f8ebf1ba3fde65f3823c316ae21eb08e529,0,1,59.900001525878906,1,1,1
8fa591209829d1ee,4,1,149,3,1,1
d5fd924e974eef6f,4,1,299,3,1,1
7aa637f6a74d54f01c11f40ea67aec7eeea1c868,0,1,29.899999618530273,1,1,1
91d1023bda01f57f3150d9557cf05054118379e3,3,1,1,4,1,1
f3c38e927ded9b9e74e0c280c60cd0b29ae1a6e4,4,1,39,3,1,1
17007d108b200ba1,7,1,6148,2,1,4
4ce93c72244c923e,11,1,119.4000015258789,1,1,1
1cb124a82cbb0e9bc958d4a6dd8b9df8b16f2cf5,10,1,21.899999618530273,1,1,1
c1b26ed908ce2354,3,1,29,4,1,1
bd08e3a8c5fa03a9,9,1,199,1,1,1
861972040983437-309435fbc829,7,1,9.899999618530273,2,1,1
76472c1a13a71471,6,1,2799,2,1,3
2c329361ebf95f5b58e78662b6a32c2d80d7123f,5,1,300,3,1,1
860980037528553-ec891451170d,8,1,36.900001525878906,2,1,1
bab531fd3e88a68c,5,1,3899,3,1,3
1a39a0957e9b8a27d41185a04bf08c8b933a3c46,0,1,188,1,1,1
f2003de45d6bd699,11,1,49.900001525878906,1,1,1
f3391e718d9a5ab1,3,1,245,4,1,1
d7afa4051668dbecf61894f2c7c04b1c08b6da2a,4,1,58,3,1,1
0cd663518c485d44,0,1,1199,1,1,3
0bd90987db80d7da675528e29dd9ab5a32e2882d,3,1,87.88999938964844,4,1,1
4b4b135a7d42208f4d47842d2b1cbb4a7fa8858b,0,1,29.899999618530273,1,1,1
9f1fdcb1e83377cc,4,1,199,3,1,1
45afc965abab80480da7903f45abc33df28b18a5,7,1,7639,2,1,4
4a060385e83bc90d,2,1,69,4,1,1
7f9c5e47b85b89d1,10,1,69,1,1,1
f29a4eaf835952f72d314256c739e852458ce268,1,1,299,5,1,1
fc7cadb0f92e4b5363284a91001c1ae9a594e4b4,1,1,4160,5,1,3
2f6e93f1a388017b4ae1d13711055e1a2ef62818,5,1,5999,3,1,4
4373a5d2e1f82ac224874da1a3a33603fe7d3567,2,1,39,4,1,1
689f7973a0cc0cfe,6,1,12999,2,1,5
7af1b8551bd5fd56,2,1,450,4,1,1
a58a2d1a681c0dde361dfae4912b42a46065693f,1,1,79,5,1,1
10ec2e0b4152f3d4,5,1,5199,3,1,4
895882970c9bdc12,5,1,16999,3,1,5
2704176976f46878,5,1,699,3,1,2
867871047401415-4883b4f1ba4b,9,1,148,1,1,1
357641100207992-d44da4449f60,0,1,118,1,1,1
6d9129d3057566c8,4,1,1199,3,1,3
9930b0e4cec338a858675e69f787b9e8603e6bda,3,1,179,4,1,1
1480f5acf9bf82c322cdb054614a0c5d87cfa772,10,1,128,1,1,1
f494c39b600ec08f,9,1,299,1,1,1
820b51b2a7842186,2,1,20,4,1,1
1650672e9a680c4585fe922bcad46090adfcbb31,4,1,2999,3,1,3
72ad4bfe7b77851a32544164fb74a7923421efbc,10,1,219,1,1,1
868568041406114-58c6f0d5472d,1,1,2508,5,1,3
c727844d43dce58f671c5cd9f0792c3eb5bcadb6,5,1,6599,3,1,4
81c97b423697293d,2,1,99,4,1,1
62306d2300eccaa1ac29d53258d491dfe0dd1c9c,7,1,299,2,1,1
726ff68e40444b6bdad6dd8e6eb8147acbd66939,9,1,129,1,1,1
a394d37f58b049a35422109199770471c7647dd1,5,1,25,3,1,1
abcc0338b9b974f8,9,1,239,1,1,1
de5b8f10aed50c00,7,1,29.799999237060547,2,1,1
f09612d60f726d01,0,1,69.9000015258789,1,1,1
1e7c5ef718fe8d47,2,1,59.900001525878906,4,1,1
f8d636cd32ce432f,0,1,999,1,1,2
0e4f2ae37a611820873de3cd2d0d75a32311ccc6,9,1,95,1,1,1
48395ee1b99470850fef8758e250223f97938f04,5,1,609,3,1,2
327e7f55e598ce1e,10,1,138,1,1,1
94371bdc87ddd0782a170802877b56e7324fdf9d,2,1,2999,4,1,3
cdb324edfcbdde04,4,1,179.8000030517578,3,1,1
967602cb1c35ed7a,7,1,99,2,1,1
4419899f105368c6,2,1,489,4,1,1
861268044188697-48fda3f24234,1,1,399,5,1,1
866402031741359-48a3803b1559,7,1,89,2,1,1
2466cd82bf8350df,11,1,149,1,1,1
5cde20d26d347d4176105fec101dae760e4bb094,2,1,168,4,1,1
f4ee8355b4bbe348dd4a5d0825e04ed3bcffdf0c,3,1,67.63999938964844,4,1,1
6ef6b3c31a017c78,4,1,69,3,1,1
1cb5d1aabb9d81c9,2,1,2499,4,1,3
551dbc9b13dcb380,9,1,390,1,1,1
8a6007a7b6faf99e,2,1,14.899999618530273,4,1,1
573b229977146365,1,1,89,5,1,1
37792c0858cb5c82,0,1,49.5,1,1,1
dad131b0bca02e90,2,1,1098,4,1,3
3538dd053f7defbf,4,1,55,3,1,1
a7077fbc11261678,5,1,115,3,1,1
0fd91c9255c31417,11,1,7000,1,1,4
c68a7412f46f80fb,9,1,1199,1,1,3
3885b51c0434f02d,6,1,198,2,1,1
e3f3d65c893b96eb78d64b9d1243eb6cfffce819,6,1,109,2,1,1
44b4b5619881b8e6,11,1,89,1,1,1
a5a12933a650ad3a,0,1,35,1,1,1
869390041513610-c40683583382,1,1,218,5,1,1
818d57878577c40b,2,1,799,4,1,2
611c0842e386e746,2,1,890,4,1,2
c309b9f518c2fb43ed8bbca0a7c20ca11589adad,11,1,39.900001525878906,1,1,1
98953ab9370b121d,8,1,369,2,1,1
42eac95bc63447b1,1,1,49.900001525878906,5,1,1
73799a0fbb490af2,11,1,39.20000076293945,1,1,1
41dfad93b65e6d68,2,1,7.900000095367432,4,1,1
dfc93d84cd4739f0,6,2,764,2,2,2
da26d1c850ca86b485008b1a6cf4a217074681df,7,1,38,2,1,1
c422ff8d1419e96b,6,1,218,2,1,1
43932b13b33f2c5b643a3a079161f527d5bfb10a,0,1,24.799999237060547,1,1,1
91f05d4b42bc6a70,2,1,50,4,1,1
a59fe15473087c009f1b1d69b3fd9770947ac615,1,1,199,5,1,1
9b09ad1a26fcc2e8bd743c2381cfc96990de05d3,4,1,0.009999999776482582,3,1,1
b56ab24aab514b658e564bc804a2cbad1268b1b5,5,1,149,3,1,1
30215a62f7a0848f,3,1,59,4,1,1
d83008b94713c186,6,1,46,2,1,1
864158041489510-94d00d4f6c45,5,1,368,3,1,1
867296040338440-e419c10662ca,11,1,36.599998474121094,1,1,1
e17a1bf29feb3116,11,1,69.9000015258789,1,1,1
c71a3a2e8e9c170c,10,1,48.099998474121094,1,1,1
e48d431155e564b9,1,1,148,5,1,1
58e5008d92b2ab8a,4,1,111.31999969482422,3,1,1
861942049894273-d016b48e1b0c,5,1,5999,3,1,4
700cb229d5fbb85dfd3c60c8c564315b0b6a86a7,9,1,379,1,1,1
ab9ad5ef1cc24d2e26e5e9dfaed0dd5edeac5796,3,1,359,4,1,1
234258778308b12a,3,1,173,4,1,1
862492043024799-e83f6763122b,4,1,138,3,1,1
3f7538c3ea004cab638ad43362386928a4f010fc,4,1,1499,3,1,3
6729bc7b0383421f,7,1,97.5,2,1,1
546bb41eaf355cf5,6,1,44.84000015258789,2,1,1
793a1541b774d2f6,1,1,16,5,1,1
03076a386b0ceca1,7,1,6799,2,1,4
eb360ca5da623ed7,5,1,6799,3,1,4
e63ba397db792464,3,1,115,4,1,1
516c7ec03ce0389d82daf7075bd5f515f6417793,10,1,299.70001220703125,1,1,1
e2dbafd59430f7b2,0,1,199,1,1,1
864295042869595-5c1cb90639e9,8,1,1499,2,1,3
862466039278296-886ab13d5db0,11,1,1076,1,1,3
7dc99045f3d2f1b1,11,1,80,1,1,1
706b418b4cb5d5136c230406ea7be64846a7c5da,5,1,68,3,1,1
e8f0e7adb3fb5992,3,1,309,4,1,1
34cca038457591e3,5,1,139,3,1,1
868338031832111-5cc307c2628c,8,1,15.899999618530273,2,1,1
24ddde59743ffccc934ccafcf805a22e9bb1423a,8,1,16.899999618530273,2,1,1
76589822dc1cabea,10,1,99.9000015258789,1,1,1
3d6c2be26d49c945,4,1,698,3,1,2
2d3fdcd82b4a34a7,0,1,5599,1,1,4
dea37111e96b6a25,9,1,33.79999923706055,1,1,1
5ce55e0d0e1342fac73e728120557f1b97f40df3,0,1,188,1,1,1
c9d86b8ea6b357ef,2,1,1599,4,1,3
6941c3bcf25aaea2,0,1,269,1,1,1
2f0f2a6c10885354,3,1,799,4,1,2
36bd8ccfc523cb93,4,1,280,3,1,1
6bb9559d41b09caa,4,1,23.899999618530273,3,1,1
5c2029cb6b95f16db077d5d486636934fd91c8af,7,1,899,2,1,2
d9e6d3d7ad7bead06e6827e3f5e980e3df66ab63,3,1,199,4,1,1
c92bc114ae3d4cf4af0f82f4479ece7dd5acb2c3,1,1,48,5,1,1
f0fb754eec3e1d92,2,1,83,4,1,1
8ae2f2f7e19b86e07f934a03885063953969bba3,3,1,579,4,1,2
869544041000651-bc2ef6ed40e6,2,1,23.100000381469727,4,1,1
0d2d56fc4b1ff6e4f4f4b51c2e4e90560818ad1e,0,1,39,1,1,1
874fce84057bd4e6,3,1,109.9000015258789,4,1,1
955f51793fde06283b910f7519cced0f1f2e2a7f,5,1,9199,3,1,4
5158504f3f9fe9b8bb788b509c54cffff4b4964a,6,1,54.900001525878906,2,1,1
6234424862c75daf9e363eb25617555213349f28,1,1,79,5,1,1
b188226abe318ded,7,1,6948,2,1,4
99a97215fceef816,1,1,89,5,1,1
a74bb2698dd173dc9cadda938de7d77a0c1ac4cc,2,1,799,4,1,2
08c7df45e7582da5,6,1,119,2,1,1
6a940f3e7306aae1,8,1,42.900001525878906,2,1,1
bda0ec67fb3631b9,4,1,55.20000076293945,3,1,1
805172c4580bd250eb4333bfa12af751fc529b0d,7,1,14,2,1,1
3a4200098e797863,2,1,2599,4,1,3
7ae57dbf360b0879,5,1,108,3,1,1
02a928c201747bf2,3,1,39,4,1,1
7abe82e7d1e8b30b,5,1,35.900001525878906,3,1,1
860726040665803-b486557a7533,2,1,159.89999389648438,4,1,1
466ebfa7fdb1cdc6,3,1,87.4800033569336,4,1,1
27e01305a656b17a,4,1,129,3,1,1
ce628c3790f58d8648a2cda079e15426679d98d6,4,1,72,3,1,1
147994f10f8a3a5f2ffc9eacbf7a817c0f3bc65d,7,1,5999,2,1,4
7ecbb2cfd5808a4e,4,1,4799,3,1,3
58f6a6d4be18a86c,5,1,43.88999938964844,3,1,1
1ccb30baf1ff2c444e67fd6380c11aa98d39e2e1,5,1,13.5,3,1,1
ecb1fe7cd2dfa826,4,1,139,3,1,1
8f1683a09eedf23f6e34c863cd66d08fd38b7c6b,1,1,3999,5,1,3
937b536a9981a942b5264673b4793b9f12c4d50a,7,1,79.9000015258789,2,1,1
e1cca0e1b3993dec,7,1,3899,2,1,3
5f64c8ba495f2e68dde0cdff2d8731db03184ea0,11,1,108,1,1,1
f63c1a263a13381b,1,1,4299,5,1,3
96a0830882f8fb53,8,1,29.899999618530273,2,1,1
af83371e645a1ef2,9,1,129,1,1,1
d56c61c1ccbe1376913d1e87e6375a9a2f2ef080,0,1,169,1,1,1
864499045148011-18d7173b38ef,5,1,2969,3,1,3
85a790c8b9e17b2aaebb1e94921018a14c914a1c,4,1,598,3,1,2
c6fdd473be3a5e5b,5,1,2499,3,1,3
b91d9c879fb8e2fb,6,1,8299,2,1,4
b256cd80147fcbf5,2,1,158,4,1,1
b21b0db2867f6b9b,5,1,9.899999618530273,3,1,1
de92c59ef32bc17554e74748ccead3f04eb6cb13,2,1,1968,4,1,3
7b97194a64131d832f25654663ae3c7828d977a4,7,1,49,2,1,1
f97c188b9f36299a,0,1,29.899999618530273,1,1,1
860694044122157-14d1698f0173,10,1,25.899999618530273,1,1,1
e4f7aa08c929f801,3,1,119,4,1,1
ed9fc4243ef37dc5f49d0d1c75b66e36021ecf03,2,1,1249,4,1,3
876c8d8fb0c147c5,9,1,121,1,1,1
862850045789737-88f8728b2a4f,6,1,27.899999618530273,2,1,1
864674049665711-94d00d23e8f7,5,1,69.9000015258789,3,1,1
d8528f59830ec865,4,1,5999,3,1,4
cc526e5bfa2e0431,2,1,329,4,1,1
3516a3b9336c5ec87c10a8e04340de8ce6630714,3,1,349,4,1,1
ffdcee9b6e113514b3240c9afda0f5253a544bec,2,1,109,4,1,1
facfdd554a1bb9978186e4c3626dca6def399296,7,1,216,2,1,1
df5c6e22955197c50cc09525c6744226813ff2c4,11,1,159,1,1,1
46643e7cb855f02c,1,1,5999,5,1,4
cc7cf9625c180471,6,1,7,2,1,1
A00000A1B8E720-2479f3243001,11,1,699,1,1,2
864328040336554-283334c467ef,9,1,590,1,1,2
4afc81da13294df2b1c8dd870a3973f9625501fe,11,1,99,1,1,1
3c9ac53725aed8a8,3,1,6.900000095367432,4,1,1
754d07eb1b4d84d9,8,1,16.899999618530273,2,1,1
71338311a57c99150b7611482fac5a07c7b39af7,5,1,15.899999618530273,3,1,1
abacbd0c8d2882db,3,1,160,4,1,1
bc1df4eb12004fb9,10,1,16.899999618530273,1,1,1
fdc0c828bd05160e,2,1,299,4,1,1
8366cae35a0190bc52c9d8dacd942058204857b1,3,1,15,4,1,1
cf11c2670c280e63,2,1,179,4,1,1
276624460b68ed965ea48ea5315bf1c2126ebc53,3,1,104.5,4,1,1
a21b263794e4e1b9d4c962c055b34414ad3c256a,8,1,139,2,1,1
864452042120657-143cc3b1b6c1,3,1,31.700000762939453,4,1,1
d86e43444b993f24c7ec48651723e77d8752893e,5,1,66,3,1,1
194acb994ccb3b101f11d1f51ea68a817c0f3d04,0,1,298,1,1,1
9cd69167bb3cb561,4,1,54,3,1,1
1c92ae87a9ebe90d,4,1,499,3,1,1
ac81c76e21277955225f52e4d7f0789ae4fe85ef,10,1,98,1,1,1
7a16e05cf987331b,5,1,5599,3,1,4
384f00e6f19ba597,4,1,79,3,1,1
2b41eae238d8fa34,5,1,2999,3,1,3
27d2089be4ca032ccf0a1d0fb9b500bb6cedbc35,6,1,3199,2,1,3
865593043684438-24fb65695af5,8,1,189,2,1,1
862453046520456-d4bbc85a595b,6,1,43.900001525878906,2,1,1
f5f3c4a265ce611c,5,1,3199,3,1,3
e6cd32315f6964b5,0,1,2407,1,1,3
58d723a615d17e53,7,1,5999,2,1,4
0eec7d568ee0407b,3,1,139,4,1,1
cd6cacdbfe14a9eef5862c003536cb88c868cf3b,4,1,26.899999618530273,3,1,1
d6968573e9091429,7,1,6799,2,1,4
dde1f1c9116fe743,1,1,5499,5,1,4
165b1323cc273010,8,1,399,2,1,1
9546ed7bd09e569c,6,1,89,2,1,1
38e5415c21e7f9a0,5,1,1849,3,1,3
863813047516044-b8c385ad6509,0,1,160,1,1,1
4b20c301b73d7ec52eda3d09477f2484a2760583,3,1,5999,4,1,4
6433fbd5df4aed7a6f399d07f6ffed61732fd881,6,1,1499,2,1,3
3ff7c8c04d1abe02,6,1,2799,2,1,3
a5d8154178f2b618,11,1,26.899999618530273,1,1,1
f081c76116b163cdaccd203d95010ed4a2c9d027,9,1,78,1,1,1
4bc06c77ae05f584,7,1,5999,2,1,4
fac14b663828d29fb9a7a0a636172f94457f9416,4,1,249,3,1,1
18620c11b9ab38edf16a9c29c3573b1e6c3f7e56,0,1,119,1,1,1
6414481d62d64bbc,5,1,269,3,1,1
029c6114405a4a51,1,1,79,5,1,1
36db3fe9c5d7d1005a24cdbbfe7a38970b6a462d,6,1,99,2,1,1
4f0ff3aa46787314,2,1,359,4,1,1
793392cc69368b52,4,1,5999,3,1,4
864119049747630-fc8743b9fcfc,6,1,99,2,1,1
869488045167092-94d00d2a19e2,5,1,339,3,1,1
06fe628a7a8da646,6,1,13999,2,1,5
865852042957256-0c2c54362c8e,10,1,139,1,1,1
4d0c6367b0a13b038aa7bea20b8e3bbf3937e6d2,3,1,89.9000015258789,4,1,1
861374049012872-08f458698677,8,1,9.899999618530273,2,1,1
b7fa5bc683d24a8e,4,1,269,3,1,1
99a612a8b3da679b,7,1,99,2,1,1
574145fc567adfb506ffae7e40f355b36f61702c,8,1,89,2,1,1
acf7b7a204fd6a67,5,1,2999,3,1,3
84b36253a2375c6e,6,1,21.799999237060547,2,1,1
b2c1641958ab53f5,0,1,158,1,1,1
a8b72676cadf499d,5,1,4799,3,1,3
8393a093f6a3f873,0,1,24.899999618530273,1,1,1
789d523c9cbfef3d1f79bb82573739467ce9148c,11,1,3199,1,1,3
aa47c292dd19ae7eea8eab9441f1b9f1f105cc15,7,1,1399,2,1,3
c9b9c476106cadb8,1,1,149,5,1,1
6134ba1095298587,11,1,99,1,1,1
ef83e760af35bbbaccd47a14e71fc80a9608584e,10,1,19.899999618530273,1,1,1
5df196b21add2890f73ed37c275195ecb45f0628,10,1,74.9000015258789,1,1,1
0d1f4c384846939ac2bc343ebeb15de90ae3d9f0,4,1,8799,3,1,4
daec5dcaf1613cce0bc85f0c7c513dce23bf4133,6,2,47.599998474121094,2,2,1
866592031805467-044f4c672d72,3,1,399,4,1,1
af2232390bd2fb8dce658f93b8ab7f6bdac81c40,5,1,37,3,1,1
582de8344205a6281f413d9d57a90c0d79677f8e,2,1,14.800000190734863,4,1,1
4ad424557bc4966470a1f2dfc7095e625cc32cef,2,1,99,4,1,1
0ec2e47471107f06,2,1,249,4,1,1
861910043007275-f4631f7ba7ee,6,1,288,2,1,1
38ab38b79b5016d6,7,1,1199,2,1,3
c111575b55e3f37aadaf8626667f56950d10dce2,7,1,9899,2,1,4
db57517e08e36b1a,0,2,78,1,2,1
e3c0b2cfdd2e3285,4,2,4398,3,2,3
adba321024d861ad,4,1,69,3,1,1
b703396c09a2ffe4,1,1,49.900001525878906,5,1,1
9be85ba02770cc7e,5,1,1299,3,1,3
a3f33b8a7aba8753,10,1,38,1,1,1
9c444246b16d316a5c1c0362a0db56db003a4e59,3,1,168,4,1,1
e9a6d6de9e09e46e3dde38b8f327fed8f30cebb9,10,1,14.800000190734863,1,1,1
af841f6853b90b28,1,1,199,5,1,1
8e4514bf7def509684cd7e63f3a4d13357187784,1,1,99,5,1,1
08071294e0f53f97116c682e67d9b7bfacfff56b,2,1,7999,4,1,4
598e45e9245e86e5,6,1,148,2,1,1
8c3c17de7569200d,8,1,2499,2,1,3
c88705c81094ef6389b57d7125ab3c17523d8f77,1,1,6799,5,1,4
7d134c3c2b0329242fb86a92b607753a09dc9f94,6,1,35.79999923706055,2,1,1
935ce238d45fb8de439c30bdd053cb7a2849ffb6,6,1,49.900001525878906,2,1,1
f7c0efa2265ecedb9c137fba700421560eb3558f,4,1,105.9000015258789,3,1,1
865428048424672-3c86d1ebc425,4,1,6799,3,1,4
6188aa907bb5bbb0,2,1,29.799999237060547,4,1,1
0675065c5e8d4dae,7,1,23.799999237060547,2,1,1
310c88474a7a2549,5,1,6148,3,1,4
abcf9e4cbedac113,10,1,42.79999923706055,1,1,1
869282049661535-18e7770a2d1f,3,1,142.5,4,1,1
864928040998731-ec5623403b41,1,1,206,5,1,1
7ded2e7fb94781b4,0,1,239,1,1,1
fc9b2eb5772b6f60,9,1,75,1,1,1
eabbb5c0c6112b57,7,1,308,2,1,1
6601fee61cb311e8ca0315120fecc3f2adff90d0,6,1,99,2,1,1
8b549b8263e934f3,0,1,259,1,1,1
d9b92e268beb0a7c6aa79457e0f2aa58ecd75020,10,1,79,1,1,1
e9ca5f86e46b2690,1,1,179,5,1,1
9568239c8dab28d8ddcc9596fe71b0cebebfceea,4,1,23.799999237060547,3,1,1
f8ed946943071610,9,1,69,1,1,1
7986602c6f19f1d3,1,1,39.900001525878906,5,1,1
40e7a938745604c1,4,1,39.900001525878906,3,1,1
390df4373d76f11a,0,1,320,1,1,1
7978c1ead7a62f7068bce88a6cb05410688acbaa,8,1,168,2,1,1
1d2e21492b24c9aa,5,1,138,3,1,1
45b6dd716bbf4430,2,1,29.899999618530273,4,1,1
95d997b7c59ec8b5,8,1,119.4000015258789,2,1,1
847881c7f775ec9f,2,1,68,4,1,1
e4e81ebdb198be89,7,1,179,2,1,1
d5f024f37bdecaec,4,1,39,3,1,1
eb4ffb8638984759,2,1,7799,4,1,4
69e62524fc4348a7,4,1,159,3,1,1
7f3a53b4f8ad408b,11,1,64.9000015258789,1,1,1
868123039462115-d41a3f00ca4d,3,1,106,4,1,1
9d848c4ee7e35959,11,1,108,1,1,1
5f09a796da0dd325,9,1,99,1,1,1
9f576e91f020717a,0,1,16.799999237060547,1,1,1
8bdaa81301e444dc,5,1,7599,3,1,4
0740fb324bf014c7f7c3bd450de548e6b951005a,4,1,379,3,1,1
368faeb599be69d1,11,1,319,1,1,1
c46dc19b9abf650969208abb4656d340f18ab295,7,1,28.899999618530273,2,1,1
776ab1393c1a7195,0,1,43,1,1,1
c483bcf4c7e0b4c8,2,1,385,4,1,1
353460081059833-141f78689b16,0,1,66,1,1,1
1a9f67606c3b562c,4,1,2999,3,1,3
6b35a8863ca7b1b8,7,1,150,2,1,1
f08dc71c2e50293b,2,1,51.79999923706055,4,1,1
8232bafb102448bc,4,1,599,3,1,2
72b6fd9d23cfd2d977567bbb97f8b62fe07bb33d,1,1,189,5,1,1
0941a72cee8f422f,9,1,29.899999618530273,1,1,1
8c64fd2ad94e74f1d436200690523a8baa898f1f,0,1,298,1,1,1
1256e350ecd1adfc168e90c609dcfec9d2221124,11,1,29,1,1,1
9f9ad37adb7ece2baf1cec521feaa94b74528df8,4,1,69,3,1,1
861198044624435-342912c26d13,3,1,14.800000190734863,4,1,1
ef9a6c057306c1faa1d2de887a734ecf3c9bad0d,8,1,13.899999618530273,2,1,1
b7bd1e21cd8efe6c,4,1,388,3,1,1
c3666a1c2b0c8ee3,4,1,65,3,1,1
17e4aea920a79b3e,4,3,3,3,1,1
eed6665b074b0dc4,5,1,999,3,1,2
b901c0007b59dd69,2,1,99,4,1,1
5371ede0ac2a4fc4,2,1,86,4,1,1
f409908eab146a0d,2,1,109,4,1,1
b482a3457c6c1465ee53e5e8adb7ee5a50029ade,0,1,69,1,1,1
5625e3569e96cdcfe0dcc3b47d6b24973e2c0d50,4,1,169,3,1,1
869593038430231-f4bf80534a88,9,1,45.900001525878906,1,1,1
0af35d5925490cfc,8,1,316,2,1,1
7594e62a16bccbea,4,1,79,3,1,1
e1d03af88e28aa199d65f69f1755bfe27189fa76,8,1,219,2,1,1
163a10ebcc448d86595595da66765c9ddeef071e,1,1,209,5,1,1
7295e84bdeb9e24d65fd402a313dcd5782bb6b4f,4,1,62,3,1,1
a9d24207c4b18bdd,11,1,79,1,1,1
b05fbc8ca743bced,1,1,19.899999618530273,5,1,1
f6d3f00b48c1edc1ccbbd3a7f9453ae9ab096f7e,11,1,49.5,1,1,1
9d11046d284dd3ed,3,1,219.89999389648438,4,1,1
7c90e77d91540fdc,8,1,76.80000305175781,2,1,1
c76a6b05957b43ea,4,1,152.8000030517578,3,1,1
88a23438144ebb72,2,1,109,4,1,1
687e518cdd45cc1a872b8a8de4d112406c1f0552,5,1,26.899999618530273,3,1,1
98fd1b86aa4bf139,4,1,380,3,1,1
864295047058053-d4bbc8afa56b,1,1,19.899999618530273,5,1,1
a39ec04753c6b86f21921a2399dd80e0a96bf4ed,5,1,5999,3,1,4
4ecb260d2978bf6c,10,1,89.9000015258789,1,1,1
eb64619ec532f09c,2,1,1999,4,1,3
f9821aeba4cc2658,11,1,149,1,1,1
7dfe22babe09daf09ff7c5a54ab0b923ff4b5deb,1,1,998,5,1,2
1773ddbd16a86a43,3,1,136,4,1,1
1bedc8868a083dfd,5,1,14599,3,1,5
220b408073cc91a906fb3881003735b08b5c9316,10,1,262,1,1,1
b0b938e8bd82c6f5,9,1,1250,1,1,3
1f18f61851a0569c,3,1,5999,4,1,4
30d636e07775cd8164dca968f035636670e1e6b2,1,1,69,5,1,1
865553047881364-549209208572,7,1,368,2,1,1
cdd8c69142431ff6,10,1,99,1,1,1
716a3ff4f5fc7842696ef874f5fb1c07dc820ad0,9,1,298,1,1,1
feb1ea290ef83b10f1934437300332cb53705a46,4,1,159,3,1,1
a09b519d98fec680fe21cdd763008c1ccbf5be7b,5,1,19.899999618530273,3,1,1
3f86fe0999a29faf,2,1,219,4,1,1
9befaa1eb9f22394,4,1,8799,3,1,4
8200510f6a2b25d8,5,1,27.899999618530273,3,1,1
0ea0f15a96729d1430df02e9b23c1e398a95523e,4,1,5099,3,1,4
e328dcb843f44b8a,6,1,249,2,1,1
9ebca419945d561e57d23fc9444c37103713783f,6,1,699,2,1,2
687bcf6d57398e332c71c5b31052214bfff058fd,7,1,29.899999618530273,2,1,1
10cb15536dc7f98ff584da3a9abe616431e446fa,3,1,12598,4,1,5
57ed296b0c399a1f,6,1,399,2,1,1
863248037123701-acc1eeced73f,9,1,25,1,1,1
865509048998631-3c86d11659c9,4,1,73,3,1,1
538f5f551ba9451e,4,1,389,3,1,1
4c529d001dd21371,10,1,278,1,1,1
864923047392285-9017c8505f34,5,1,39.900001525878906,3,1,1
bc5747c110ad4f51,0,1,68,1,1,1
8a7c9b71d206fbdb3707908fdc36e5518891603b,3,1,129,4,1,1
c06a629627fde799,5,1,24,3,1,1
bcc6ab00b18b2383,9,1,399,1,1,1
862855043139504-b0eb57a83dfc,7,1,29.899999618530273,2,1,1
74c176c24bb9a486,0,1,59.79999923706055,1,1,1
2b295d4b86ef168334deb25b374ffd3681532b5e,11,1,22,1,1,1
a7e6bad93d06a9eeeb20f511b7f7838a68a757c7,5,1,26.899999618530273,3,1,1
04882c4af9efe29185a5de445d0854a0d18d0359,6,1,58,2,1,1
395a856b99f1b2c7,5,1,1199,3,1,3
c7a4fff58148bd9a,5,1,249,3,1,1
fa27e3ed82b9de0a,9,1,29.600000381469727,1,1,1
59df365922158fc64b3c935c59a2f960d990778f,0,1,9.899999618530273,1,1,1
0bd3ba231f606bd7,4,1,6148,3,1,4
aa3a007feae17898,5,1,59.900001525878906,3,1,1
e2ce6b6e9e9fb48efed90f28ed5074161aa6adf2,3,1,180,4,1,1
891235d4b4a7ed00,7,1,43.900001525878906,2,1,1
848b08af6bef8f390a88c0fdd4e56f7c5a63245a,5,1,5999,3,1,4
860341048007113-38fb14db24c2,6,1,23.799999237060547,2,1,1
74d6d69d7822c21f,6,1,3.8399999141693115,2,1,1
a7521560d20c34c03b9cfc10a6e66ba4929135ee,0,1,109,1,1,1
355cc6f2b11e5287,2,1,128,4,1,1
67bde694b1123c63,11,1,348,1,1,1
7e59b2fdc5fd77198dd7590e9bff165ca07f5ee1,4,1,188,3,1,1
1ef84e7dcf27b637,11,1,120,1,1,1
e12536e85b5ca9aa,3,1,36,4,1,1
02ff0e690934a45a,2,1,5868,4,1,4
863489042169236-e4fda1a59988,10,1,69.9000015258789,1,1,1
ed9f46b7f0d36700,8,1,49,2,1,1
2ce103c8953c2a790b6327f7c1bfe096cb29978f,5,1,3499,3,1,3
863240045572136-708f47d28663,0,1,15.899999618530273,1,1,1
50b677066f08dafb,7,1,229,2,1,1
862502040446116-7460fad8224c,0,1,54.900001525878906,1,1,1
682521d6697d140e,10,1,998,1,1,2
867482057935779-207454e8a6bf,2,1,100,4,1,1
d1ea316e6efa6e1e918012071c23a05c75fc3357,4,1,16,3,1,1
0780ba0036f033fb,3,1,499,4,1,1
70ec62815f893e80,10,1,99,1,1,1
b75cfd5c6d88665d,9,1,14.899999618530273,1,1,1
03016aef6aa9410a,4,1,26.600000381469727,3,1,1
35a696c2e5a06e1a8375cd4ac4b719056508bf72,9,1,55,1,1,1
ed2117d038b83c95,2,1,23.899999618530273,4,1,1
10066573342ee18b9ac73b1358311a49f697eeb6,10,1,29,1,1,1
01b21f8b294af518,4,1,139,3,1,1
868072045250537-d81edd878eed,10,1,79,1,1,1
b96de617871c31c716627307d32d93c659fe7216,4,1,5999,3,1,4
da42e4dbd3b025bc6d8c4104e103c3fec6627636,4,1,389,3,1,1
A00000A3B78597-5c666c2ec237,4,1,98,3,1,1
bd6d32b598f0b016,8,1,29,2,1,1
065f94c28ae4f725,5,1,42,3,1,1
f5afaf71dacccea5,1,1,27.799999237060547,5,1,1
fbd5443a729b5993d2906479692251467b456c53,0,1,3.5,1,1,1
868360045795878-d462ea159090,2,1,5999,4,1,4
869705034413678-4cc00ae88d6f,8,1,58,2,1,1
865583036586617-c81451c7ab79,4,1,4899,3,1,3
f01e8748d43d8d85,4,1,25.899999618530273,3,1,1
0c3ca6cdde43cfddff8b6a2a9af9788aa16fa13f,5,1,33.79999923706055,3,1,1
868026049185941-54bad674e2cc,11,1,36,1,1,1
88114828e653b430,4,1,168,3,1,1
daec729df0190dcd1e6f3301a5c2c142e8e02b0a,4,1,208,3,1,1
864708041638134-f89a780c0d2b,3,1,29,4,1,1
f2027ba1f686ed5c90a02c360458a932026f54d3,7,1,5999,2,1,4
23488fe2e642a9cfa0478a5fda467e2361c5e97c,5,1,6799,3,1,4
27239b4e0b9b76fe,9,1,18.799999237060547,1,1,1
1dfaf121acb382e9,1,1,198,5,1,1
ce0aac93dff6d4e4,3,1,3999,4,1,3
6346775267678bdc,2,1,49.900001525878906,4,1,1
70e5c219394e8276,5,1,14.899999618530273,3,1,1
46a588e69b0d5c83,5,1,6699,3,1,4
866743049673559-a8e5440b2f43,3,1,99.9000015258789,4,1,1
de2fed770aa31900,10,1,128,1,1,1
188078ec2058e5f3,9,1,1098,1,1,3
354284e86f3e6613,0,1,20,1,1,1
863535047467783-8476379036a5,3,1,139,4,1,1
b99497303e6bc8cb9eea227deb9040d90bf3bb6d,10,1,135,1,1,1
7bdf702b939a103e,10,1,199,1,1,1
40764431e0cbd3da,7,1,13.5,2,1,1
dc441297d4283e10d14e0a392eb288539f4ca53f,10,1,139,1,1,1
3fb6862f67fb106d,11,1,599,1,1,2
4d915326ebbe4349a91e53a192fe6eea6ccf44f1,6,1,66.9000015258789,2,1,1
467e712cefdcb88d,10,1,119,1,1,1
3cc3ff352f5ee100,0,1,110,1,1,1
fc33f5e0c75fecc4,4,1,129,3,1,1
3cbcefd5be22eebc,4,1,7299,3,1,4
54fa3d8677f391e2,7,1,101,2,1,1
861799045853129-a8e5443c90c4,9,1,109.9000015258789,1,1,1
3fc6de1530e3a299,5,1,699,3,1,2
caca15b774033bf1,6,1,88,2,1,1
b49f268320f10d8b,6,1,1499,2,1,3
d02a2221c007af512ce0a071af829c549ce3a6bd,6,1,448,2,1,1
32914114c8cd5857,3,1,69,4,1,1
9e7442c0abd70cb1,9,1,116.4000015258789,1,1,1
c4e5ea775f44148a09a28ad692f6f3d0dcd373e0,2,1,45.900001525878906,4,1,1
af3243974e7bac57,7,1,59,2,1,1
18fbdd66f5b07110a08ead9c0647dadc53e350f2,4,1,35,3,1,1
e6149ce246a1856a,10,1,189,1,1,1
88542919f9e97e1af75df837707c5cd58a9fa98d,1,1,24.899999618530273,5,1,1
a4cb9b868bc45d9e,0,1,318,1,1,1
ba0b4af28113cc59bfd6e0be9c483b8e3aebcb27,9,1,34.900001525878906,1,1,1
d4c0844606c42332,5,1,6999,3,1,4
c9e4d2895c4e6357eb80caabb8f62d4e4d97eabb,10,1,225.8000030517578,1,1,1
f11be3854579232b8b7ac96aa4957dff51bdccf9,1,1,39,5,1,1
6eac72db7c2f3a92,7,1,5999,2,1,4
9bb765adfa32804a,0,1,4399,1,1,3
c1996e4192476194,1,1,24.899999618530273,5,1,1
193e107954707d56d15e7bfb951600500c30c374,3,1,749,4,1,2
b319518f68dfcf97,9,1,169,1,1,1
adcdedc264e7db06,11,1,49,1,1,1
81728ba2f1ad838213384c41495383e3f1d1fb0a,8,1,999,2,1,2
7e4c312aa6f5a7064af99801f34fa5050a2d28c1,1,1,109,5,1,1
37d38f27cbb1cba3,5,1,1600,3,1,3
33b02dcb360411bf,6,1,81,2,1,1
8ee55547a4237023,3,1,1308,4,1,3
7ae3d00d651621f1,11,1,19.200000762939453,1,1,1
860956041624117-28167f8ee70d,10,1,207.77999877929688,1,1,1
17ed093ae7989cb5,8,1,15.399999618530273,2,1,1
efb88ce266db7c11,0,1,10.699999809265137,1,1,1
7d777b2ca016a2c7,2,1,599,4,1,2
6f85166c46998926,5,1,139,3,1,1
867183040472819-1801f15e86c2,6,1,24.799999237060547,2,1,1
1fbcf12b2d036c5ac1ad7c98e7679808864167e3,4,1,51.20000076293945,3,1,1
c758d495732da63e46c0bda7e016bd7429a3da60,9,1,49,1,1,1
eecc925a9d65f7e9f7869f25a645bd5b547b0091,8,1,25,2,1,1
6f6dd4d62b1e391e27d900669ccf64550a6b3c90,10,1,3599,1,1,3
503d6199f707d248,3,1,2699,4,1,3
147dd383f647e44d68b706a4629f89dbc4a6ffb8,3,1,1299,4,1,3
df971ba791d05b0f,9,1,15.399999618530273,1,1,1
d522a435db63d1a0,4,1,8799,3,1,4
2a72e047faba4487fd2f3a134cbe74c6627b1096,2,1,150,4,1,1
971901661c8c0e9a210d5136014e98a152e6e778,5,1,199,3,1,1
869593034901482-b4cd271686e0,0,1,69,1,1,1
861910045301452-3429127a7a8d,11,1,29.899999618530273,1,1,1
ff573a0d7a61aa32,5,1,248,3,1,1
dd61d216950049d3,3,1,99,4,1,1
625c970296ace88f,10,1,89,1,1,1
868518044666974-88bfe41efd02,7,1,4199,2,1,3
0b3486c0c5c22bd8,4,1,69.9000015258789,3,1,1
5439778bb61dc479,10,1,29,1,1,1
b4aefc426a0f214d,1,1,5,5,1,1
4d6ec4346ed2cd6b,5,1,159,3,1,1
408b72917d63baf9,0,1,106,1,1,1
15d6affaee8f6c734bae177a3d31a766cc274fb7,10,1,4799,1,1,3
46811a91b95b891b,3,2,27000,4,2,5
7c9f8f23e987958c2d0b431f764f206480a6b999,0,1,149,1,1,1
8c2176ac6bbb3588,4,1,1299,3,1,3
2b4980b19a8f15e1,5,1,69,3,1,1
0aa17232601b779a,4,1,186,3,1,1
f4fc6ef9a736bcfe0091fe962a60e778eb2bf98a,9,1,628,1,1,2
0374db0c8e872278,10,1,32.599998474121094,1,1,1
866420041933089-7c942a4ae00b,3,1,598,4,1,2
0054db6cc1f8ddc0264b105ecc48b826225cded7,3,1,199,4,1,1
a6cc6625a74e91ce,1,1,149,5,1,1
db8456be2caca894376edcf715a719809f2bced5,11,1,30,1,1,1
0703e465f5a29e6b,7,1,389,2,1,1
ff3343adbd0a526e,7,1,530,2,1,2
35c88ffd8ba7a59174eb0a02f58b075cfed65802,5,1,59,3,1,1
fb72e412b8d13620,1,1,139,5,1,1
582c5bd3bd8a03f01c401aec1843c2f4a3f6a8a3,0,1,399,1,1,1
4ed637e2642e6958,6,1,149,2,1,1
4e5776744d0f5f1621a0394a214239f3cd2faa0a,7,1,318,2,1,1
af357466f12d3f19,8,1,1199,2,1,3
4ed6f9a6ce1ed1be,8,1,75,2,1,1
c76575f63994f0b5ad7e7275880dd52d5c0904ef,11,1,399,1,1,1
8f5595242ed2052b,2,1,39.900001525878906,4,1,1
b01d56d7ae56ae06,1,1,139,5,1,1
f9370cdecebfecfdcaf251a78e1e3a6fccc93775,5,1,269,3,1,1
0fdeee4eb0f10a77b6a42b0071e5fb840d10625d,4,1,1999,3,1,3
738c16e665a8b0b7,5,1,139,3,1,1
e4f2c4552fd5011c,1,1,9.800000190734863,5,1,1
aa339f263f0b5cde02a86cbde250b7bcc1e43132,1,1,65,5,1,1
81bbce539509007d,6,1,3199,2,1,3
1140762a6bd1d0b30354eba900d42a43e47e12b0,6,1,299,2,1,1
c45cc65139cf1131,7,1,5999,2,1,4
861243047575513-a4933fafb6af,7,1,599,2,1,2
d532d4d7f7b5432d,5,1,5999,3,1,4
b3fbae58ee9383c420650c50598c7df32fe70e57,8,1,359,2,1,1
03024e9d22c5f88fbe13c23e3d2c581aead3147d,4,1,72,3,1,1
860809047186096-dc31d1008e77,11,1,42.400001525878906,1,1,1
53eed8b042a895ad,4,1,1499,3,1,3
c18b03b9d3cfa48c,4,1,75,3,1,1
55963e3b17c1f3fe,11,1,134.39999389648438,1,1,1
f1e846eaf152b097,4,1,799,3,1,2
cf4356a23e37337b74b0e0f49b27376631437cf9,7,1,10.899999618530273,2,1,1
8361c947b2bb9256,4,1,329,3,1,1
869471046531078-7c942a3129fc,8,1,95,2,1,1
d88f58025689430d,6,1,2799,2,1,3
99cff0f8c821dc79,5,1,36,3,1,1
869790040583300-d462eaba6c8b,5,1,6729,3,1,4
860472044810174-dc31d1746093,5,1,89,3,1,1
2f71070c163a4bd7,3,1,99,4,1,1
064f044aed4f7263,4,1,144.89999389648438,3,1,1
fceff8ad2285ceec,2,1,10.989999771118164,4,1,1
ae7fc369dd1a4819daecd54791f29480bff6c26c,3,1,158,4,1,1
cfcb2b4300f7b6c5,0,1,142,1,1,1
7f998019280f233ff27b4019170814f54d3d0803,3,1,48,4,1,1
595db40fa33aceb5,11,1,1799,1,1,3
96c5535bbc05250d,4,1,69.9000015258789,3,1,1
6b668c740dfd21eb,4,1,119.9000015258789,3,1,1
c01146a4af5e908ede2e24c89105f055b5d32e37,5,1,1459,3,1,3
02556e9f3e12d9db,9,1,308,1,1,1
f350997181a036d5c23fb1ffcb9d93fb89c28246,2,1,55,4,1,1
deb785989a69e0a1b6bd42cb4f41fed57d305a98,2,1,51.79999923706055,4,1,1
90aec44a78dac31a,5,1,59.900001525878906,3,1,1
868573040585660-30a1faddde41,6,1,159,2,1,1
d59d65eb157487bc30b7979ad146cd8aa13c25d2,9,1,67.19999694824219,1,1,1
827b1842621fa659,6,1,99,2,1,1
427c9c5df66db6199e8eeefae2f947fa9d3b7c5a,10,1,500,1,1,2
674f740d7e5549a8,2,1,7799,4,1,4
bf50b4668316b43da25ac8c9f3afe306e9ea7a6e,3,1,19,4,1,1
daef8651771c2c5dcc3bcd2d6e03d5bf0f015a98,1,1,18.899999618530273,5,1,1
4c7464329e348c6a164da76616b1315602c930ca,3,1,49.900001525878906,4,1,1
5dbb2b0c7286b1e87afb5f45ac21fa425b1f9231,5,1,9,3,1,1
67a0f97911c23491,4,1,299,3,1,1
c363e8eeed6bbe7014bb717a2463ecaee62d7086,2,1,199,4,1,1
e1950e5fb89ca549,6,1,89,2,1,1
b14c209d02d9b891a656e0c889122a458b3c0699,11,1,7999,1,1,4
f72abc0f54927c44a4729acfb0fc45e29fee3655,9,1,458,1,1,1
20e92ceb5d8be0a2d7044f39eac152750cda52b9,2,1,2999,4,1,3
37ce404a65cdcaee3476271150926c87ca37e0d4,9,1,199.89999389648438,1,1,1
9ec1e09dfbb10a0ac3677c03d69e70c70c0cd6bd,9,1,268,1,1,1
3e93bcc4ec692daa,2,1,3199,4,1,3
b0d281ef305ef6e9ff4344c5a35bbd9e01e3f312,11,1,1688,1,1,3
8602f035060997af,6,1,109,2,1,1
6cdfa26a3221b5f5,8,1,299,2,1,1
2cb9230e84924f29,3,1,4199,4,1,3
4875a7357dd93274,11,1,10.899999618530273,1,1,1
c5dc8cd456e38bb7,0,1,39,1,1,1
bf33a99cd18c9eb8dc95d8bf5b8d1da1bb97f5f3,4,1,19.899999618530273,3,1,1
8605d0a7ee9cda30,9,1,35,1,1,1
6c2dd012a3b61c07,6,1,1499,2,1,3
fa5f0bc674563002,4,1,3499,3,1,3
82cb42783a5105dabaa56ef4d97c30c94abe8146,6,1,128,2,1,1
a5e323a88f0bb79ca46b978fe491a532fd96a8e7,2,1,118,4,1,1
a5b5b3a080647515,0,1,109,1,1,1
e1fa79bd88f2c47dd8bd53fab69a3751fde33708,1,1,185,5,1,1
bb4e6ccf65a52154,5,1,79.9000015258789,3,1,1
f81bd73169142080ae1897afc495d7df0cc727a8,7,1,36,2,1,1
c9502b47a0039466229344555792ba816897bad1,2,1,105.9000015258789,4,1,1
860427046353953-0c20d36fcb3d,8,1,2,2,1,1
3d497d479f1f36034a79a5b3325bacd5d544c6cc,0,1,141,1,1,1
869225040979414-0c20d34a23c3,1,1,280,5,1,1
4f74ae5a88080822,2,1,36,4,1,1
36e77987d007a322ae9a814168cfa4864c68797d,6,1,99,2,1,1
804857d0c884595b967fa3057041192e088422f3,11,1,38.900001525878906,1,1,1
dab732534cbbbcfa43dd62f7932baa51403127a2,9,1,399,1,1,1
82d57fe10fa5e519f5b6234194b3abc2d9b36557,5,1,1199,3,1,3
9615dab3ce7abfe1,1,1,78,5,1,1
dfdf6d0f6c3681ce08b6d9508fd67bf881962766,6,1,25,2,1,1
21020970d91a8c0c,0,1,218,1,1,1
5b42b8e1c8d87495bdc1feabbf2c17d94ff9c2e1,6,1,35.900001525878906,2,1,1
2ae50b4eca5fb84a,1,1,2599,5,1,3
64dddd42238e34d5381c9179d7178ff51bca9d66,5,1,2999,3,1,3
251a8bd020fa73cb,8,1,265,2,1,1
865058043695040-342912fca7c3,5,1,89.9000015258789,3,1,1
867665043876764-7c76689f16d5,6,1,45,2,1,1
862169049580764-5492093e33d4,1,1,74.9000015258789,5,1,1
17a14654933213a8,3,1,20,4,1,1
9f41879abf97041f,7,1,53.599998474121094,2,1,1
d073894aec96eec9,4,1,10.5,3,1,1
c502cbab13a918e896ee62b9db0353b35c3c723e,10,1,20,1,1,1
360b96ab8cbffa78,5,1,67.9000015258789,3,1,1
84c490836759adc2,9,1,59.79999923706055,1,1,1
eeff2706edf370ce,1,1,1369,5,1,3
72d1a63c7234e275,0,1,32.79999923706055,1,1,1
997396fa5c51e19e5d2f8f7b9f0b0afe3e98ca57,6,1,49.79999923706055,2,1,1
0d0ef1b0abff59de4c576cdd05cc03652ba6cbf9,0,1,269,1,1,1
849cdbf7febeced91246886ed0a57d5ecd5e3125,0,1,49.900001525878906,1,1,1
3a7ffe19587ef40c,10,1,59,1,1,1
c33f355a58d0cf11,7,1,35.040000915527344,2,1,1
ac7f170131189897,5,1,9699,3,1,4
866955044742235-fcab90245466,2,1,198,4,1,1
962810a5c4556b51aa0ecaf447e3100f4b1a2c51,8,1,79.9000015258789,2,1,1
c277cf44d8a2f015,5,1,199,3,1,1
867667031757741-1044006c6c68,3,1,11.899999618530273,4,1,1
b769539513c06d8a,10,1,69,1,1,1
04b4aec6f56397741aa73cf03cba1dfc0abf9612,1,1,95,5,1,1
82ee9e850bf1e31e,0,1,68,1,1,1
6a94b5afcebf9304,5,1,699,3,1,2
c3d6c7fddb64bd1b,10,1,2599,1,1,3
dd1d585e292750f23344d3bdc6eb986379bf48ef,4,1,3199,3,1,3
e618d9665d3251df6d2b0773563d5886529c08db,11,1,29,1,1,1
df7c76a090eab23b5c13e4731c07e02769046a60,4,1,185,3,1,1
1e526eddda854b0a34c53b07bfe5126670ecd845,7,1,29.899999618530273,2,1,1
91531040ef9a5228,8,1,160,2,1,1
9732d21a729336895a270b5c60cd0ccf1f046c04,8,1,39.900001525878906,2,1,1
001f078bcead23d2,4,1,6799,3,1,4
4d58d6b5cecdd9bad78781cd4f444dcf0741ad3a,3,1,99,4,1,1
960d6f51defe0caf6134a059a1f56efe1b79c4df,1,1,20.299999237060547,5,1,1
863563042164452-24fb659135e7,9,1,229,1,1,1
f0d886e74d0b460f,2,1,119.98999786376953,4,1,1
b19be9d0d1f819e9,11,1,18.899999618530273,1,1,1
c90d5c13818c3642,4,1,288,3,1,1
d2a69834feadcdf3af51136eb6657d802b6482e5,10,1,199,1,1,1
24860a76315d958f8d06ba65d2573d9135ce9259,6,1,60,2,1,1
231c1be3f937658d,5,1,449,3,1,1
4fefdb9449e960e0fdba9b7de05f77dd959014c9,10,1,5199,1,1,4
90d640dde0d3560d,5,1,11299,3,1,5
17c549327036f5be,9,1,370,1,1,1
5c9c598ee0b12c109c8049f05edabae8ce7dad6c,9,1,49.900001525878906,1,1,1
8aa8decbc3d3927c,7,1,8799,2,1,4
5a1349cede56f4d6,11,1,7.900000095367432,1,1,1
946eccd899da36c7,2,1,5499,4,1,4
e02c50d26e57bc93cb3fe1d1e0883871feed6211,2,1,25.899999618530273,4,1,1
f340f890a7ed542ff33fa2f2106cf8e752c2e0ee,5,1,6799,3,1,4
e6ba2ac423f85483178e15f6ace22614e7397b2d,4,1,166,3,1,1
69011f702c96a42a,2,1,4199,4,1,3
dbf3e9a3591ac5efc00f841a781cad5377da81b2,5,1,72,3,1,1
913731029cd1f88d,0,1,29.899999618530273,1,1,1
0220c1032113b5f72203428e0e4a7c6b142d8eda,5,1,6480,3,1,4
db07a28d0d5e49ae,0,1,189,1,1,1
4e6126d79ba5f7b8,4,1,5999,3,1,4
869156034147298-9463727d6e4b,1,1,263.3999938964844,5,1,1
c1652f7bc84dbe16,0,1,18,1,1,1
62b5e3dba4623b55,7,1,279,2,1,1
e54f1447f09290ee2441ad5930884f294d573f24,4,1,118,3,1,1
29ff0aa019ef485ec572fb8c650201587d6b2182,8,1,49,2,1,1
d0668cb89b1b4e72,3,1,258,4,1,1
67ed250cf2775c20,6,1,15,2,1,1
4e7e8cad09b2cf40c183a380dd31212f2b3ad0d2,4,1,5099,3,1,4
d25faef1d51b9c6fc18c1f264b7775fa5ee39fd1,0,1,2999,1,1,3
98321fcd977b86ce,5,1,3199,3,1,3
376f471b8c7abdda,5,1,3118,3,1,3
30d7a474e83099ee,1,1,7.900000095367432,5,1,1
4188edfd79c70a3d68f9b7c7264900e6610172ea,11,1,3999,1,1,3
c3c70731230e1c6e,8,1,93,2,1,1
0c628f38fb93084761f0b87696baddf620c4099f,8,1,149,2,1,1
0c804854bc56e476a27eb360be1484d48141f5fa,1,1,24.799999237060547,5,1,1
03f5dc749d21d60c,3,1,1999,4,1,3
864455043675785-20da22ff1b31,1,1,172,5,1,1
77d9ef65948042e6,1,1,24999,5,1,5
33849387c4da5445ceb1c880c1e8229be6eb4cec,3,1,52,4,1,1
572f222ea48ce3a1,4,1,198,3,1,1
99dfcdf0360a3656,6,1,13.899999618530273,2,1,1
866554048179708-14d169da55e5,0,1,20,1,1,1
1fb862cb82dde3262b5ae98527c2aa0c396fac44,1,1,680,5,1,2
922299406fa277d8,4,1,3999,3,1,3
b20db4818d0f075e59386449f3c18de5357b7e3f,0,1,109,1,1,1
ef05d7c936687c86,5,1,1399,3,1,3
278e442be68ac5bb,6,1,138,2,1,1
c5e5e839f929cff7bf07639d7118bb0d6779d450,1,1,389,5,1,1
fc3557fd3f438e034e16adc5bff232018389de81,0,1,269,1,1,1
6c337ef310d42cd3,2,1,328,4,1,1
d3a471ce598725a09f230a9b5dd91af79c87284f,10,1,9128,1,1,4
861348046641974-e0dcffc98c41,4,1,149,3,1,1
e4e9bc3f82249639,0,1,79.9000015258789,1,1,1
867715047371351-e0dcffd9493b,2,1,298,4,1,1
63acf8171298ab48,9,1,248,1,1,1
99c0c051de0aa7e8,7,1,119,2,1,1
21507f658d32f4ae,4,1,59.900001525878906,3,1,1
08915402335ca06a,5,1,14.600000381469727,3,1,1
c1fe1057030b03be,2,1,499,4,1,1
4b4897735bec9b49d4f64d57d82d250a375b8f8c,6,1,2999,2,1,3
fbda2692794daf8e0c3c6def2b83a672c3a3dfc5,10,1,99,1,1,1
bd6077ec15043afb,0,1,60,1,1,1
762856884b50b245,4,1,139,3,1,1
867531043076534-24da33eb28eb,3,1,16.899999618530273,4,1,1
ed59593fb14dba463141b92cf2665e609df83e9c,11,1,149,1,1,1
e73ce91a329afe5680bee2c2960a30cf684ddd76,11,1,46.900001525878906,1,1,1
93c697ea25e087c7,5,1,5,3,1,1
d903588bb7222949967e597352e2cd5771c2294c,10,1,399,1,1,1
461acd0f5b9b3bc56fa9d9c47e453faebb333ec6,4,1,48,3,1,1
a6fe47ac51ddc9b505e6739bf78df80372796435,10,1,49.900001525878906,1,1,1
6609a9a8d0540e8b5c3409aa25ddc16d537aac66,5,1,268,3,1,1
3c6c85ca423781c4,0,1,8.229999542236328,1,1,1
2129ab289b270d23,4,1,399,3,1,1
916a762312a8f6c9,5,1,1609,3,1,3
866659047803438-1cb7967203b6,4,1,58,3,1,1
4ef8d2ce8ca6f9ffaf163d738a119d688a5371cc,10,1,6099,1,1,4
864928047982621-88f872f0e34a,3,1,2799,4,1,3
866516048623050-f0c42fa54068,7,1,9.899999618530273,2,1,1
f3a5fc744901ac580bcf66356a91327d98e3aa1b,11,1,191,1,1,1
d4bda6fe225fc682,3,1,27.899999618530273,4,1,1
ca4634156dd935e242cc3df08a327eb350bd8238,2,1,68,4,1,1
352936097559925-4491607780ea,10,1,59,1,1,1
861427043691719-18d0c53334b5,6,1,13,2,1,1
9700c0c71e97c74a777b6c1e7765116ea9cf8499,2,1,79.80000305175781,4,1,1
8444c7896175b15d,10,1,2599,1,1,3
869982031658320-9094977a7c38,7,1,48.70000076293945,2,1,1
052b8588dcf457f19ea594deebb5143611cdf4a0,9,1,24.899999618530273,1,1,1
6c7a0b7bb04d278e004f2efc4f6fd679215175f3,5,1,599,3,1,2
743ffaa15697472e,5,1,899,3,1,2
5968d317d56122523d88c1743367ed8f0e718bc6,4,1,1799,3,1,3
645b1d308ac9a92fa6f47050f47de73bf5bc819f,0,1,14.800000190734863,1,1,1
6c15e48677585064,4,1,1799,3,1,3
a30a40788c00f40e,10,1,42.900001525878906,1,1,1
e5b029107988d08a,8,1,5199,2,1,4
1ec80fa12bc87d48,0,1,1399,1,1,3
e44f557651101cfc,1,1,36.900001525878906,5,1,1
d3102c6b4c6769ef,11,1,119.80000305175781,1,1,1
84997489eddcd50d,2,1,1699,4,1,3
8efac686973a1505720cc520803cf52ca41c6943,9,1,2299,1,1,3
f9b42ef1a9f1fc30,5,1,8799,3,1,4
2775d164299acf1dbf0a06767c5a0160184ef968,9,1,40.79999923706055,1,1,1
d415dd0151839206,8,1,45,2,1,1
46d8da580f3e90e8,5,1,109,3,1,1
867884030199979-90f05267afaf,9,1,18.5,1,1,1
860649044356015-88bfe45c9bb3,6,1,29.899999618530273,2,1,1
3c1cc73fb812d8cb,2,1,849,4,1,2
ec4c581f9b0bf176,3,1,2499,4,1,3
13e160be6aa9b1cd4e63d4f1f2302cff49eb7f37,6,1,38.79999923706055,2,1,1
b3b4a372c95bc3e8,1,1,399,5,1,1
864751031780425-b0e5ed722380,0,1,49.900001525878906,1,1,1
fe9de43b061ff21c,8,1,39,2,1,1
868608031298152-b05508f288ff,8,1,15,2,1,1
fb5e5fe77bc2a96b,3,1,38,4,1,1
9cc1c6091b7b8322e36cc5622549994b115da1f2,10,1,110,1,1,1
866581044471813-2c5d3417a213,4,1,36,3,1,1
b360d845329c4e3493238ff167e83627f2a5b2e2,5,2,1998,3,2,3
49f34f703d0b907f,4,1,44.900001525878906,3,1,1
aa0f49cc8083e290,10,1,798,1,1,2
2a18151ef6e6c431c2b3f4f931b1f1d10d0662ad,0,1,43.900001525878906,1,1,1
f934296e9fac517eac897fd98ccbb894db33fdfa,5,1,130,3,1,1
9211a3152de9bc53,10,1,15.899999618530273,1,1,1
376e9320f006274b,0,1,135,1,1,1
fe1785517cd03e06,6,1,299,2,1,1
2c9084659133cc79f281f3bc267fd7306f69ee9f,9,1,43,1,1,1
77828ab5974b96e3d4f1f1fd4c7d9d582839ac91,0,1,179,1,1,1
37104d8ae3e33076ce42a7a3a5ccac25fd117641,3,1,2499,4,1,3
e2be1c7a0820f00e,8,1,99,2,1,1
868632030004304-74d21d22747c,4,1,308,3,1,1
6045ae6ea3e5cbac,2,1,2399,4,1,3
96e276ef8f4f035c,0,1,64.80000305175781,1,1,1
a8e07191ec7f5d3e,11,1,90,1,1,1
e465c4fb77877d47798af82bf10d98ff62d48e34,8,1,10498,2,1,5
5fd6e81ead9724711a1f4e2598844da7c8f9be9a,0,1,106,1,1,1
8e5f8337062d8e6c,9,1,98,1,1,1
f735aa0c6131635a,10,1,48,1,1,1
579319272422a9326750b388dda077b80cf88090,1,1,1099,5,1,3
866880042629590-a49b4f55d405,5,1,214,3,1,1
86550f6e1290a9987ea2247a788639116a224d75,2,1,69,4,1,1
4c0c6707a81c42090f95179041d3f531f364395a,1,1,600,5,1,2
ce31b97c23c7ef2a,1,1,85,5,1,1
2b1ee89f3e9d1af4be0ec0ef37d771b0e972ddac,5,1,118,3,1,1
beed24415aac58ec,5,1,2899,3,1,3
8cd220ba93dbc4bf,6,1,238,2,1,1
8c5d7245b21d9c02,1,1,119,5,1,1
866712048057940-1cb79670a2ad,6,1,79,2,1,1
e4bf9b24fd07afece1793a70511f7563eb91da1b,8,1,129,2,1,1
368a0f89a228392b7cfedac59be81e84cffc7a23,7,1,96,2,1,1
0e02e900f303e2b3a26e33ec0dd5a0b9a98fae00,5,1,158,3,1,1
861348040738156-e0dcffc08417,9,1,3199,1,1,3
9efa6192df49809a,1,1,5,5,1,1
2738db5d01730fdfc176b9606af8d1dba74e2121,3,1,28,4,1,1
3fec4aab705db6b3,4,1,4499,3,1,3
cc220939a9b55b07,8,1,12.899999618530273,2,1,1
e2d2f4952482b5bb,3,1,14.5,4,1,1
759ba49ae6cb7cab,9,1,99.9000015258789,1,1,1
da2252a1abe19c76,3,1,300,4,1,1
0ab7be143a190978,3,1,1799,4,1,3
e8254a77fa838518,3,1,1938,4,1,3
2f2fe5e04b344d95,4,1,64.9000015258789,3,1,1
1aef94d97ab0fe81,9,1,66,1,1,1
860746046300536-64a2f9a753a1,6,1,2999,2,1,3
d6d54c4d97950b5a,9,1,699,1,1,2
66eb2bb146855d6c,4,1,175,3,1,1
7706d302f64de4b1a2e87adcad893b703bd57266,7,1,67.5999984741211,2,1,1
58a4af08c04c02e4a444bc73f102ddf0933ef53e,5,1,1980,3,1,3
7f9fda03868b4f2a,1,1,109,5,1,1
860087049266956-7460fa130982,1,1,88,5,1,1
761cde64c8ad9df6,0,1,499,1,1,1
357586091468824-1098c39c3af5,3,1,124,4,1,1
c41582b13a69ccde,9,1,35,1,1,1
862856041868755-a89ced8f2896,0,1,31.899999618530273,1,1,1
880a00eb0d2c909d,2,1,6400,4,1,4
ed91d7d887cdf506,11,1,49.900001525878906,1,1,1
d82d425dfe2f3fd3,0,1,298,1,1,1
49537f0557dfd8dd,5,1,69,3,1,1
27a81663a63d6267,9,1,999,1,1,2
aa06a61b7bb4bb0d,7,1,39.900001525878906,2,1,1
0497412d2f963fbc,10,1,69,1,1,1
29d02eecc356446f,10,1,15.899999618530273,1,1,1
0aece2dcd8c575fa,8,1,99,2,1,1
863984046929254-14d1690f6421,11,1,35,1,1,1
cd41c9e315c01a7b,4,1,109,3,1,1
d36e9ab0c31e47f3,9,1,9.800000190734863,1,1,1
866790042424514-90f05293c9a5,3,1,229,4,1,1
6e3ee755b0f766d3,6,1,149.89999389648438,2,1,1
863322042734552-2479f3d87123,6,1,10.800000190734863,2,1,1
03562c602c793d81,10,1,99,1,1,1
0e9f6b499406880b7fe418299ec434e82b6e3493,2,1,88,4,1,1
45d1922b4bd8b71a,1,1,5199,5,1,4
5a9ee16a06a241e0,5,1,28,3,1,1
ca140e0a62d4da4181ee246d25732b0c2921f53b,11,1,759,1,1,2
a2248d0026e93176,9,1,499,1,1,1
A0000099CEFDF7-885a0618b3af,4,1,19,3,1,1
1742f8bfff6af1f0,5,1,1399,3,1,3
7d59b71bfa7832c7,5,1,1199,3,1,3
17f23d1821779ec3,4,1,159,3,1,1
d701dbe9be28aff434397978db3f0f3c9da9a561,8,1,119,2,1,1
865594043976790-88f87282437a,8,1,118,2,1,1
9397924d33715db044d8ecc37d7fd74622cb4cec,4,1,599,3,1,2
473e739a1c482d24,7,1,5999,2,1,4
6be93ab6267abca8168ffeec24dd7a82278f812b,6,1,39,2,1,1
ef127e89506398b97189289b074e8c881a66e34f,2,1,1599,4,1,3
5da7f3341e764a27,3,1,10.800000190734863,4,1,1
17d6a03637c2e740,7,1,199,2,1,1
70c7608595f2f727c65d59541a0099e1ba8aed02,5,1,7699,3,1,4
0ed8f82cea5d1296,8,1,35,2,1,1
20a3aef721a81b07a7bdf02c55845dc39c1276bd,8,1,24.899999618530273,2,1,1
e57f969d715f0a83,9,1,19.899999618530273,1,1,1
869247038864986-e40eee40c7ad,7,1,6799,2,1,4
7dc4c484e5732491,2,1,59.79999923706055,4,1,1
862522047062617-68a03e824f14,4,1,8599,3,1,4
6b3508a653c6b7a72cdeecddb9bee8182e836474,2,1,159,4,1,1
7bd7e6412716983c,5,1,109,3,1,1
f1adfc8cec87b05f,6,1,2799,2,1,3
1bba8552ad6cd633,5,1,89.9000015258789,3,1,1
598b9110ec8809bcb57a02c4d955d9a4b7db1dfd,2,1,167,4,1,1
ca46e59c6ecaa64f,5,1,139,3,1,1
313e21fb780d42d0,3,1,4199,4,1,3
b74c377aaf926bee,11,1,78,1,1,1
1819f2adb70b9115,10,1,69.9000015258789,1,1,1
865195045244250-3c86d17301c7,11,1,119,1,1,1
860859047973480-fc94357c6aab,2,1,149,4,1,1
93fea7c5d4a67129,3,1,169,4,1,1
483d103ac00d782306909ed0045bfa4ba1ee0f93,8,1,69.9000015258789,2,1,1
a9cf9e3a41521927bae60b8ec6d0a54ebcd7b3e7,7,1,129,2,1,1
606cb7343a4f5351,3,1,5999,4,1,4
a81e6890e45a4759,1,1,599,5,1,2
9c53361a255253f3,2,1,459,4,1,1
9ecbe2f5ab07b049,3,1,159,4,1,1
f49f151f9e6f54a8,5,1,89,3,1,1
6a0df820fbbf6401,0,1,369,1,1,1
5c9e4548b142e087,3,1,38.79999923706055,4,1,1
4e43b6e2a7e0ca3ad54463ebc87a3a15eeeb3bcb,6,1,49,2,1,1
5f6d844a53c5987b,9,1,66.69999694824219,1,1,1
e77551c7dd41d260,1,1,45.900001525878906,5,1,1
979bd0d2d291c0f3e73f265710c7e18a5393ed86,1,1,39.900001525878906,5,1,1
864674042340965-88403b7633d2,2,1,3899,4,1,3
52cdf5d583c4ee46eab34c536dd53ae5e525e167,3,1,308,4,1,1
091adfdc47382d9f19d92753792f54cb8d8b1863,4,1,2699,3,1,3
22e11bb60be1fb49257fccd408d0ffcdf7625c64,10,1,5999,1,1,4
b3e6212e4ca518c4,5,1,69,3,1,1
9d884d2d808f3cc2,2,1,428,4,1,1
9e86f621456ec28db8aa999e2bd1fee2f9804fd8,2,1,49,4,1,1
e24efc3e7c2f6a71,2,1,1499,4,1,3
46984628b7b47968,9,1,99,1,1,1
4ca42efd2886fb447576725f6f373f42bdbc3e7e,9,1,299,1,1,1
94861562cb76623e,5,1,266,3,1,1
79d685397cef2870,11,1,108,1,1,1
e6b35172dd314a9c,5,1,36.900001525878906,3,1,1
0b471498dd5790ea3092615c9a6bfe4a249ca212,7,1,359,2,1,1
205ebb001989f452,8,1,33.900001525878906,2,1,1
e352d1a0a84d2d729ef559fbbffd149f77767843,5,1,68.80000305175781,3,1,1
-66d87ef2ae37,5,1,69.9000015258789,3,1,1
f1a6186f60d16d7b,3,1,89,4,1,1
aca6c1918e28e847,5,1,12.800000190734863,3,1,1
52447c79bcd97c01,8,1,14.800000190734863,2,1,1
f871ed10c0a8c2d31789337f0a0639eafa08a344,4,1,69.9000015258789,3,1,1
31b23a9a3fe19e3a,9,1,279.5,1,1,1
90d284b456fe5136ed84128a8e784c82e8b0813e,9,1,269,1,1,1
57e95f09eee21b8818225554aeb9076e7a7f486b,2,1,39,4,1,1
3a51667f56fb5fa3,1,1,15.5,5,1,1
da354aebd24577a5,9,1,67,1,1,1
b405c3e5103f1e55401028840aa47b7759c82b04,7,1,9999,2,1,4
861203042662971-88f56ec454c5,3,1,6799,4,1,4
ba0cb7d0ab677222b2333a5b282d9b3b0a90b1a9,5,1,99,3,1,1
33281902966f0d1e8d469a5ca05fd72977b436c6,2,1,297.70001220703125,4,1,1
1f1cba609323982f,4,1,85,3,1,1
8585329fb3fe370b,5,1,68,3,1,1
e718528651383100,0,1,259,1,1,1
ae0b94fd5f749fe7,4,1,6.900000095367432,3,1,1
029aeb992dbb515fab440ea3f1d72ff4005ba0a1,8,1,109,2,1,1
0230e458fa98635cd7823d0d27b6824f65caba67,0,1,189,1,1,1
3696fcd7e3aaeddd,0,1,89,1,1,1
007af24699015f36c5619c33dbcdb2ff62fe3caf,9,1,69.9000015258789,1,1,1
e317c652b574d76e,3,1,69.9000015258789,4,1,1
868179045823906-342912789cf8,11,1,1269,1,1,3
865787040451110-482ca0ebd65c,3,1,39.900001525878906,4,1,1
27c9132c4450f7e2,2,1,359,4,1,1
d927ae4529fe82b8,5,1,69,3,1,1
7915f13b8c865875,10,1,17000,1,1,5
f0f68b003cb9eb6e,1,1,68.80000305175781,5,1,1
26ac71c8d0be5baf2e8c6418ecb2e41a639a9bf1,4,1,69,3,1,1
1463b13ce4969f68,6,1,39.5,2,1,1
f4ae61d5af98c11e,10,1,2099,1,1,3
4c7365271ce8dea36e35cf1c2a78abdb0fe72cdb,5,1,188,3,1,1
34b3fcdf76d89549,0,1,66,1,1,1
18255dc76d855b49,5,1,1899,3,1,3
ced14e52456551d108274c9158d510d182741400,5,1,299,3,1,1
41b828cd4ab74213,9,1,129,1,1,1
867c53d35a30498e,0,1,160,1,1,1
6f8843ccd54a972ced8b8ab378c8d26b53bc771b,6,1,39.70000076293945,2,1,1
f14c2ef4ff95a87e,7,1,85,2,1,1
42ac83d7f19710795642feb825d9be5cb45afc15,6,1,39,2,1,1
168f650e28a9917badadba09b6037e62f6939273,5,1,2499,3,1,3
bb51bcb1a6135013,0,1,369,1,1,1
76ca209dc2deb1ef55271804d61fc0a2ab8e5f8e,10,1,69.9000015258789,1,1,1
f5ced6695b8792f3389f12b1f30689a3745bfd93,4,1,3999,3,1,3
325331884a4ca54c,9,1,189,1,1,1
52538efb999f0a16c585e4016ff5959a3971da8f,5,1,5999,3,1,4
c7bd8b261526ace2,3,1,46.900001525878906,4,1,1
6d62fe05b42632e6,8,1,145.6999969482422,2,1,1
869699041049551-30a1fa97ace8,9,1,2199,1,1,3
2ddc1992c5bb223f6d739a9cc6fa62c3edf5d5a2,4,1,188,3,1,1
c66451bd805b3e1c,5,1,128.5,3,1,1
3ef6b853dab65e24d38f36a3a1695af029eb97eb,6,1,700,2,1,2
c82c14caff42f7f7ca3756eeadd996f010d714ee,10,1,129,1,1,1
87398c7c8c187bd11bdd0eb5778fc68676a6077e,2,1,199,4,1,1
8c6d9144516e5923,11,1,106,1,1,1
b5bc00b917a1bb56,4,1,2899,3,1,3
6a60487ea7064a02bef8741bcff698d2e65b298f,0,1,67.80000305175781,1,1,1
69ba9e9eb813bae1,5,1,6148,3,1,4
0d075ace81174f01,10,1,45.79999923706055,1,1,1
862111045164805-0adfe537b2fe,3,1,38,4,1,1
9864f150db794f24d5b3a27483e4b68e53e04481,2,1,35,4,1,1
698f545430c089b5d8b3f586f598c261be22c148,3,1,77.80000305175781,4,1,1
7e84640c4894a61b3c942530706e05b9ae43266a,1,1,529,5,1,2
1119cac95c489384498405f08c5fc3d10a6828e8,4,1,59.900001525878906,3,1,1
31831a6a2517e03d,3,1,329,4,1,1
6184048ee18de3a6,0,1,4399,1,1,3
89bba0a62dc517770292659cf865f682bb090208,8,1,99,2,1,1
5bc596bb316d2859092dad3630c057f40c63d7b7,4,1,324,3,1,1
863279048945154-20da22af295e,4,1,68,3,1,1
868453043589250-7c035efbfea4,7,1,10,2,1,1
0ad132015fc3138b6f53d62e7eaa57846a7eeb82,9,1,1349,1,1,3
818d1f80ed79a4ef71dfab3290be45fa63e62f6e,11,1,104,1,1,1
78dcb4ecf10d70d74662460c9530a538f0404009,7,1,29.899999618530273,2,1,1
9a376b10132f08a2,0,1,15.899999618530273,1,1,1
868187043049945-3847bcd911ff,7,1,9999,2,1,4
afcf33c4f8416c79,3,1,5998,4,1,4
094e450350336f73,2,1,19.899999618530273,4,1,1
6a741918c4a7e70b,4,1,25,3,1,1
9ad07021da419e9f0586e83340756987f2986801,8,1,269,2,1,1
b7bfc1069d4984d9b425c764da974d90d23ffe65,5,1,69.9000015258789,3,1,1
864134045478593-fcab90c38df1,4,1,14.899999618530273,3,1,1
e44b169663ffe5560475be1168a911120b12545e,11,1,199,1,1,1
862848041105924-f4bf80a14028,9,1,3299,1,1,3
1a706cf8c1599b134692aecc4753dd5384fef7d4,11,1,389,1,1,1
717b787b87e3efc12753fa3be43da4a93b39b046,7,1,1788,2,1,3
5198f9cfa7259df6358228972d6d4cd5dca1b062,4,1,4499,3,1,3
496b37dbf1593afe8847209c85cd75d59e92a2e0,0,1,29.899999618530273,1,1,1
0cf5442ebb119085,4,1,209,3,1,1
d02967a5b8e1f7eb,10,1,15.199999809265137,1,1,1
5968650cdd52e9dbfc7a1f2613270d2815a21413,0,1,2999,1,1,3
28653c3b6db5d836,10,1,39.900001525878906,1,1,1
46e96f672dbca136,0,1,39.900001525878906,1,1,1
3860ac6704356e36,0,1,16.399999618530273,1,1,1
d436011d2454a546c958bb9e16b9a86eca8b5c9f,5,1,999,3,1,2
860981042275560-94d00d73f644,2,1,43.900001525878906,4,1,1
867327045496162-243154254b55,3,1,219,4,1,1
209b211b6e0c9ce0,6,1,1399,2,1,3
b4bd1e6271b7d39be30219f987df70bfb173b050,4,1,12.899999618530273,3,1,1
c427ef96f44033da,5,1,69.9000015258789,3,1,1
7fd111a888080e4f,11,1,6999,1,1,4
af9c7ab88742596a9b9de5df2834f2f40acc6f68,9,1,54.900001525878906,1,1,1
7493f8c3cb2cb37463ab6e59d909f2cb57afdbcb,11,1,189,1,1,1
640412e28048a9072914b1facf9703069aa5828f,8,1,19.899999618530273,2,1,1
afbd5bc8c124c84367080fb12231f008ca6e7dfc,6,1,6799,2,1,4
477d489c693167f71e2f4e70309aac6e00c92742,10,1,39.900001525878906,1,1,1
aefef3db08f717ba,4,1,206,3,1,1
a805c3d1990f5adab525a2de80c143313c6ba5d8,3,1,288,4,1,1
f66f285566a7e785,6,1,29.899999618530273,2,1,1
860843049816723-54bad66dabc5,4,1,7.550000190734863,3,1,1
cba880a3baaf228b,2,1,89.80000305175781,4,1,1
21d366209881913f,6,1,625,2,1,2
550c0f19c0e91b95,7,1,23.799999237060547,2,1,1
1c1f2fbf0182b33b34ca99faf259771a0149d047,1,1,79.9000015258789,5,1,1
0fead2b61b694686,0,2,2968,1,2,3
34d48882eefcd46f253c92fc06f5e7ab4341227a,0,1,89,1,1,1
7db5472b3df44cef,1,1,16.799999237060547,5,1,1
31ee17872f5fc457,11,1,99.9000015258789,1,1,1
f67cb794dc6ffc08,8,1,51,2,1,1
aacfd6958525139a4eda12358704231c2a94c6a5,3,1,145,4,1,1
b5aedc136e15fff06aafc67682e596d27a5d8b37,4,1,12.899999618530273,3,1,1
bafc7a0307d846adc150a939b31ead1cad112f5f,9,1,129,1,1,1
0f2737a5c0c29e17fa6eedf96de358795fceaaf2,5,1,87.80000305175781,3,1,1
57d1ffb003667c6eff4df57aeb50a65ec571cef7,10,1,8099,1,1,4
864167033155153-6091f3689ca8,9,1,2799,1,1,3
337070e9474baaab,3,1,56.900001525878906,4,1,1
e8976c6ab5679834,2,1,33.79999923706055,4,1,1
836fafc4da5f2fd3566551036776c68097f447fe,7,1,138,2,1,1
9ff07358105bbe7127c95558c7979cd9654217cc,5,1,5999,3,1,4
866091035874900-d8c771fc1b84,2,1,60.900001525878906,4,1,1
4ef85b8ceb11d68b,9,1,9.899999618530273,1,1,1
a3bcaa4978790847f2bb0709f33544199b5033e8,8,1,485,2,1,1
194482fe480754b8e44a331ce658f8a81f8cf05a,6,1,278,2,1,1
9c350e95ff71911e31db70da185917c0f45ee0f1,4,1,4099,3,1,3
4573c8cd9ff20d6aa2bd99bf00156b64b9ac3311,8,1,1399,2,1,3
462ea213188a98ff377b2f3b5906434064d9d8e8,7,1,48.900001525878906,2,1,1
98a8da665cb610e6,5,1,5499,3,1,4
e83bf948d8404a5ceb66763778e28326fe0eade3,5,1,69,3,1,1
54c7a60c7618c369,2,1,260,4,1,1
867788040841159-881196cad4ab,3,1,168,4,1,1
7dd9ed2fcc4cc0a99d35af7382bb41c12d0f7d57,11,1,99,1,1,1
ef20aca86056a1cda7fe5705a36e45434a2dc987,1,1,99,5,1,1
54a3fba87450a92d5167c7aecc8bf297b7d57e4b,6,1,63.900001525878906,2,1,1
2e81fe8ba7f3db6c,6,1,239,2,1,1
bb52c1e5da4f3889,9,1,2599,1,1,3
9b0d197f39b514bf6479a735e1be8bd70b8c6347,4,1,27.899999618530273,3,1,1
4ab4d02e882bdf81a2eb9d92d95aa1964d68d060,11,1,159,1,1,1
368b8fdd43ab8678,4,1,12986,3,1,5
b400838b77a1a81d,7,1,469,2,1,1
c05e98c7bb825db6,3,1,9.899999618530273,4,1,1
2b45cf152fcce380,2,1,120.31999969482422,4,1,1
892a920b6a2d77eadc588beeba1faedc2a168f03,2,1,188,4,1,1
c0f922706a8f7d62,8,1,39,2,1,1
1b25a0eb3a861b921ca316d920af0b3abb4ff9c0,4,1,49,3,1,1
1eac345920abac424fbf604a2d691b7fa6f7b885,5,1,628,3,1,2
d6306ee881bee192,4,1,2499,3,1,3
00e935b5e1cd3e03,1,1,112,5,1,1
352806100402076-1496e59b5859,11,1,799,1,1,2
44427b266cffb614ef6aa8e91afd8d03c6246b32,9,1,238,1,1,1
0c5000d43627b051,2,1,47.79999923706055,4,1,1
9a8589b2b79c564e,5,1,309,3,1,1
411ce9fbca35c1093453cbba664e61003fb2adf0,2,1,188,4,1,1
8055ee8285b67597,10,1,199,1,1,1
e12977ad8cd151e1722b7cdeb3d0d728a85b5bc4,3,1,478,4,1,1
e59b672f050422507710a20022efb96de74d54fb,2,1,256,4,1,1
e6d22b4d96007b66bd2527e74e1326d56dc5d8fa,1,1,428,5,1,1
9d282d4f3b7406df,3,1,2599,4,1,3
75cb33eaebb9f7e9,7,1,169,2,1,1
4610c27dfc38ee5ed3657877e232e4a3f90d11b0,5,1,79.9000015258789,3,1,1
9f33aa2878eaba16,4,1,59.900001525878906,3,1,1
72e8dd99893614ed,5,1,3199,3,1,3
b7b66f363e274d3dc04c6623f843ecb5b3b4a0f5,5,1,498,3,1,1
861075050137017-e0e0fca78567,4,1,3.700000047683716,3,1,1
869497033898790-9ce82b671e49,5,1,228,3,1,1
860682045824277-a89cedbdfd46,8,1,3899,2,1,3
3eaff455db4546de,5,1,979,3,1,2
f8f07b53dd0846729cc1191b6c95ceca1405a7b9,2,1,149,4,1,1
e506cbc3735d861b,2,1,128,4,1,1
12846f4d9d97ba90b3a0226fbf2f69189e76c540,0,1,199,1,1,1
4fa5149aabc212bb,2,1,1399,4,1,3
b93577ee073f2ba8,5,1,39.900001525878906,3,1,1
98a5413307ecfc0b,0,1,24.799999237060547,1,1,1
8eaa4379aa1744cf309324651d013ee5993b635a,9,1,49,1,1,1
d64148596e44d161,7,1,6999,2,1,4
60a0e570319a1c8b978aeaa5825b3d558777c55f,6,1,25.899999618530273,2,1,1
f9a79219ff0c6715b11d687e79be8ba88a72f6b2,7,1,24.799999237060547,2,1,1
d4864e24a6d54c35,8,1,380,2,1,1
b70ad273ace76155,4,1,59,3,1,1
d167def31bc704bb,6,1,79.9000015258789,2,1,1
bb600d1586810ef9,6,1,188,2,1,1
90c8fe42549c038dd866fed9a156b6b8558fa22d,3,1,59,4,1,1
fa64e942ccc2c76ff21290c5b7e429edb4b956fa,0,1,89,1,1,1
fbd821a4c9ed4755,3,1,22,4,1,1
84987b58038f86d6,9,1,69,1,1,1
a28322cd702d32da,10,1,59,1,1,1
d4d72b5cd1c9682cf03eabb21905458b7bef2734,1,1,9999,5,1,4
5a8f00596185b4fa,5,1,59,3,1,1
cc85aee8d7c37ac53e320f5c812d90081ce7916f,3,1,219,4,1,1
352097092338128-a0c9a0ec5ec9,11,1,899,1,1,2
2a9b1e7ec97a34e2364d99bbb32beb1a8f20ffd7,0,1,298,1,1,1
28a9c6e2bc84495a0214628f16cda1b0910c0520,3,1,29.799999237060547,4,1,1
8e4bf0e0693d819b,6,1,65.80000305175781,2,1,1
867177037832753-940e6b66dfc0,10,1,43.900001525878906,1,1,1
d1f57cae870d882eff44bf11f9579fb0f2f66340,11,1,299,1,1,1
b33123fe10a1313da04f24c168311ea9ded8a288,4,1,11.899999618530273,3,1,1
ab7e1bc96b14fde13d1a67321b595113a9871d28,2,1,34,4,1,1
7956cac80f9e9e47,5,1,22.899999618530273,3,1,1
a5360390d56288e34decdb833cb32b7463776da2,3,1,1199,4,1,3
36bb195f47b20cb9,9,1,79,1,1,1
d8c95694d4814c478fe5fcda247a4ced40e9a889,7,1,128,2,1,1
dd8a68650d9be439,9,1,269,1,1,1
3a596612abd4570544f638de9eeb3dfb544b2583,8,1,4099,2,1,3
bc1044711376833d,4,1,378,3,1,1
864358047637258-88f872b43d00,3,1,16,4,1,1
8a1fae06b73f17a0,4,1,149,3,1,1
868007041970134-3c86d181ffa3,4,1,149,3,1,1
3abc73f73ea1a1a2,3,1,69.9000015258789,4,1,1
869156041855479-fcbe7b8a9295,4,1,3299,3,1,3
42b2e85bdb9fc48c,4,1,59,3,1,1
15643fbc49e7a584,9,1,298,1,1,1
8745fd1a90e72bb5,7,1,1049,2,1,3
866836040570889-28167fa44010,1,1,36,5,1,1
85726353eb08aef6c13d267421c1e055fb983eb2,7,1,5999,2,1,4
863239048348015-90c54a08ad3f,5,1,189,3,1,1
15fc81e18375da45,2,1,14.800000190734863,4,1,1
391625637751acfb,5,1,235,3,1,1
3e8d6508c0eddbd3,7,1,599,2,1,2
583aaa79a73a9aa8,0,1,8999,1,1,4
07800cfb8bcad5bf,7,1,99,2,1,1
8484ae7b935202be,5,1,2299,3,1,3
49c93d8d55815e9b077697e2bc24462e22de58ac,6,1,55,2,1,1
41c7c4d9cf457e13e23910a7ef58cf031b399dd9,0,1,99.9000015258789,1,1,1
e6b48f98624b45eb26cb0b68e4941fcfb96ed23b,7,1,2299,2,1,3
aa1c8fe59ad8060c3824fd46eb398dfca134129c,9,1,349,1,1,1
869041048067999-d8ce3a9284a0,9,1,72,1,1,1
cc752d1b4aa0c234,1,1,539,5,1,2
df9420e101a55fb99d25e5d7d91534bc04b391a4,2,1,1799,4,1,3
656d2aa0e3492e2c,3,1,203,4,1,1
426a4661740d49f1,11,1,239,1,1,1
4d52b0fad3d7e91e1714d003615e283da3f4371f,2,1,3799,4,1,3
0b2ca4261f5e07ecf5380e260c40645f27d9fd47,1,1,25.899999618530273,5,1,1
b0c9cd68268070050818e90c8309dd3e9eb422ea,4,1,109.9000015258789,3,1,1
8a001a056cd09efe1410a723f4ffbfe5b494ff96,0,1,39.900001525878906,1,1,1
29827f4e793b874a,11,1,698,1,1,2
cff33f9da35b441130986784df35c4bc5cfa5879,0,1,39.900001525878906,1,1,1
869287031354841-a057e3052645,5,1,798,3,1,2
4bda96e090338f6a,7,1,16.799999237060547,2,1,1
865097042900035-fc94355edb22,6,1,9.800000190734863,2,1,1
a3ec1e34062a91c9,9,1,319,1,1,1
ae5a7bc68e7fe97f,2,1,4097,4,1,3
06885475d7695873,7,1,5999,2,1,4
321a3257a90f1769,1,1,259,5,1,1
460dcf8ffff3ab0e,3,1,210,4,1,1
46facacf3e950868,0,1,149,1,1,1
c902c2c32a944fe7,11,1,94,1,1,1
7063bc17faa36061,10,1,8,1,1,1
f5e107d82d0d8dac,7,1,79,2,1,1
730e5c9831370ab1,5,1,46.79999923706055,3,1,1
861407048434240-10e9535f5867,7,1,49.900001525878906,2,1,1
fd8e39c880845c36,10,1,22.899999618530273,1,1,1
749c70772c725db5,0,1,35,1,1,1
4a8dcd4e3493a9b140b92c2b9b75101dae7d6281,0,1,3399,1,1,3
91a3425d990db4d1,5,1,229,3,1,1
d959da3fd6461ced,7,1,540,2,1,2
ddb0da03da8bb67b,1,1,25.799999237060547,5,1,1
ce8cb6b5ef91e5107a056ca78dd05c3e9675340b,5,1,6099,3,1,4
be7b5b362da90d72c876c124f9eafbc0f85989b8,1,1,290,5,1,1
5026f6afd209b04413bf21bb6d76950ebce9b620,0,1,2899,1,1,3
49d6c64f5da876bc,10,1,99,1,1,1
0c2886797a9a0b98,0,1,99,1,1,1
c6d1b886167db38d,8,1,54,2,1,1
5611d8b6ee683d2c,1,1,68,5,1,1
36f4c3ec8a3bfaa2,3,1,98,4,1,1
c6414e60ba7e249c,3,1,4800,4,1,3
597af1274af6dc0f,5,1,549,3,1,2
48cae85be4bf88a86b91027a598c8dd050fefa69,6,1,6799,2,1,4
2035e4a16f5fd3168b40c287a9b59b433fa6e0b9,5,1,299,3,1,1
6871339ef9eaa02f,7,1,5999,2,1,4
4f6b3b0c205d4369,0,1,292,1,1,1
c7f6198c4a362a4e2f8198f57b7be26308b399c4,5,1,8999,3,1,4
5631b446361a8226,7,1,458,2,1,1
418fdc4a31c896c72c422f772ce938bc73ff3f9e,10,1,49.900001525878906,1,1,1
f7dcd97533c40516412f2c6a8d4c686342b99b8e,4,1,168,3,1,1
863525040913677-b0eb5734f0aa,11,1,9799,1,1,4
ce3e5e9a3a711d6ed72c21a71dd30afa4fc8d45b,0,1,288,1,1,1
9627b30579422308,7,1,21.899999618530273,2,1,1
eb0db67e9c3a1e74b2f031f0a265d1dbeb975230,11,1,59,1,1,1
28649e58500f669a,4,1,138,3,1,1
d6c8517e384b2ec3,10,1,129,1,1,1
6ca0b31423607a9e,5,1,19.899999618530273,3,1,1
0672f8c87d4ae2d25c956ead1552562df4b3a051,6,1,278,2,1,1
a48b80eb9ff57b72,5,1,799,3,1,2
5eef84cb646b3087ee4979dcb8418c00c1fdd798,11,1,49,1,1,1
7260f6a739f4ad442c614ad890f9b49bd1256367,4,1,6148,3,1,4
93a44ec898c09e91,2,1,339,4,1,1
efacdcbcc216ca70067739a5c679b1e367a6fa61,4,1,158,3,1,1
bec9b25614c0f519,2,1,69,4,1,1
379d94203c84bcc1,6,1,5999,2,1,4
f108f090435166b772bec3d174f6bcaea1a8780f,7,1,72,2,1,1
606722a5061db0e6,2,1,598,4,1,2
e00919eb4c632ab3,3,1,29,4,1,1
e5ecbcfda28d4056,4,1,2599,3,1,3
dc39cb65a152b336a422460cbdb22cbbdcad5af5,1,1,44.900001525878906,5,1,1
27e6b122226c660b,3,1,198,4,1,1
9ffacca3fb9f2c6e9516bd756c8224aa02ed4347,5,1,5999,3,1,4
85f59ba3c3764dec9bbc68282b19d1fe4433d5f0,8,1,10.5,2,1,1
24d4d7201766cbf8,1,1,9.899999618530273,5,1,1
95ad79351a0000d8,1,1,29.899999618530273,5,1,1
68a10603b7a9682cec125e42cf70c41fac7bd3a3,6,1,189,2,1,1
435e12d386afd19a1c8d0039369deb21a88c45a3,7,1,169,2,1,1
b71b6e787bfacb78a4aa51142188a7363e0378c3,1,1,99,5,1,1
d274a0ce7d66c487d5330017fa29a68e0f627724,8,1,109,2,1,1
36d4928668b5108a8093c07fdd60e32a1ef9b601,1,1,89,5,1,1
866011046284428-c0f4e6c004d8,5,1,899,3,1,2
4c82f7b827f57c44dac62eab4d504162e0485727,4,1,79,3,1,1
df7623251a0c558d,6,1,8799,2,1,4
a1b842804bb58336,8,1,148,2,1,1
9565bb1202e373f3,11,1,179,1,1,1
cb9f614870c1a9ae2cda6d3e930a78c78501d690,2,1,5999,4,1,4
709d5bd741052262,7,1,1299,2,1,3
11168c204da57bd387ff140ad3f71ff14dbec529,1,1,119,5,1,1
a0a3591ae6cc6ac4562a37fa9b21676440db8bb6,3,1,89.5999984741211,4,1,1
5debd130178be7ea,8,1,45,2,1,1
eafd42ed555feeaa,8,1,79,2,1,1
b2dab8e1edab04bb2183e08fd090f0f56817b109,4,1,325,3,1,1
69f67ef599152274e767e8c4ab7acd2decb726bd,3,1,369,4,1,1
f7e21ef72a799971,9,1,59.900001525878906,1,1,1
f299a4ebfd6e5c75,2,1,319,4,1,1
1f5bcd1b21f139b09182d9e02fcfd07f908b3d33,4,1,99,3,1,1
865326040390240-20f478ec799f,4,1,16,3,1,1
f50b51d2c752fd90,9,1,600,1,1,2
3da942dfc8e42050,7,1,85,2,1,1
865883040955752-2034fb10c83d,11,1,35.880001068115234,1,1,1
c862c3fc6f48feb5c3df8a8a5600b8a01e053214,10,1,59,1,1,1
864452040320457-143cc3611ee6,7,1,55,2,1,1
1f928da72df87ee5,4,1,219,3,1,1
cc22d70c17f28d8c,2,1,5540,4,1,4
084f8fa3fdf2bde5abf1bde313d81e679aa3ac2f,5,1,7999,3,1,4
536bf9f2ee14596dfe9f0875b8c9b11bd852710c,4,1,89.9000015258789,3,1,1
868455030514035-90f05267263e,6,1,29.899999618530273,2,1,1
81f5c8907f9901b5dcda1a0425defb770d311fb0,1,1,359,5,1,1
ffd65d75c428d249b422b947ec98c0ab0106c8af,9,1,49,1,1,1
354d0009a284ec5a,4,1,6999,3,1,4
004fc9058d4da7c5bfa4a258ff91f0eab35701bd,0,1,499,1,1,1
8b9b73cb4e2a2ad1,4,1,89,3,1,1
50fc1317375936e9a5b53c2987edba658f007c68,9,1,65.80000305175781,1,1,1
30c5d41ae5d692b4,6,1,28,2,1,1
34280781683d5515c910cb567e48a8360f1da52a,0,1,7799,1,1,4
12e5251f56b3e6de16c5520ed8507002244b34aa,3,1,118,4,1,1
869436037052681-88108fcf6c1d,9,1,13.899999618530273,1,1,1
322cd1f8386b2bb176688998dd798ce12b446ec9,5,1,429,3,1,1
bc1b1c051d8a8375,5,1,3399,3,1,3
861401048580417-88f7bfbb3207,5,1,4999,3,1,3
750227cbb5699e509f820f01e456d25450a60c80,5,1,59,3,1,1
a0d24d52605b994b,0,1,9.800000190734863,1,1,1
22d710c4a4791b8fcef07b4f5bd81fcec5f4086d,11,1,198,1,1,1
8cb9e353d66d6660d4e8ce4ff8473ee088e031d2,3,1,129,4,1,1
97bd0e7fbcedd25a,4,1,6499,3,1,4
5c67badf5e0890d0,4,1,35,3,1,1
b701472c19188915a48c3bb506f4c2f417fed96c,11,1,74,1,1,1
1da046ded0010cb8,7,1,5999,2,1,4
b8856081a1f70fd2,1,1,129,5,1,1
fd02401749244dcc,3,1,28.799999237060547,4,1,1
7ddcd7d4a58d68d6d30a5c1f8e111f4e2bcfc52d,0,1,68,1,1,1
19dcee9eb40d95bf51d3e72e56eee906f3689086,7,1,39,2,1,1
5a551d7a10682b4fc2973c75f7f69335b0b27e7e,4,1,1099,3,1,3
3503b964c64fc7d721217cf204589b03884fbc82,2,1,76,4,1,1
5b1e2b9f00485dd1,9,1,36.900001525878906,1,1,1
eaf3532295adf0044988fea8e370b0bd9dd2582d,0,1,969,1,1,2
c3a2a6f8269f486d75cbc550552d6740108b81a0,0,1,39,1,1,1
860933041757353-b4cd27f993ad,5,1,119.9000015258789,3,1,1
ceafbc2cc66ee6d416dc8b6bb5c87baff7557ab7,3,1,450,4,1,1
862320042796275-e419c10c03aa,6,1,760,2,1,2
e219c15dbe8792b7d974cb4484b5a002ecdad1ad,5,1,199,3,1,1
0d265be7721f1326,5,1,7299,3,1,4
8c2fc5df5ec61e40,10,1,62,1,1,1
c1b50d0c66721210,6,1,6999,2,1,4
867834046983874-ac923279585b,4,1,9680,3,1,4
869096036460143-34d712a1d070,9,1,78,1,1,1
c36946636eaa0d1662d7cbdb0448b68e65146701,11,1,6690,1,1,4
cbb8b5f81d5a9686,5,1,7599,3,1,4
c0c609ae3829137d,5,1,143.89999389648438,3,1,1
869169034352024-3412f93c030b,6,1,189,2,1,1
cb4ef30f5c9f50ea,1,1,19.799999237060547,5,1,1
efe039262374e0c5,9,1,19.899999618530273,1,1,1
1e616b393ada68f994984d1e4a18a1f2fd896d62,6,1,249,2,1,1
674ec5994b21f401,4,1,43.900001525878906,3,1,1
6c9e04cfc6b95d46ec35e28fb06f4be31a5fce63,7,1,83.37999725341797,2,1,1
b0bb8159b3e6a9a0,9,1,199,1,1,1
cc6f55cb7d0a928894a69cd98325a6779980f24d,11,1,32.900001525878906,1,1,1
aee930111643ce9f5269f1ed35773eebdf7e2229,0,1,19,1,1,1
719b78f2366db27aaffae21cb63141732eed70c3,9,1,195,1,1,1
f610429e25123d1caa75a17d5b100746134434fe,4,1,39.900001525878906,3,1,1
5a3d6952513c191e6765ce78ebb81eee58b26c1f,9,1,38.900001525878906,1,1,1
b50849ccfcc6554f,3,1,179,4,1,1
4489c92dee65a7a4,0,1,4999,1,1,3
7f155cb128a6d81415a1c33e20f75f2a81c27b24,5,1,15.899999618530273,3,1,1
3b84ae82f039f55b,3,1,22.799999237060547,4,1,1
4bc98b8541106ece732bd49ed2051e1d29613627,1,1,109,5,1,1
53f84fea894498f6,0,1,79,1,1,1
019276f19fe091cc9eb85b2c5429e794e5cdd402,9,1,108,1,1,1
c03ef3a89593b28de19b5412c6e5457aaad535e9,9,1,141.89999389648438,1,1,1
8b99168444dd73f60cc5a595c8f0a6bfbbd0a2de,4,1,5999,3,1,4
868360042660349-1cb796224583,3,1,5999,4,1,4
e3bdeb4a56e9249409a7d57d40852f9ee5d8ad22,3,1,59,4,1,1
f16cd6fa0efa4d25,4,1,6799,3,1,4
12c65742239760f2,5,1,2199,3,1,3
743db4e0d158e9ea,1,1,69.9000015258789,5,1,1
060bf6a9177de7f4,11,1,18.899999618530273,1,1,1
19ea438e02ed071c6cc2a0d5fa1f1941ded67e80,0,1,146,1,1,1
92c5affef5dc21f4,7,1,4690,2,1,3
a7fd0d06bde33007,1,1,99,5,1,1
26787966f93948b1b085071a73063a74582f185b,7,1,199,2,1,1
75fced10237e7b64,4,1,12999,3,1,5
93c7dbe55d24b1f7,9,1,169,1,1,1
b097662d29eae3134f8fba24734a2f27ba012837,3,1,1699,4,1,3
a483e50a8d91deeba646445e2583634caa5f7751,0,1,198,1,1,1
a4717e288b91697249c55aac21e6f1c8450df2fc,11,1,129,1,1,1
36aff51f11a72123,8,1,79,2,1,1
358ef06962bb64a7,4,1,129,3,1,1
5424adc39c1e88ef,6,1,29.799999237060547,2,1,1
af8e6b38a6bb74a46e2817dd4dfab3b935bef9cf,4,2,13998,3,2,5
050cafd25e24c283,2,1,105,4,1,1
75c258ebd260598d,10,1,89.9000015258789,1,1,1
edb37200ef1709d2,6,1,79,2,1,1
417cc6ab5557e7e6,4,1,3299,3,1,3
283107626478854e68e1e8d5e09c28b17cf4a243,3,1,8.800000190734863,4,1,1
616e9b432d30f87e,1,1,14.899999618530273,5,1,1
66d11d39bcc41894,8,1,1099,2,1,3
e15f2fcd15c69e09,4,1,1099,3,1,3
8e8724f2e36e917c,0,1,4399,1,1,3
cb6efdd12bb0acd4,4,1,5399,3,1,4
2c42588871c4576824693ac72232666e65e556ce,6,1,65,2,1,1
67b8ad5abd9eeb0e578907512f4cce4fbfef2d28,3,1,448,4,1,1
9285dfc65a939251,4,1,798,3,1,2
70776f9ca84ed274,6,1,90,2,1,1
8b7f8e8c4f4e1c9de4a8ff01c153f340ae0160c4,1,1,399,5,1,1
06cc4f214fd93ebb,11,1,750,1,1,2
869096036670550-34d712a222a1,1,1,20,5,1,1
6e48355f3fd4a16a,3,1,248,4,1,1
caf3bab1263d89f9,6,1,18.969999313354492,2,1,1
869225042047376-0c20d31bdd87,9,1,75,1,1,1
a14efc5e14a02ea5,2,1,399,4,1,1
994e49b8020ac07b,4,1,8.899999618530273,3,1,1
352795b659908763aa3ef0d9de41e0c16f1126a7,0,1,52,1,1,1
e64bc7008fe73db7,4,1,35,3,1,1
657907800430f400,6,1,198,2,1,1
a68991ff1322b0af,0,1,34.900001525878906,1,1,1
9565ceefd5d5a88c,4,1,133.8000030517578,3,1,1
544aeb12c769f7037e46deac6bd88ff055a2cd77,1,2,248,5,2,1
7855c41e2e28485837a30773c4af6df51f6fbffa,2,1,298,4,1,1
d0d7b3b48ca5209f,3,1,4399,4,1,3
6b596afe084f84d4,0,1,499,1,1,1
868048049226111-2c5d3424c3ad,1,1,108,5,1,1
864288046090326-bce2658d1033,4,1,79,3,1,1
67e729dc5d299645,8,1,168,2,1,1
84a7a94ce433f6ee,4,1,1,3,1,1
868794036852837-04797003831c,0,1,39,1,1,1
b1e13b8df9069587,1,1,499,5,1,1
ec4b1da2b55fc25d,7,1,17,2,1,1
867478041037250-488764cb68cb,4,1,179,3,1,1
fa5d9f51d04847ae,4,1,69.9000015258789,3,1,1
3525e32a837d3ba7,4,1,5999,3,1,4
6c638b8afdebdf950930af83b5c23d0b61b2ae8f,0,1,139,1,1,1
865326044379645-20f478f28b57,4,1,48.900001525878906,3,1,1
19f6028169ff2076,5,1,25,3,1,1
fc94a614c04d87f14e66ebc97bed591e2c38d9bb,4,1,79,3,1,1
4a83110cc77d084f,3,1,68,4,1,1
867284044061739-54bad6f20911,5,1,459,3,1,1
d9a89c04be76f655d9a706753734cb23a4c9fcd1,0,1,4699,1,1,3
eef02c7361dc0b3d,4,1,699,3,1,2
ccdeba32de69a126557915bf44699ce622efc247,9,1,14,1,1,1
862549056816021-18d98fef84e5,0,1,36.189998626708984,1,1,1
f08c5b7d6394d80b,8,1,279,2,1,1
8b4eacb8526bfc4a908279e7bb864df1a257b42d,6,1,68,2,1,1
95843f7e8b1d30df,5,1,8999,3,1,4
192304faa57f8fd1,4,1,3299,3,1,3
8c09770c22aace7f,4,1,399,3,1,1
dd3e41879225d7d06a63ebdff5824857ce6433f6,11,1,99,1,1,1
15dec82f14fc71bab234e4a40dac64efa05ade12,11,1,9.899999618530273,1,1,1
59a190c0ba79f199,9,1,25,1,1,1
65d331bf39928eef,0,1,183,1,1,1
e1e7ef2ceb1e109a,9,1,16.899999618530273,1,1,1
db872db67ce64e83,5,1,899,3,1,2
862120047365179-3847bc11bf00,3,1,2999,4,1,3
dc9f9dffe316cb81,2,1,112,4,1,1
d15bd9a28527fd64,9,1,259,1,1,1
6a89748570e15e39,4,1,1960,3,1,3
829e5fe4c6ae7e46,1,1,20,5,1,1
6fd775212580959328a5065703a5758672e5f34a,4,1,10000,3,1,4
9597a495893d412e,5,1,699,3,1,2
213693475503ade4dbfd1c5673eed113e017a2f2,5,1,5999,3,1,4
866320033179404-786256b6b47f,4,1,69,3,1,1
5606d6f689395fd2b65f5a3b4ff7a156963b662f,4,1,89,3,1,1
eab5592f98c874ed,7,1,169,2,1,1
0f23fe3dad48653f,5,1,6,3,1,1
ac7872d045df1fa0,11,1,699,1,1,2
863519043517452-0c20d32b6a1f,9,1,328,1,1,1
4788878d3c05a4308f73904a6d8fa44d0ef371a4,1,1,228,5,1,1
611e1c659a1d8ffa,5,1,2799,3,1,3
f6eb5f23188457f1,7,1,19,2,1,1
860950046078098-e4fda11735ad,2,1,79,4,1,1
b1e7869df504c47c,5,1,109,3,1,1
a3f545a08a838eedcb286e45f34ba3193e858a21,5,1,348,3,1,1
d3be54336a8ff2a19ba080f40a1e9d3e3e26ea4a,7,1,199,2,1,1
8af208c00553edb7,3,1,39.900001525878906,4,1,1
d27d061739c17634,2,1,498,4,1,1
e70589f50b45565b,8,1,25,2,1,1
48f823a78f5576b4,8,1,37,2,1,1
a04dac4a502db8e70d0d684eb35867fdcf9d1a98,11,1,39,1,1,1
6d24550370e966c2,1,1,1798,5,1,3
0ee4df4ada05c233,11,1,59,1,1,1
868129030611519-2047da6463db,2,1,109,4,1,1
cb5e5317cc86a526,7,1,10,2,1,1
b261db55bada65f62e07a35b3ed655ebb5de7d77,10,1,3290,1,1,3
905b572fff0333df,0,1,1699,1,1,3
d214d2be7d20ef4d,0,1,61.599998474121094,1,1,1
086b99ec85a91ce3,10,1,72.80000305175781,1,1,1
4da6c56748a6c9c1,3,1,139,4,1,1
c76128fc7c9d3360,2,1,70,4,1,1
A000009AADB7C3-489507af8f87,10,1,189,1,1,1
ae3082d6fec00911,5,1,2999,3,1,3
6241934e86c44f72,7,1,99,2,1,1
e8371070d0c26d003d19f4ac3e61b7035bb83201,8,1,228,2,1,1
af4d595c2314211a4b332dffd436b35bbdfc494b,11,1,1399,1,1,3
14eb43786747aa244041aa204229a2121ba3c4e7,7,1,5999,2,1,4
edf24b6e515c05e9ae9dfa5ab513896872b70135,7,1,55,2,1,1
1ffc05382c31bc874f173b011f7326575ec16ee2,11,1,289,1,1,1
96f9edcbd40e17c281b260be4cc461a19435f1ea,9,1,36,1,1,1
d250b6dbd367aa15,3,1,199,4,1,1
2e05dc7b8d222eca,0,1,9966,1,1,4
6c722af762f34a05,4,1,79,3,1,1
e2470841b90338a3a0194d1a69f9aa37154be6c0,0,1,218,1,1,1
90837b33da11a456,2,1,55,4,1,1
a7ec70c37f49ad0acf8a63acaa3d05bfdb66713c,1,1,3000,5,1,3
c8102a3c899e258c,10,1,99,1,1,1
5b93c2583fbb1ea3,6,1,2499,2,1,3
8596a95eda2bf42f431e7c423f7a52f276b886a2,8,1,49.900001525878906,2,1,1
863673048436471-20f77c91d7c1,11,1,25.799999237060547,1,1,1
865277047925365-d462eaad6762,1,1,779,5,1,2
862067056173558-a022de29e28d,2,1,215,4,1,1
3eaeb1b70ffb507df4f8f9972ffdc1910064c44f,8,1,17.200000762939453,2,1,1
2b4afaca5c86469c,4,1,299,3,1,1
5e2d3d8ca984e7fb,1,1,38.79999923706055,5,1,1
834c11a48c90cf4e,5,1,2699,3,1,3
52825af020bb51650adfef7b39a4cee692807de7,8,1,22.899999618530273,2,1,1
9eafb558a5d86cb48e9d433fba6b49a5c77dd648,7,1,11.800000190734863,2,1,1
e5d19312f08652b0ad93f489b63510bbb29eca26,11,1,89,1,1,1
4d8e8821d4501af9,5,1,199,3,1,1
474ef9f34ff00e81d1ebc882eeb5cbf6284ba3c1,6,1,39.900001525878906,2,1,1
503ae5a53d13bfd8,5,1,14.899999618530273,3,1,1
286f0bdef19eef4133a198d69b5c2ed1c981fe68,5,1,263,3,1,1
c4714df2e66dc6bea1dfa64a8b9d96e4b48a70b5,10,1,179,1,1,1
b5f82cec050fcc7e03febdc37bc7bbc46f95150b,0,1,109,1,1,1
96deb97bedbee8df,4,1,6819,3,1,4
71b73d7518cb0ccc7432a4676aadd42786201bc4,10,1,22,1,1,1
a32fbf124b32317c,2,1,89,4,1,1
90a9a1c756ef2c35,0,1,14.899999618530273,1,1,1
867243040782375-847637d29622,7,1,129,2,1,1
2362fa6fef10aba2,11,1,2699,1,1,3
88b3228570948175,8,1,66,2,1,1
2054d8fe3d0994f4,8,1,84.04000091552734,2,1,1
5ecdffd480139855df01d55c511f035fe7656164,2,1,2599,4,1,3
3c532fde5fa4b041,5,1,2799,3,1,3
f31abc63f4e67ac678133847a5f2b9d92b8c5e27,3,1,69,4,1,1
f46d131626b8e6f4db4625c715436c59d5b911d2,4,1,12.430000305175781,3,1,1
d8b7b3ec52d89f48,8,1,29,2,1,1
82e2a08e7ef9ac205d8d7be929685628342fb812,2,1,18.899999618530273,4,1,1
67bc3927bc96990d,11,1,49.900001525878906,1,1,1
9cd01e1b98692b08,3,1,139,4,1,1
6065e9e501f4b181,9,1,52,1,1,1
0c7e2e0e8776c2a0d9f5d9c41cbc6017d36b24e2,4,1,6199,3,1,4
103fa9d411593c9b,0,1,325,1,1,1
1ce5bedc9e2b982e0a7fb12112b89ae6f004d9e0,11,1,149,1,1,1
150d6c60c31c191213a7a4428ae868f93b8869be,0,1,5999,1,1,4
05c658ed45ee1b2a27bec7b8398b909eed1ffee5,3,1,5999,4,1,4
e1d60cef6bb8fe50055ac90af22c27ed87ec946e,9,1,135,1,1,1
865959044606458-e40eeeaa9bf5,5,1,23.899999618530273,3,1,1
4975e10636e1ecdefe6d50acd1221f35b033da8f,3,1,1298,4,1,3
ecbeabd82db1ca9999390a2e693f763871d78146,7,1,2599,2,1,3
cdfc83d843aab8bb,9,1,189,1,1,1
868445041864156-d467d3458b11,3,1,199,4,1,1
09ba35bd3ab867d0,0,1,119,1,1,1
5970c5f56fb7171c4c534190f6cea81dfe581d24,5,1,6999,3,1,4
1d6c5e197ed3b41eeb9451f7283028accf0451cd,11,1,16.799999237060547,1,1,1
3b47d1446f5f513c,4,1,129,3,1,1
61cf816cc1aaf756,2,1,49,4,1,1
067ee6299eb66628,2,1,3399,4,1,3
5bd971a238d8c033,0,1,298,1,1,1
1083f02f4872706903ad8d52713edf03437f47f5,8,1,298,2,1,1
884494237c3b1e7f8bf4211d0572ac55896c7788,10,1,15,1,1,1
9d49878cc6b9f497,11,1,14.800000190734863,1,1,1
860087046130833-88bfe4d1280e,6,1,3999,2,1,3
860924046492690-4455c4282496,10,1,69,1,1,1
280ce2ae9e3113870b0b8388e787be8e3414188e,7,1,119,2,1,1
b515750e1f2cd186,4,1,63,3,1,1
a4547a6c363148ce743f38a3ad880fc88db8e165,4,1,5999,3,1,4
06be8b3b2e4b9e41,6,1,238,2,1,1
9724f6178d506cdfd5a6d7de14248bfd1f19ce29,5,1,31.200000762939453,3,1,1
d49df999e1b82fed,4,1,79.9000015258789,3,1,1
0842cd0ee2d6b686,8,1,9799,2,1,4
1d90620175385e61648cf2e13a83740e8b10f975,3,1,69,4,1,1
8ff36a2868aba55f24a618db6750ed32102f08ec,9,1,5999,1,1,4
38d6ba355cdabd400d273ed563bd078f12809c42,3,1,1732,4,1,3
a2574385550f12c02583a969eb936152e615c5a4,2,1,76,4,1,1
593068c1a9d6cff3,7,1,5999,2,1,4
86bea2a3c83bdb28,11,1,59.900001525878906,1,1,1
dc892c47ca5a13a8,4,1,15.899999618530273,3,1,1
58ab8643e86b3ea6,4,1,2799,3,1,3
869451030096346-dcf090b1fae7,5,1,1899,3,1,3
ee7eed8329f0adf4,4,1,199,3,1,1
422db8d8e05c5f57,5,1,6299,3,1,4
00f81bb31a0e7771d257c8665ec0a891b37a2b16,9,1,478,1,1,1
ce975ab979d26ac2,2,1,399,4,1,1
a2bc13d76d408aaf,5,1,99,3,1,1
260d411b8d97afb0,4,1,69.9000015258789,3,1,1
864134039958188-d8c771185784,2,1,149,4,1,1
8af58c03f855674b,8,1,13.800000190734863,2,1,1
de628815bec8d28c7bee7ef45b85e048a0c25fa3,10,1,16998,1,1,5
0d350131827af97fd0d8bb28abf7288594f5778c,10,1,329,1,1,1
28ee3f819cd87ace,4,1,2099,3,1,3
5d12d7a4fef82b4d,3,1,2280,4,1,3
b4dba5b0fa40912f,7,1,24.799999237060547,2,1,1
29b3bab6447cdc16,2,1,35.56999969482422,4,1,1
4acf153b09e89bd9410344de3d477ccd222406a8,3,1,199,4,1,1
9658e200083679f0,10,1,24.899999618530273,1,1,1
20795338d083b3662c7186727fc7efd47d08d793,3,1,179,4,1,1
860198049349039-2431544fc1c5,4,1,29.799999237060547,3,1,1
1542246272e33fa3,2,1,16.899999618530273,4,1,1
6fb6d2971c87602d,10,1,1699,1,1,3
c254b3568f721636,3,1,169,4,1,1
6662a9eba6a4b765,9,1,12.600000381469727,1,1,1
868072042999375-d81edd8afe49,7,1,198,2,1,1
71e8d8876bdbef56,7,1,123,2,1,1
d9042ade514c3ec0557b459a80899723c3624af7,4,1,39.20000076293945,3,1,1
de8d3fb83215b4b8489cabfbf92fb9ed323ebe3d,8,1,27.799999237060547,2,1,1
da315723e561d6fd90fa793010266c6ce6625375,0,1,228,1,1,1
971e714714fc50dd,4,1,1038,3,1,3
f23547d6597221f2ffa2c29960c5c5d2951bd4b1,1,1,649,5,1,2
b63520630d433dab,10,1,99,1,1,1
dca11983f7e053b2de916891e75fc039eb48251f,10,1,13.800000190734863,1,1,1
3b9f87f060b3d168,5,1,6599,3,1,4
fa5c385182f35043,9,1,179,1,1,1
bf60692f37dd71c0,11,1,49.900001525878906,1,1,1
864795045673415-98f62163a8ff,8,1,7999,2,1,4
7b86eb5c59f7c8ba4923641898d3648afa51702b,7,1,152.8000030517578,2,1,1
4286321c9d92d109,6,1,1580,2,1,3
0b8cee7cf178e4076e3173fff7ab7ba666f93ed7,5,1,129.8000030517578,3,1,1
9ea68d8ccde02057,5,1,49.900001525878906,3,1,1
490e789a1f2c2f72c92345b7d81959e9cf8af241,3,1,64,4,1,1
865553044499244-7459096ea079,1,1,178,5,1,1
4ab2bc4359f3e8339dfa31b756edf314bcd2ec12,4,1,15,3,1,1
863581046516634-9809cf845ebe,2,1,25.899999618530273,4,1,1
887b06a4b2001150,11,1,23.299999237060547,1,1,1
0d065d5a46bb3006b9877a6348c8a7ac0a97375f,2,1,29.899999618530273,4,1,1
8735da8c37d3298a,0,1,7799,1,1,4
3fc6e47139a33a66,9,1,4499,1,1,3
d4d7b362f47e6208,2,1,1299,4,1,3
38dda27675c962736eb4f28329c04a1f62eff5b2,4,1,339,3,1,1
4bd339d3f35588cf,7,1,24,2,1,1
f7a6ef29c872580a,5,1,59,3,1,1
3cd9febb128a07dd,11,1,269,1,1,1
7c396b78a8e4c85d58aa6339e07b51801e0acf0d,4,1,6099,3,1,4
845063d329b5f257b065dfa9d91f64777f1a3c72,4,1,5999,3,1,4
9c365d8c21686179b388c317d4b285316e18d209,4,1,25,3,1,1
c78bcbd84e70e25f,11,1,69,1,1,1
b789add44f79066ae81fc63a3de0e141bed44bb8,6,1,39.9900016784668,2,1,1
410347a9a45e85c2,4,1,228,3,1,1
c64a80bce9d33af0,4,1,2999,3,1,3
4507f45351d2ff17,4,1,219,3,1,1
1db1e0445c7db470,4,1,78,3,1,1
7c7c1124ce481b9f0dc520039c2b0a11dc89e172,7,1,6148,2,1,4
ce162bafd9cfd7eb5fdc08b56bbeb3c7b378dfc6,9,1,15.800000190734863,1,1,1
b38994473c6f4b0f,2,1,199,4,1,1
05d654371a8df61e,5,1,880,3,1,2
1fe19e0f97c06aa15593909cb780c38f7a102a2c,2,1,99,4,1,1
1758a938a24f04ae,4,1,5999,3,1,4
3e6549e5ad5f85dc,4,1,107,3,1,1
869412034211166-d0d783577d7d,11,1,15,1,1,1
3c6e5edff3d6e05affcaad888554312753fca4a8,4,1,5999,3,1,4
e2edcea2c85b2175,6,1,5999,2,1,4
b4cd7272ae14249d,8,1,49,2,1,1
aa42b5406e652fda,8,1,99,2,1,1
aed5bfb80e74569f11b701f895cab3a412427c75,3,1,899,4,1,2
3e21e2b4bde789ec1e2c228fb8704c1179d59e64,6,1,16999,2,1,5
683e2738b005b5ddbc72b718d44077b816d05810,8,1,1599,2,1,3
c2f7d687a7d78729,9,1,79,1,1,1
3f20b3c83376072e,5,1,3999,3,1,3
cb0e397cdda95d1d,2,1,27,4,1,1
864464049881595-9cf531a6a389,5,1,169,3,1,1
c3a4c931d5de2432,6,1,26.799999237060547,2,1,1
caee98614037a47579a563a811552934eba1b234,4,1,329,3,1,1
a3bad838d0bfd3af,0,1,1599,1,1,3
bc4631c8186cefd25d384b7acc70b66b99990e01,5,1,29.899999618530273,3,1,1
06ddcc88fadd1012,9,1,298,1,1,1
77dfef05381f3c56c8bc1c90150692dd652448e2,2,1,339,4,1,1
f593ef1b091e6c68,5,1,206.8000030517578,3,1,1
3ce0cca2a59b913d,10,1,12.899999618530273,1,1,1
26c686b6ba5ecee5,4,1,569,3,1,2
10ec9aefdca771b7654731b140ba88c1926a14d1,4,1,21.899999618530273,3,1,1
0e9e9e70652d102d58fcab84cd9ed85791ac42b0,5,1,199,3,1,1
879d105010f731a1,10,1,19.899999618530273,1,1,1
c48d82081e7aa8aeb14a3bf8f71e80a2667379bb,4,1,69.9000015258789,3,1,1
fab95b272ce3dd5a,1,1,60,5,1,1
864952042839297-7460fa3d8b1a,5,1,9.899999618530273,3,1,1
38b7d31b65890bc18772f13cbcec78139314f300,10,1,24.899999618530273,1,1,1
4ccf744eb9c00c38b50a07c17d796ddf11a1b0b0,6,1,7399,2,1,4
89d3889b2c25275ef45407fffd670d350dfa8f44,4,1,1499,3,1,3
92f036f8802df9f2,2,1,368,4,1,1
6a846084f65a8e40,4,1,399,3,1,1
1e08ee0987775b005897813f9e2f1f4c48f524a4,5,1,4499,3,1,3
608908d89a64d9f1189acf694da350a7124280eb,0,1,469,1,1,1
ae3baf09a4e2a3b66631c4bf3d350d66caf98316,7,1,39.900001525878906,2,1,1
70a4225f0e58f721,6,1,139,2,1,1
358520089903996-00904cec8ca0,4,1,500,3,1,2
7d24e6477c7bfd8d,10,1,138,1,1,1
2d12cf9c4298dcc2f92a6b59b58ff8a9eb37a50a,4,1,329,3,1,1
e018f57118ba8aa7,4,1,138,3,1,1
db0b1448f273c703,1,1,4099,5,1,3
b234aa39d255078d,0,1,229,1,1,1
511ba164af5c7909d2494dc14ca0a7a6e0d5ecdf,5,1,41.900001525878906,3,1,1
6a46dc50a50bcc40,1,1,3.799999952316284,5,1,1
529d834469eaaa5a,2,1,9.899999618530273,4,1,1
ef3aab6687429f53dfc2cf9ce8f536971bf3c5c6,5,1,8299,3,1,4
865300046974950-64a2f973045e,2,1,5699,4,1,4
cc49f826cc1c33d35951cd227ee87b6bf30de586,5,1,899,3,1,2
faad910a304676f8a401726fa0b18d5817e38290,1,1,22.899999618530273,5,1,1
371a0ab98d8aefae313bd4c0711c2abff71e10c3,6,1,115,2,1,1
dc990646253dbedc63af0cdf35267649cc2f287d,1,1,6999,5,1,4
5ddd04f21e42581f,7,1,45.900001525878906,2,1,1
a63dcf0acd02e577,6,1,40,2,1,1
92776eec60a529fcad2358a91bf1f6bd0151c05f,0,1,16.899999618530273,1,1,1
71043f81f12739ac,4,1,385,3,1,1
57c43a5bcc40568c,7,1,168,2,1,1
5104081679c41455ee058b158e7b2e5f2ebd8535,10,1,799,1,1,2
69180b5c32c8443d,2,1,49.5,4,1,1
e40781719c091a62,4,1,5999,3,1,4
57aa41cea1af5e06,3,1,59,4,1,1
da56518beda2aef4,4,1,229,3,1,1
b1d51e35fb610a94,11,1,2649,1,1,3
38546e12c472ca28,2,1,9.899999618530273,4,1,1
9b432e0cd5616e22ccf3e8994588e5ed52a8340b,7,1,5999,2,1,4
4cf1aa0eed667734,9,1,89,1,1,1
6471abaa66da2d67,6,1,79,2,1,1
a07d22e2b22986eb,10,1,32.79999923706055,1,1,1
010a17963c25b9a3,6,1,78,2,1,1
a7c15de664eb1f1a,4,1,49.900001525878906,3,1,1
301627991a88e27cce87a4837a91955f016d2ee5,0,1,199.89999389648438,1,1,1
d7ceb7f6191f0fd5385b0897cec18dac58ad94c1,3,1,79.80000305175781,4,1,1
ba90e7c4b37d3a30,2,1,299,4,1,1
dcdc035f6f697946,1,1,699,5,1,2
1180e82db6d64274,2,1,849,4,1,2
b2eebdbf5cbd2c574045de1c4a377de9fb690240,9,1,1999,1,1,3
cf08d019b570beab,11,1,88,1,1,1
0ecd5dec51eefd8d,11,1,14.970000267028809,1,1,1
ae338397b132a58f,10,1,179,1,1,1
572f9de228687ee0,11,1,169,1,1,1
f37cd0c2bb3e0dfc,0,1,109,1,1,1
863765041456207-c8c2fa760f10,6,1,4599,2,1,3
99ee28507eb3f88f,6,1,59,2,1,1
8b7a8032a65b0d0b5b7b27f86287bec365751140,11,1,108,1,1,1
234243b85be6e3aa,4,1,69.4000015258789,3,1,1
11e66633257cd44e,6,1,138,2,1,1
5a1326d4d96837f4,0,1,19.899999618530273,1,1,1
72e029ed33b3e34c,7,1,32.900001525878906,2,1,1
f8355d56c61fe0c5d4684d5873e9a98984873367,1,1,299,5,1,1
77ef5339aab7d2f3,0,1,118,1,1,1
dde27fa4610f0497a45bb8e1ed0c55de6356a764,5,1,50,3,1,1
6292b9b98f6825cd,2,1,599,4,1,2
862802043696992-f89a78dc0c1a,10,1,39,1,1,1
3db1864340a1ff0f,5,1,9799,3,1,4
857e1f2bafcee38f,0,1,55,1,1,1
7e430a75b4c70aa3,5,1,144.89999389648438,3,1,1
862850044782485-88f8725b7d46,4,1,19.899999618530273,3,1,1
862090045255146-30a2c25674a9,11,1,9.899999618530273,1,1,1
8e0c5ff32a307453,7,1,39,2,1,1
867418045953235-1802aeca678d,0,1,498,1,1,1
c7adf70099595147,6,1,119,2,1,1
ca413168beaa0fdcc41c1d6b4e761908edb54e74,7,1,12.800000190734863,2,1,1
e6027a5e72c68f781a893917983aa97deb15546e,1,1,289,5,1,1
3c2a838629533c127c0fb4169585de83b7fb6f2f,0,1,298,1,1,1
98b608013e4f8971,0,1,19.899999618530273,1,1,1
fd36aac6d209a319,2,1,509,4,1,2
918262998f2c2014,6,1,1679,2,1,3
5230f2ec1b53b3f1f558bd45f8aaaf2e10e8f113,11,1,219,1,1,1
932ecf633d167dcbdf5f2088a8618d075c530a15,5,1,5999,3,1,4
868535048645416-ec56234f70f0,6,1,69,2,1,1
2e582322ebc8e90f,7,1,99,2,1,1
da54f7d26ae4c0ec4d9224defc926d8d72d59bd7,1,1,8999,5,1,4
d2797dd55ea8f5ea,4,1,79,3,1,1
64aa8eb529a9c815f24195dd32af30a8d8b455fb,6,1,68,2,1,1
3fb9ce699a56d1b3,1,1,59.900001525878906,5,1,1
864373041646171-309435c31f7f,6,1,144,2,1,1
3a0d3e2443f9341e,5,1,158,3,1,1
28bc639ab6a12d56f0963d3da728452a4399154d,7,1,13.899999618530273,2,1,1
861504032197351-1c77f6108d0a,1,1,1799,5,1,3
257aa2289fcb4941,3,1,129,4,1,1
7815e3c660f76b62,4,1,349,3,1,1
375523e1da6974fd,4,1,5399,3,1,4
90e5e1bf96fbf198,5,1,4199,3,1,3
d40d3596239985aa,11,1,26,1,1,1
8df90bc77894e1f3b21bbeac50e622d2e93a4b34,10,1,29.799999237060547,1,1,1
eda4a651da011cc1860f11f9f6ff553c8ef7bb30,8,1,108,2,1,1
caad4f4be806500c,3,1,15.899999618530273,4,1,1
860615045815713-fcab90c24f75,2,1,60.79999923706055,4,1,1
43d2482c6433c552,5,1,420,3,1,1
e17dea37cfd87e99,0,1,4999,1,1,3
38daa8ec73aa9c58450114256d86b5a396674466,8,1,5288,2,1,4
58b3754478c580a1,5,1,429,3,1,1
4c082be3fc4bf3ed0eaf2630cf8be43849f950da,7,1,59,2,1,1
463e4cdd50d6cd86,5,1,1199,3,1,3
416a28033a495ec1dfb0e5b647817e671bfc5d37,3,1,59.900001525878906,4,1,1
08fe96834d8821bf,4,1,999,3,1,2
edf6beb01927ac4a,1,1,109,5,1,1
df813c8c112e358ebb572235d9983306a97e3a98,7,1,34.79999923706055,2,1,1
c7bcab634fd962794cbd286a1d356c9632059a9e,0,1,88,1,1,1
60f9ef20a35ae66bf15ebff607b3853b5434a757,10,1,99,1,1,1
e2cf3be31fc96306,6,1,14.600000381469727,2,1,1
f3d6b5fb828e47f3,10,1,23.5,1,1,1
b162942d0c9cbfa0,6,1,188,2,1,1
8fdfb4298dcd448ed14e1a55f864f61e7c972ecc,7,1,64.9000015258789,2,1,1
d30527a5ba5fb237da1040d0b246ab25e7559093,5,1,19.799999237060547,3,1,1
865593049788902-a49b4fba1608,9,1,74.9000015258789,1,1,1
1350c799e66a63cb056bd7479660fa3802314cc3,11,1,117.5999984741211,1,1,1
869068035691630-9487e0487a82,4,1,5999,3,1,4
fac24379e349f088,2,1,29.899999618530273,4,1,1
865195040523054-3c86d1ad494f,9,1,73.5999984741211,1,1,1
f5e4c1cfd04c09ef,6,1,38,2,1,1
ad546e64931231a3,2,1,6.400000095367432,4,1,1
0e54e2f9bfa6d4e1,2,1,46,4,1,1
865133048465812-309435b7a4e3,10,1,129,1,1,1
a9d43408282fcb1d,4,1,5,3,1,1
869414035177339-ec8c9ae67c93,2,1,169,4,1,1
5fc7d377f30704b2,10,1,129,1,1,1
9d675bec851f1309,9,1,98.4000015258789,1,1,1
8a648cf68b22935e,9,1,149,1,1,1
e78882336882a219,6,1,15.600000381469727,2,1,1
b4ced1f81fa2405a,10,1,99,1,1,1
3618613d7473dad2289038c772d089b3d060f47a,4,1,69,3,1,1
245218a0e28f90bb39ccd382988859199d7a4a17,1,1,132.89999389648438,5,1,1
37d29117585171b85768c2ddd0289c5279968ae1,5,1,89.9000015258789,3,1,1
0317a3fcf9f4f690,3,1,799,4,1,2
80de2c03d9b32adf,0,1,26.899999618530273,1,1,1
a64fafbd9fd571af,4,1,119,3,1,1
b7cea6fac696fb82,10,1,54.900001525878906,1,1,1
e1602e1ddc3d2529,0,1,39.79999923706055,1,1,1
9d4fbb80f081cc30,1,1,42.900001525878906,5,1,1
88bc236d9373a0e9517df318d9c509a75016293b,10,1,39.900001525878906,1,1,1
e8a00a81e75bf680b8352dcd467ada858b98b15d,4,1,326,3,1,1
17cfdf3141529cd4,2,1,44.52000045776367,4,1,1
d1d6e389d021e5a6,8,1,5998,2,1,4
d22a12ad92ae710bc459d29be8d204fad39c6031,5,1,9899,3,1,4
879fe204a7d745cb,0,1,168,1,1,1
6a833cdb69396690bf90989f25a9cb8d96033fd7,2,1,219,4,1,1
711e61aee96db958,3,1,99,4,1,1
860716041634874-dc908805ecbb,7,1,79,2,1,1
b7ae4f3a847d5b5d,5,1,5999,3,1,4
c6e202ee629ad8c2,2,1,79,4,1,1
c34adb961254b52a,10,1,32.900001525878906,1,1,1
8bc547ec379658e4d41913ca8da25df731d2a22a,6,1,99.5999984741211,2,1,1
0eb3649de4469aa4075367b7da146e1fb2c2b230,3,1,1699,4,1,3
357641100387117-d44da4693b7c,5,1,938,3,1,2
3d70acba6f64cbc5aed89821e350038c278e9c63,4,1,9,3,1,1
b2ecc2f56d9e53c6,11,1,8999,1,1,4
1dd7b5b4e1c34a5f,2,1,389,4,1,1
864674044136478-68a03e817f9d,6,1,130,2,1,1
a0dda9c51e57a9cd,5,1,17.899999618530273,3,1,1
b569ff5555022b8f,11,1,35.79999923706055,1,1,1
d7ebcb4d9b38c992,4,1,189,3,1,1
9ce6b531e370b359658e4444ed47a32e22bc5e77,3,1,5699,4,1,4
4194c78a7a75ddc05d24bc11c8b90f813904392d,5,1,65,3,1,1
854dfa7f7d4fd9856e0e119c743bed3ceda6036b,7,1,529,2,1,2
25de413ee241f637,8,1,10.300000190734863,2,1,1
12455f34ee2825e0,10,1,5999,1,1,4
860530043383012-44d7910a14e6,5,1,7999,3,1,4
860784048777179-30a1fa9ebefc,0,1,599,1,1,2
3abeaac3c67966a1673196b3bb1f51793d14ce9c,1,1,58,5,1,1
0370b0d326eeac10,1,1,89,5,1,1
5fff592d94849116,2,1,444,4,1,1
4baaf7031c3fc4a6,11,1,26.899999618530273,1,1,1
f6e691f4a98a51f4,10,1,65,1,1,1
e6bde313f297486b,5,1,1999,3,1,3
48128aa2913c0cfb45c203fbe154ccaabe263c82,5,1,129,3,1,1
a6bd2cd2e9b86973,11,1,79,1,1,1
868179044648205-f4631ff91e70,0,1,2799,1,1,3
1cc16ca5f309cd116847e7f4b03ee066d293fd08,9,1,120,1,1,1
244f15f2873dd0f0,1,1,79,5,1,1
a6b674e7af2d0745,8,1,169,2,1,1
866891043355655-283166fcdc2b,9,1,249,1,1,1
670b0892008daffb,3,1,73.9000015258789,4,1,1
9029773587cdabc3,2,1,36,4,1,1
eda683ef34fd134196576753c509711ff8f33e56,10,1,2940,1,1,3
9193952e4ab45ff6,5,1,88,3,1,1
29e95da652967a6b5c58e350b702dbfb9c2680b0,3,1,549,4,1,2
354e883b77fa1b95,5,1,149,3,1,1
864777041189919-9cf531372151,10,1,99,1,1,1
ebaa60b66377e672,0,1,89,1,1,1
59d6d49f659ee57674f70209b1f65d096d0a5645,1,1,52.900001525878906,5,1,1
860482039256333-1c67583681b6,7,1,3999,2,1,3
4c9d2c6652589e8cff6849777413b70003a0f3b0,9,1,15.899999618530273,1,1,1
d7ae9d206db796f4,5,1,150,3,1,1
692b53823c151feed521ec07437eb9f47474ad14,2,1,1246,4,1,3
eb8a56cdf6464789,0,1,128,1,1,1
45cb34cdff3300bc,8,1,4859,2,1,3
f1b603e12c0d2813da0e14add562e6e2cc118cfc,4,1,2999,3,1,3
c4b19545ab425a9f,1,1,79,5,1,1
864928047915001-88f872f0fdb9,3,1,889,4,1,2
997e9fdd7cc24568ffe9d8cdba5da3b44506e7a2,2,1,59,4,1,1
710c1a60346019ae,9,1,20.899999618530273,1,1,1
642b8d448cc5ac196c6a158fadfa378bd1e674bc,7,1,112.31999969482422,2,1,1
dd9d9ab9bd5b1b49916d9f35e243fd78c550d42c,5,1,69,3,1,1
4f01b127858df7b04c57094ef6c353cb7f72f3ac,4,1,5999,3,1,4
ea62f6f2e2d96e836c1128b0687e136e5a3b2825,2,1,115,4,1,1
2dfb5c0547d721ac,11,1,2399,1,1,3
5c2bafc8f8014c467cdd1c5b57f4a99451798734,1,1,199,5,1,1
95626fc6b6a242f9,3,1,668,4,1,2
5bc0bc55b33a707b,1,1,35.20000076293945,5,1,1
6cfee183eaad4d42fe5332afa2baacc3725fada7,0,1,89,1,1,1
c006331865cb2a08,7,1,8799,2,1,4
0dfb7c6f6c47c7f52c643fbfb474909c3055b436,1,1,319,5,1,1
860477040306291-30459625f4da,2,1,69,4,1,1
18f42394ca6b8a08,4,1,14,3,1,1
423c93321d1bcd99,4,1,14800,3,1,5
375e84d056318f52,0,1,1399,1,1,3
347c27700b5f910a,2,1,128,4,1,1
863847048187371-5c666c5e7fa7,2,1,198,4,1,1
860445041769353-f8c39e870720,0,1,1499,1,1,3
fe878905465b4ff38beff0b749ebe8cc1743d0d7,5,1,2599,3,1,3
6254d224e9961700,4,1,44.900001525878906,3,1,1
a624aed193cfe84d,0,1,29.899999618530273,1,1,1
125657a0e12c7050,9,1,4399,1,1,3
87b73c3e04ed4bfe8dcdf1fe7724b38ff2d0e3a7,6,1,1050,2,1,3
8523648492a2ff70,7,1,5999,2,1,4
ab547e7cf3812d5e4e6f601cd1d10b4a7f26359e,4,1,5999,3,1,4
9feac602764d3897,4,1,5999,3,1,4
27c9291f051d2457,5,1,44,3,1,1
457d99761282ec90b243f01ae0c7d72db2cbda34,1,1,33.900001525878906,5,1,1
a7265d87a1ded849,7,1,439,2,1,1
23af07866c960dfe,1,1,399,5,1,1
87d71185c4fa0073,7,1,149,2,1,1
f4502bb2864fe9bd,2,1,598,4,1,2
81a507df785f3952d428363e6cf2d6e750897539,0,1,39,1,1,1
7f5bca8d3587ac42,5,1,2599,3,1,3
d48d8a75ae650323,8,1,40.099998474121094,2,1,1
fe25c4e3bb10dee6403e9d227b002975942e50db,5,1,6799,3,1,4
843637012a560de8,6,1,69,2,1,1
d3501e5c565498555a0096a90ec303c7693a0c9f,5,1,5999,3,1,4
81936ce2b354597ebbdaf132a47a783e4f630c72,4,1,59,3,1,1
0ad11bc1d1c5a294,9,1,198,1,1,1
f8c4dd40f021a2e82074c4d5dd16292cd90016ea,6,1,58,2,1,1
ddc58d0d051941af,5,1,2499,3,1,3
bdcf53a901fab463,7,1,93.9000015258789,2,1,1
da709a3655bb3e6e,5,1,71,3,1,1
3382927c89ea8dca,5,1,2499,3,1,3
6749473930c2835d,0,1,18,1,1,1
99a4991e49c50fbe25e496e5e04309fe30fe5e1f,11,1,55,1,1,1
d3f6135fb88944b4,11,1,49.900001525878906,1,1,1
f220ff50cd5c9b9f,11,1,89,1,1,1
c6df43f13ae4626a,11,1,129.89999389648438,1,1,1
d7723eb06ba500fd,1,1,54.34000015258789,5,1,1
75e3da3bd5aab4fb,4,1,5999,3,1,4
f54ae165944a3f73a4f64e5d9c77087fe452da8c,10,1,89,1,1,1
c9376860f6d93453,3,1,55,4,1,1
860391042675290-5029f5af1627,9,1,18.799999237060547,1,1,1
7291a337a07259d366b84ccbe5c2769b3760757d,10,1,21.899999618530273,1,1,1
43618b5b05de6104,2,1,334,4,1,1
a8c4b55afdd886f6,10,1,1599,1,1,3
0b7fac426f573a7e,5,1,1300,3,1,3
862955044982256-88403b452ebd,7,1,39.79999923706055,2,1,1
02bae171982e98c6,7,1,12,2,1,1
57a5a071f8dc45d5,10,1,199,1,1,1
d3343bde2d58b6dc,6,1,99,2,1,1
862443044716768-7460fa4e901c,7,1,19.899999618530273,2,1,1
37b4b2176fa2023601bffaf5a97d414d04948c72,0,1,3199,1,1,3
963c67fca9bacad8,10,1,129,1,1,1
9d2742d281d87c4f,7,1,899.9000244140625,2,1,2
19e5066b70a133af,2,1,125,4,1,1
00649577881eed8c,10,1,599,1,1,2
6036ea8af15bc2a8f1e9ae4d3f05cfcb545f2819,10,1,238,1,1,1
7607b47b3e6be5828cfb75056508ea2188c6e5d0,7,1,238,2,1,1
a7d138ab4ff7f5728f05fd546109e9982eb33ac0,5,1,329,3,1,1
7fb5211fe975931ba9f489d546e2b3f28c22d1e4,10,1,49.900001525878906,1,1,1
1b199da18cf78fdd36a31291f8ea941026e4bce7,3,1,739,4,1,2
5586caa7ac5bff42,10,1,299,1,1,1
82d8c13e675137a,3,1,195,4,1,1
dbf1b83a51b362d8,10,1,98,1,1,1
f0d50323254d06c7,5,1,22.299999237060547,3,1,1
66e139f0029484752bc315e8c5785bff3c52a7d2,4,1,899,3,1,2
b8470c01e016770f,5,1,66.5,3,1,1
e9f0ef25390f6cdc,5,1,369,3,1,1
7d879dd1eebe1eab,7,1,5999,2,1,4
4b93eb4555c520c3,11,1,35.900001525878906,1,1,1
41b661701cfc230db354ddc5745447f27cfc88c0,4,1,29.25,3,1,1
cb6cb90b455def04,2,1,749,4,1,2
40f35f41f809e11e53b545ea81ebf765a5cc70c1,9,1,79,1,1,1
d7974adfef336957,5,1,8999,3,1,4
26a0ba53d0df5148,1,1,129,5,1,1
514b5ae4aca64781,0,1,30.5,1,1,1
6781065062a49b4c,2,1,279,4,1,1
0fc4c6049d9b1e1f,0,1,199,1,1,1
5ade84bdb3cae4d6,2,1,134,4,1,1
98c8b1da7e9bd3ae,8,1,59,2,1,1
1834b4de4e04d14f,4,1,4599,3,1,3
8e72fa915a04ed02,1,1,60,5,1,1
88a39cee78cb6242,4,1,99.80000305175781,3,1,1
ef453ae7096dc779bfce06735f61ccab8ef15426,0,1,97.80000305175781,1,1,1
dcd4f5d8ecadab29bb50acb087960402746c8c9a,0,1,4999,1,1,3
a330b3f4e51ec9b6ba555b9e3b9be67f78931038,5,1,67,3,1,1
ab94d2f635515c30,7,1,662.4000244140625,2,1,2
1a6568f6fee4b11c,5,1,3499,3,1,3
8edc3da423d13264,5,1,148,3,1,1
a2710f34a2b0616d,5,1,688,3,1,2
1ae8b8c151b954bd,9,1,349,1,1,1
efe0eb5abcd169f7578e75a5548fed7b197ec153,1,1,42.79999923706055,5,1,1
5ff220db12fcb1c3,9,1,33,1,1,1
3cab5b0b5d10a505,4,1,20.899999618530273,3,1,1
6dc83e91b1e46c43,8,1,208,2,1,1
fe4220b6f3c12913,6,1,36.79999923706055,2,1,1
e7fe601c4e7e6f51ca0707fa1d765a37e5e0c845,3,1,59,4,1,1
858ebdbf799394c5ef354339bfeea8e790c401f8,7,1,5999,2,1,4
88d9a94e15d2534b,5,1,69,3,1,1
80a070dc18cae4c4,0,1,2299,1,1,3
a348d32eb330b109,1,1,249,5,1,1
863336ea226aa21ed5fb53e0a1d13db81aad53ad,9,1,59.900001525878906,1,1,1
866922042510931-c4e1a1bc9037,3,1,599,4,1,2
b2a9e7c688f4e050,7,1,5999,2,1,4
862997044401515-708f4778c391,8,1,598,2,1,2
4004762e73dd4a728b1117154080b4a211840565,3,1,349,4,1,1
da21ea86eb0dd6e3,2,1,79.9000015258789,4,1,1
3e0e1eb196168a343371c5001169b0323ef88d0f,8,1,79.9000015258789,2,1,1
08e206698f8e3efa,11,1,39.900001525878906,1,1,1
67b5a64b06b4853a,4,1,49,3,1,1
06edb2adec60437d,5,1,139,3,1,1
608e31353c853806ee5f79913131cd033e1e815f,5,1,89,3,1,1
2b5b8eacea03b1e1acc93df75cea93c676432efa,6,1,35,2,1,1
4106286713942dbab6312d53d72d115a3d5b4253,10,1,13.899999618530273,1,1,1
258359973df466b5,6,1,29,2,1,1
19b90402bd28145b96e89d8e1fcb7598616d8b6a,6,1,58,2,1,1
71a2c8f9e1902793,11,1,10320,1,1,5
84b4dc10e57496767216c69c739e3910363e4143,7,1,79,2,1,1
2822eda9b128d8a6ba94093dfc5911c047eb31eb,9,1,15.899999618530273,1,1,1
591fa10dcddfbc2bba655b8c8a65b9df821403f4,11,1,249,1,1,1
ac7c6f406abb3d62,7,1,5999,2,1,4
A000008A1D30E2-5029f5761ad5,10,1,99,1,1,1
331f1db2914b57b2,9,1,29,1,1,1
da008f565e0c7e9d,0,1,3399,1,1,3
4195ede50939483d,4,1,5999,3,1,4
0420d5f757782b64,4,1,39.79999923706055,3,1,1
0bc04be8eacf8d2091480121fe4ef0e4ce439abc,1,1,75,5,1,1
e907591dba9141af,5,1,1588,3,1,3
60ed4faf0be2d6926b70593aa30a434ba053d749,10,1,45.79999923706055,1,1,1
6d18728f2d809be38f0b37f39ea2bcec8d8c907a,7,1,5999,2,1,4
fe666129c9d230c4,6,1,29.700000762939453,2,1,1
0b191cc2f363de27,7,1,6799,2,1,4
754bd6a09dfeed87,2,1,35,4,1,1
23d2502b9b85e5bd,1,1,23.5,5,1,1
5c67f8b7d691aa9b8ccd92a5b7f9628a5e6ce665,8,1,12,2,1,1
a0a1a04c566d1adc,5,1,42.900001525878906,3,1,1
17c218131485606b,3,1,299,4,1,1
7c8143445e87d07a,6,1,169,2,1,1
5b18d2ce7694dd3d,5,1,179,3,1,1
92925a57d1d9ff8061922952301118515700c6b6,6,1,33.900001525878906,2,1,1
e84db551756e3e86,10,1,27,1,1,1
861628043556758-f2631d2edc30,3,1,59.79999923706055,4,1,1
6dd9c0729c398c060b1f202c76eaef3842ac338d,1,1,19.899999618530273,5,1,1
4ea5c843ac5f26eca85143032fe86dd24b758c0f,0,1,19.899999618530273,1,1,1
d747cfe7183f6b01,5,1,299,3,1,1
e8ce6a2ad2940e19,6,1,89.9000015258789,2,1,1
869917040935442-66cabca113b1,3,1,999,4,1,2
0413bfa027ee3fa8f250f5927b1e7ea094d6731a,5,1,99,3,1,1
ff84ac2f87484d29,2,1,58,4,1,1
c42a27b69559fa08124f2d00f14b29814ed4891b,5,1,380,3,1,1
907d90a184568339,6,1,68,2,1,1
e07524b10e5f9ab6,4,1,1499,3,1,3
97ee29a8061c4336,0,1,299,1,1,1
f723087f62505664,10,1,79,1,1,1
0aa3bcc554963f30,10,1,11.899999618530273,1,1,1
fdfa14975f25bb8e08b98e06691ad3ad154fdb6c,0,1,7.900000095367432,1,1,1
915b034066903b58,5,1,2299,3,1,3
568c9f1bce3e8af1,8,1,3599,2,1,3
2b13b596e7af3632,5,1,29.799999237060547,3,1,1
beef18db034ea0e7b7fc7a980e0c908eb630f6c9,10,1,45,1,1,1
a6031d6d8274bbeb,9,1,9.899999618530273,1,1,1
7542e06d63e716be35f84a5702e3f39ac6e0641d,2,1,19.899999618530273,4,1,1
2cbf534724d02674,10,1,4299,1,1,3
4c9587eef8a43f9a,10,1,5,1,1,1
42a435651fb0a6ce99c19db4bf41ceb021caf1be,7,1,1849,2,1,3
864358047013856-88f8728c282b,2,1,59,4,1,1
aa3ca31465ddcf1b,2,1,1299,4,1,3
58ff8d9c9f38e55b,1,1,19.899999618530273,5,1,1
e8ce44644cc4b605,2,1,39.900001525878906,4,1,1
a7cd1cffc2be965b,5,1,298,3,1,1
92ce8a730056c520,2,1,49.900001525878906,4,1,1
9258eda460fd4e27,7,1,229,2,1,1
247c25057d5b18e6,8,1,1299,2,1,3
860784040175679-ac92327bbe7a,6,1,2499,2,1,3
3c493775421e17b8,9,1,298,1,1,1
8b132b3ba6e2e946,5,1,94.5,3,1,1
074f260e1816ef75,1,1,399,5,1,1
ca49093617f22338,5,1,388,3,1,1
9b5faac87b96f882ba8069a96666ef43f4a780d7,9,1,139,1,1,1
44594f8f071cb63f49655dc6fbf60dc10737e0ec,1,1,89,5,1,1
699ebfb4e3f61216,11,1,29,1,1,1
f14036cae8328427,6,1,438,2,1,1
68402ebb2a72decc48e2534256532b68ec708d71,10,1,39.900001525878906,1,1,1
3ef1407de5240c9c,6,1,125,2,1,1
dff270105de6e725,1,1,90,5,1,1
285c91062520c41fcd7113f18c568673c8bf4bf7,5,1,4992,3,1,3
865664032058304-90f0524ff4f6,11,1,59.900001525878906,1,1,1
9c15bfd63c35d2534bc6180c5d46d3ef47b1a9e1,8,1,89,2,1,1
5c4b94665bb65eea7ec0b9b960bed9929a8f17ae,9,1,79,1,1,1
c1e36943fe0e000d,4,1,769,3,1,2
e19623c66ed0101e,2,1,179,4,1,1
5160b870c18b7c11,3,1,8499,4,1,4
860364048185010-a4123246daad,10,1,69.9000015258789,1,1,1
6107425845950142e636117c2b59147c3d4a9445,8,1,59.900001525878906,2,1,1
868906042398759-88f56ec26098,2,1,4299,4,1,3
4db0fd64855a6b09,10,1,7999,1,1,4
c3bda6dd6ed8e860,5,1,499,3,1,1
ac0ad4d398f140bf,1,1,27.899999618530273,5,1,1
e31c8b90c2987c39,4,1,3099.010009765625,3,1,3
7aa7831deda01bc9,8,1,1499,2,1,3
865565041121167-34b20a5004dc,5,1,79.9000015258789,3,1,1
80df6c638362b05efc8f2bcb466e95c302c4642f,0,1,49,1,1,1
c227ca1010c6551636b76faf4b5eecd748c700b2,2,1,1099,4,1,3
8b95077ed10ad7ce258def2b337c9d775fc2ad03,0,1,199,1,1,1
a13a37bf258425377cccd26f90d7c9456d933302,1,1,16.799999237060547,5,1,1
8559ddc2e3e87c49,1,1,1598,5,1,3
e67e0ec0e29559be,4,2,4748,3,2,3
aa8d2fc73fee3f210be0f176124128d8930c3655,4,1,69,3,1,1
204462f69c668607fbffb378fac13bab0254c406,7,1,5999,2,1,4
1ec0029269662c9a1a2d12be25c9003033f3d151,3,1,49.900001525878906,4,1,1
869200034435137-b89436d273f3,3,1,70,4,1,1
983b00c4974311fe,8,1,299,2,1,1
863729045738960-24fb655112e6,1,1,119,5,1,1
ab060d9f9a00945e,11,1,27.799999237060547,1,1,1
db397a1ba5c495d5179719de839ba823cdf1b76f,10,1,209,1,1,1
50f7e06ffda8ea85,1,1,259,5,1,1
15b355676cf9bdc5ea64add643f94fdc44670d4f,3,1,298,4,1,1
0eb0f34dc7d085c9,0,1,49.900001525878906,1,1,1
ca2458b3e285f127def2f58b7a2d8db04a62ec72,0,1,389,1,1,1
678ad3608e8a1309083699e24436597265a6f6bb,5,1,459,3,1,1
e678dec06d2333d2,8,1,79.9000015258789,2,1,1
153341b824b181eb,7,1,998,2,1,2
0d7a8fe1fde762f1,7,1,229,2,1,1
712217ba74288359602c6429615beeb3ba497e23,0,1,79.9000015258789,1,1,1
0485d79cbab28db0,7,1,135,2,1,1
e789215e5cedabad18ed38e9d93853050367cc2d,4,1,8799,3,1,4
523cecd2a64b5a3faf78804a5e48495a087197aa,9,1,4599,1,1,3
6c3370a94358363a,5,1,273,3,1,1
b644363e71cb04c74db3e2c41f1226d2a709d464,11,1,45,1,1,1
cea2b92421612f577a24cdae854e6a93b75cb62f,4,1,99,3,1,1
06dc00b2cad58ec5,8,1,49.900001525878906,2,1,1
43268f1fb93bc13b,5,1,1090,3,1,3
7dc85b0f84ef229d31e07f70e51076cc21809671,4,1,139.89999389648438,3,1,1
98a673c8147864f8,2,1,358.79998779296875,4,1,1
61d5e21264620805,9,1,799,1,1,2
36097566da021c8b7ade879eb61c25b02c6eeaf8,6,1,68,2,1,1
a84c10a475fc5bfa,0,1,439,1,1,1
865883048401718-a89cedaedac0,8,1,69,2,1,1
4339349dcae78594,5,1,338,3,1,1
225220e127411ba4,8,1,99,2,1,1
b4424104b1388b1e,8,1,35,2,1,1
3dc40a6a10f5059ab260ac049e1e514cd603c8bc,10,1,20.899999618530273,1,1,1
2f25274f672e8d01b37d968d619ba89de30c20cc,0,1,1,1,1,1
d4dde598554d61eb097dc74b0a28caa0ed8c788c,9,1,57.79999923706055,1,1,1
865315034670659-940e6b996fda,9,1,39,1,1,1
d82186c6c75cc498358e453df173f74325e9f1df,3,1,449,4,1,1
860214049919232-2cffeee7f94d,2,1,299,4,1,1
85a399c39160f791,1,1,31.799999237060547,5,1,1
5b5e422243e90904,6,1,19.899999618530273,2,1,1
860758040867972-482ca07b45ef,4,1,56.900001525878906,3,1,1
864506042598749-d88adc03d607,2,1,239,4,1,1
dc8b3d7a822f2eaceee4e84005d7f10eb20a96b6,5,1,15,3,1,1
aadd5ff7a04f5751,6,1,5499,2,1,4
f01246214bd93168,1,1,29.899999618530273,5,1,1
f1b59fdafadee7a4,5,1,14.899999618530273,3,1,1
9256b6d9b11dc257,7,1,9.899999618530273,2,1,1
860005040254904-30a1fa993918,5,1,6799,3,1,4
a1da62750c730483,9,1,10,1,1,1
e19e6d9c8cafe38fd1206d686801857a,7,1,5999,2,1,4
a78d53fb49d383016e85daaef9f832f216a967ce,7,1,55,2,1,1
13cbf8d7889626bea041508142d6705a09b8c7d9,9,1,78,1,1,1
d832cffbf671f10f92a61eda994089f43cbf41e1,5,1,1399,3,1,3
1822203095c5cfa4,4,1,168,3,1,1
3590e7353df00a1dc4b755dea82c616c1ce79d8a,7,1,5999,2,1,4
4e81b2bf597a91893b0a44fc6d829c48710d59df,2,1,130,4,1,1
868573041014272-30a1faf008e3,6,1,288,2,1,1
9000f179eb188c52,3,1,279,4,1,1
040f13925af9808d,6,1,8799,2,1,4
13a8fdfd1472432d61847140da5860f8e14d2741,1,1,41.70000076293945,5,1,1
6fec5af9315d9d19,4,1,3999,3,1,3
a64e80458a4b239015df05d87f3f446955e38b6a,0,1,19.799999237060547,1,1,1
7fc24ebe7fcbb899,0,1,39.900001525878906,1,1,1
35c54b4fe5b6c9ef,4,1,49,3,1,1
679a7200a79aa64a,7,1,139,2,1,1
86845503502370-90f05272d8e7,4,1,128,3,1,1
0bf570b79c0c5872,6,1,28.799999237060547,2,1,1
b21c519908b3f65b,8,1,580,2,1,2
866228044601615-a4933f3dcb40,4,1,319,3,1,1
336a9d4f86581070,4,1,199,3,1,1
71377c243bd22c02,5,1,5999,3,1,4
32fa91c8425cff0b,5,1,179,3,1,1
c3c5fd418b256cb9,0,1,269,1,1,1
c742e5f8a66878fafd64b496c746f17b4b08b187,10,1,9799,1,1,4
28eb5cbdc81e40fde4e7c7c9c17870e43c28a44e,0,1,19.899999618530273,1,1,1
98f511c410f39944,0,1,299,1,1,1
ce8d9c65b0248a5e,3,1,130,4,1,1
fdec49d5539bcd86,0,1,1599,1,1,3
7e7f0293cca3cf702272782534ab9bd985a6fadd,6,1,21,2,1,1
1e9fc7f1df33fbf5,4,1,9999,3,1,4
9c84b2b1026b9560,0,1,59,1,1,1
b0ef0f6704ed19afdae4ff920cf0d59abb372c9a,11,1,23,1,1,1
bb6d3f1e546142e7,0,1,3899,1,1,3
68350a8649ba48f4,8,1,78,2,1,1
864332046419331-309435b61dab,11,1,45,1,1,1
db1e5d029859edb097f1f4111a767c4f3dfa25f4,2,1,69,4,1,1
09ae3a3964e69695,4,1,6948,3,1,4
db34d5bc67c6898f,8,1,1299,2,1,3
675be325a4bc56a2,11,1,129,1,1,1
ebf969d395b7c25fb2bbf9e7e5879844e20274e6,3,1,239,4,1,1
5e89b65bab988dae4d80fd92e99c3b3e6263161e,3,1,179,4,1,1
e2a2072d42f78ff8f302988f59ca8a25e38d2b9d,5,1,2599,3,1,3
c0e43b0a37383ecf,3,1,165.60000610351562,4,1,1
d7a238db3c52a864,1,1,89,5,1,1
337b7519b696a5a4,2,1,45,4,1,1
bc7d3a8a5cdf81d4626fadbd6eaaf9bdb81b8f93,4,1,5999,3,1,4
9316cf6611fcd7c2,0,1,74.9000015258789,1,1,1
283842f764db8fb3,6,1,5199,2,1,4
2c85059b0c1b11d6,5,1,8999,3,1,4
35570ce4f44fa49d,4,1,3999,3,1,3
91b76d269827b776,11,1,36.79999923706055,1,1,1
9d41016ac98376488ca926b8c284ed9e01eb859f,4,1,89,3,1,1
ab3e6a22f26dc4ff,4,1,198,3,1,1
d702aaaf33e9b58e6c11eb0d1368d877de6592fa,8,1,99,2,1,1
1e835330ef821695,4,1,2599,3,1,3
868227045551496-58c6f0bfb973,2,1,699,4,1,2
14120a8be99c173a,3,1,899,4,1,2
939ff7385925550a3e50ccc5d400478bfe6933f2,4,1,39,3,1,1
8ed479a00af20922,9,1,98.4000015258789,1,1,1
6b00f5cb9626261b,11,1,32,1,1,1
37d03349985ae9fe,11,1,40.77000045776367,1,1,1
a30b77604ed3db64,2,1,86,4,1,1
33fe4584257bf548,9,1,7.5,1,1,1
c44cdbc435a73056,4,1,59,3,1,1
b8445440d9700e3625aafe3bc7ef7aaba2f8009c,3,1,56.900001525878906,4,1,1
87d541ddd948cae2,4,1,9999,3,1,4
9c02e07fb7b05edc97ce8c5d321c9935c6e93990,2,1,1299,4,1,3
b0651b1dc1e224e9,4,1,19,3,1,1
38c2f1f041440be9a58855ae69dd820b14952993,0,1,59,1,1,1
9751745cda349559,9,1,199,1,1,1
43094c68ae04310fecb046f47a36423ed4fe2e8b,4,1,29.899999618530273,3,1,1
75ab9ad10b4e87398d5823ea935a13a03176b969,8,1,54.900001525878906,2,1,1
ddb47acf92d80aee042b0a2ab70815a97f5ee37b,11,1,69,1,1,1
c3a4cf3c0028a972,5,1,319,3,1,1
e89149326db82451cc6f611871ba5143ad9f2677,3,1,858,4,1,2
627ab4c70c2d64c0,3,1,358,4,1,1
862520040169082-143cc3bfff7a,9,1,128,1,1,1
c5465a8983ae2979,2,1,3249,4,1,3
867131040361664-342eb60a7f9d,4,1,42,3,1,1
63a95742058035d0,5,1,108,3,1,1
359474100540586-d80b9ac46e62,9,1,39.900001525878906,1,1,1
709c6df96bec48b89b24f006ccc0960b8b6e6ef3,11,1,9299,1,1,4
535e1b14d671cd317883e957144d4d88ad4f8587,3,1,299,4,1,1
868267048638411-20311c423e47,1,1,209,5,1,1
fae81c169918f549,3,1,209,4,1,1
b319a6fea515357e,4,1,78.80000305175781,3,1,1
5d28c9aafed8d7e7ac7a7aba2c79d12f2b052cf1,5,1,68,3,1,1
ad1c28e2e0bbe01b2e77d2651a39bd06b9cd6e70,0,1,259,1,1,1
d1a08be8ae03a231,7,1,200,2,1,1
41eda2645c6a727333e35097d5a4e7bc9742d4f7,7,1,238,2,1,1
dd90c8e49853806adc74658e3931f30d126389f9,5,1,5999,3,1,4
36d3a8393abe4082,11,1,19.899999618530273,1,1,1
3e28b592b7b89528,0,1,38.900001525878906,1,1,1
866229030218091-5c0339d79187,3,1,286,4,1,1
c1846a2f207c94fa,7,1,29,2,1,1
0dbf15e0db0d13a0,11,1,26.899999618530273,1,1,1
a4c6b223bf0cc0da,9,1,29.899999618530273,1,1,1
326c82bb4c4ff47b,8,1,270,2,1,1
3ecf51aa269de7c2c5d4f102f25d8348551c86f8,4,1,5999,3,1,4
59649167a3deb216,4,1,10.800000190734863,3,1,1
864771047060596-c4fe5bbe5e13,4,1,999,3,1,2
09893ed78a48bde6,3,1,9399,4,1,4
24730d9376fe824f,6,1,23.799999237060547,2,1,1
541231f93ab926f59de21784c8ac2692a147a7d8,6,1,39,2,1,1
abd6a037c83f006a,4,1,29.899999618530273,3,1,1
49b5e711c44362ae,9,1,4799,1,1,3
97880ead1b8fe7c8,3,1,59,4,1,1
0655cc5907aeb346,4,1,2499,3,1,3
ed3f50261808c6ce,5,1,229,3,1,1
311097a0b221d49442199ea58393c116212beb28,4,1,29.899999618530273,3,1,1
50f95b7abab2b0e4,10,1,829,1,1,2
d605f59f8bd2166100aad8b596bf2756b167855d,1,1,39,5,1,1
869435039892847-b0eb57061ca3,10,1,2299,1,1,3
d6f152d4a1cda665,7,1,5799,2,1,4
54807ac12d60357a,8,1,33.79999923706055,2,1,1
85867c901dbbc4f69b6c4241744ed9541008cbfc,7,1,23.799999237060547,2,1,1
d3ba9a19f92e5465,5,1,649,3,1,2
06c3467f3ad1f77ad95c17598d4e905eefb3c602,7,1,5999,2,1,4
446fe146cd2b66ae,3,1,19.899999618530273,4,1,1
a3eea603bc6c80d6,5,1,38,3,1,1
1e4bcfd51bec6b5f,7,1,6799,2,1,4
4fc37847757dc367,7,1,7.900000095367432,2,1,1
1e51562f1a7d3774,2,1,19.899999618530273,4,1,1
89e98f422c0bade6,4,1,333.3999938964844,3,1,1
f464b0254059db87a57d2f6c7d0d3a5efb277152,4,1,359,3,1,1
aabea1d9a412662e,0,1,249.89999389648438,1,1,1
bd404ba81ea7d86db0253ba22b6913cd6723e3e1,10,1,359,1,1,1
881a0e6ab1da0bab4764d691e1c016cfe303387d,6,1,2699,2,1,3
cb87f5cc31b94ec7,2,1,68,4,1,1
861407046617812-18703b1ab5a1,5,1,75.9000015258789,3,1,1
05547e8ac3e9753f,2,1,99,4,1,1
865716040088390-d016b4e3bb2b,4,1,29.899999618530273,3,1,1
11bb961537577396,8,1,9.899999618530273,2,1,1
67387e7e1e680f87373032f72b5832543c081882,7,1,39,2,1,1
5403b46cf792b0e5,4,1,4100,3,1,3
8dc2aadf6f6f64dd,4,1,69,3,1,1
e05299ef3e3d23d8,4,1,3999,3,1,3
98b48ef47f66e90f9ef2fabad557c7fca9425841,4,1,10499,3,1,5
cd3782ecdfdc3889b9e1110e9ed8ddf6c9c56f20,5,1,489,3,1,1
0cbe805586ef3cf0,4,1,149.89999389648438,3,1,1
25ee6d9a4c7aef57575cb3fd04300b03c12280be,2,1,528,4,1,2
d9f0f06e1d675e0b,11,1,499,1,1,1
7d0843d600857642,5,1,6799,3,1,4
b501af14f694103c,6,1,59.900001525878906,2,1,1
8349292ab4c18d4a,2,1,899,4,1,2
866445031740160-70788b9ae990,3,1,399,4,1,1
c0a4ff3b9ee92f95063bf833762d705b2a1bd1ac,8,1,69,2,1,1
03d6ff89ff885d3a088f4e5c6fd51a3db05bba6d,3,1,249,4,1,1
869756035156915-4466fc984995,7,1,188,2,1,1
dba109724cc11399d2776783cb9d1e9261e0261f,4,1,1,3,1,1
9d32a51d266bca875005a659d1f1075b99ddb582,11,1,78,1,1,1
fe501c3c002a187baabdbf60b9f110b52829654c,0,1,229,1,1,1
7f0ff6620d097cf1,2,1,40,4,1,1
f31043a582d8c416d8ad6163ef936d0588537f62,1,1,156,5,1,1
411aa5ff64ab322c,7,1,599,2,1,2
33629a5d9e5123ed,11,1,56,1,1,1
a9164297bd734ad4ae2ea15401653132f0a1b2e4,1,1,799,5,1,2
f1a98f92a776c239a2bd9911542cb438042ab7a0,5,1,73,3,1,1
99000736074105-c0eefbe009c5,3,1,5399,4,1,4
046c656aaa95e4b6,5,1,139.6999969482422,3,1,1
516202e0b7a9aa8b6110bcec6b483a5ad1e5c6cf,11,1,59.900001525878906,1,1,1
e7dd32cea416e771,4,1,228,3,1,1
36758b2f614e8553,4,1,169,3,1,1
f3180cf9761e3677,6,1,599,2,1,2
b751322659a9b293,6,1,13.800000190734863,2,1,1
862552034842994-a4caa0df2c20,1,1,3599,5,1,3
9a5357bec9f972647360ba2df8a463269f7cc48b,1,1,2499,5,1,3
77ad9c4c7bceb3ac,1,1,48,5,1,1
8eb6b02e1e40e1e1,7,1,112,2,1,1
4e231810a5d1419f,3,1,169,4,1,1
c1169eec451800af3c60eb0a31ce52956a43dcac,2,1,179,4,1,1
504546c6f56c0ddae10e207b7ae839b96ed50b97,5,1,109,3,1,1
c9e03e3d4f331a7c,3,1,39.900001525878906,4,1,1
7d5b13751318243e092d88bf7a3614d560ce5705,2,1,3599,4,1,3
22bf2f8468cb8ebe,5,1,6148,3,1,4
dd2aee705451b8f68a9130c98b2f0234cf74bdcd,8,1,25.010000228881836,2,1,1
279ef2c2e3faff46b8e8cbff79e30f8a22729855,8,1,169,2,1,1
dc40eddba003e4fdc8dbd9a8b0f346f3ae7358cc,4,1,49,3,1,1
41067d28a25dafe9,11,1,6.900000095367432,1,1,1
180b6493389a768f,0,1,79.9000015258789,1,1,1
ce4f39c2fad260a1,0,1,15.800000190734863,1,1,1
9597702afdd8f18ac4b131d44915b9a3f36e13d9,2,1,198,4,1,1
41929f24328e8c14b4af16ee8bc8e1be62968d48,4,1,5999,3,1,4
e1922a3caf89d71a089a79348c1bf12035edc812,1,1,159,5,1,1
459369ecc3e57bbc7fb5fc760a199c480f2474c2,11,1,8.300000190734863,1,1,1
c386d9d3c45c372013e3f7671c715699d361f18a,10,1,72.9000015258789,1,1,1
89bf5e78c8ba196fa4685f109384188113d1fe79,4,1,79.9000015258789,3,1,1
820c7bb03d88cde7,10,1,1799,1,1,3
e1fa9e6110c487fc,7,1,6299,2,1,4
5164256475e9864c,5,1,79,3,1,1
ef603e708b8bf96b,7,1,249,2,1,1
860649042140304-4cd1a1745830,0,1,10,1,1,1
4909ea0e45e57503553158322fd55d73692f0758,0,1,250.89999389648438,1,1,1
e801da13a479582e99ea6127b0c6b077ec7f80dd,4,1,419,3,1,1
869600042645892-482ca05e0a77,6,1,101.19999694824219,2,1,1
7fee542e94d74e1f,4,1,59,3,1,1
88d87c5ea261e2dbf2efe964e43cd487e2ee3ab5,1,1,62,5,1,1
f0fbef522511dad5094133c776dc54b1383f5e3b,0,1,59,1,1,1
3fd769e4df41201d,7,1,8799,2,1,4
422616b11a4ea5be,5,1,3498,3,1,3
b0a78d70017a9779,2,1,899,4,1,2
53b986af96956014,4,1,5999,3,1,4
7b431b3e59c0eabd,10,1,169,1,1,1
4e14e65e3dd93cb188c3ea6334d85f2782967010,4,1,179,3,1,1
07de5725013590a8,2,1,5999,4,1,4
e764c407e128f834,3,1,149,4,1,1
f3b38278313b818ac25760753f1d4d7165d9bf73,5,1,12.899999618530273,3,1,1
864274039996695-10b1f87e35a0,4,1,5.900000095367432,3,1,1
1712fe8b879ad021ebc3ba501b5171b1085d532c,5,1,268,3,1,1
3382727c79fe9aa2,10,1,5.900000095367432,1,1,1
865563042983206-3412f9e9b80d,4,1,25.899999618530273,3,1,1
99602bb0e8ef1529f51ee007b13fa74d98201c5c,6,1,69.80000305175781,2,1,1
a421bbc0d52c3764fcfe6ec359cf5d8164b9645e,4,1,898,3,1,2
7ea7a43910e6a6b98056846ee5e7a97f832164b2,5,1,5999,3,1,4
8b823c312b15e2c9,1,1,119,5,1,1
f54e0aa914fc17f3,0,1,3199,1,1,3
0b0e84054b38ea48,4,1,236,3,1,1
8468185028cf1ccd,7,1,36,2,1,1
bcc2d5a62f9ecc2d264ea6312e2b82c56f39870a,9,1,279,1,1,1
fdd174987e4f8618,6,1,5729,2,1,4
cedfdd6d6e2b981c,5,1,399,3,1,1
4b2a28d4504be862,8,1,99,2,1,1
6a3ede77e8200ebb,3,1,4399,4,1,3
821795855e5b74df,4,1,22,3,1,1
02bf3db39d70942b,11,1,122.5,1,1,1
96c11f38373f29f4,0,1,599,1,1,2
366b0519b12127db,10,1,16,1,1,1
868973043805042-a4933fb2f76a,7,1,39.900001525878906,2,1,1
868784048378061-d462eafbda5f,5,1,179,3,1,1
eaa6db025cce3e6bb78366f08a0237ab3a0aeb4b,7,1,35,2,1,1
747e42863085c0c2,8,1,59,2,1,1
7ed4643d3cce8388,5,1,12.800000190734863,3,1,1
847ba83c8b4a265c89764d21f17535f72414a711,0,1,178,1,1,1
9c565255bb16973e,4,1,7999,3,1,4
138209d794b3d3ca,6,1,4999,2,1,3
1ad95aac85b44689286554d43f41bf8c0c2bd003,5,1,4999,3,1,3
612a451a9f6f09101d3140679c1a71dd830dc257,3,1,68,4,1,1
0ddd2a2ca7eb3df4fc0f23945032931e7be6e101,4,1,259,3,1,1
294a4c774a096aab,7,1,3999,2,1,3
ff60b32f6653da49a573472a5404515301ea82be,10,1,49,1,1,1
357b71ae30f71ad10981e85e92ae9591b5b51dfa,4,1,79,3,1,1
e84ae97a21b38e59,3,1,79,4,1,1
866375041574509-f8c39e203c83,10,1,199,1,1,1
2659d2c74d316701ef5292fc25163ac59c348952,11,1,65,1,1,1
f1d195a4334e810f977bf219c47ba117f3aea5da,7,1,5999,2,1,4
864417046496791-1cb796dbd601,3,1,3499,4,1,3
866137041116073-fc9435f1386c,4,1,36.79999923706055,3,1,1
865130046033584-e024819c08d4,4,1,199.89999389648438,3,1,1
3a70cb8b236def89,6,1,39,2,1,1
7563c64e6435ef19,3,1,22.899999618530273,4,1,1
4ca7bf5eea084470,9,1,45,1,1,1
786040df59c1a5c267cdcbdb4f1ceb358cddd077,0,1,145,1,1,1
dee5c3634887fb83f6dc58bd8bea1134cbe752fa,1,1,39,5,1,1
a7e29d1f9a5c2068,1,1,22.899999618530273,5,1,1
3421cab5bc7e0306a21708e7dce62cca74ae9e61,5,1,219,3,1,1
6a5153325a93b146,10,1,52.5,1,1,1
866444042383953-fcbe7bf4c4f5,5,1,6.900000095367432,3,1,1
3d3c843a5cc02eaa,2,1,36.189998626708984,4,1,1
44e17d621b4ef6fdeef7c3fd84e52dba3ad8ea7a,5,1,2299,3,1,3
cc105fadd90d4741,2,1,68,4,1,1
75ea9a369606c37dd8dde14cb8f07da338bdee6c,3,1,799,4,1,2
76e9e285eaee78cf,6,1,149,2,1,1
db0a61defbfae759,4,1,5899,3,1,4
b4a0efb351dd29c4,6,1,159,2,1,1
f4e79701358f2747,8,1,599,2,1,2
247c01bc1cb87f25,6,1,5099,2,1,4
573b92e2c5756b7e,10,1,129,1,1,1
2db4a368f8852ef52a954e4a99f28da0e13e730a,5,1,78.41000366210938,3,1,1
e3da285b99e104e2,2,1,19.899999618530273,4,1,1
865392049858736-faea0e5ffddc,5,1,229,3,1,1
868035031605899-2054fa3dea03,3,1,7199,4,1,4
0de2c524a540c475749bf0e2c02c113a0074a28e,8,1,1438,2,1,3
4eb6613d4246ffa1982a5b50ae9ead53251675e3,7,1,71,2,1,1
50691ffa5c414d1f,0,1,100,1,1,1
01d5b77836f1527b,5,1,199,3,1,1
865129044500222-7460fa623067,1,1,139,5,1,1
83e8522d681ab0eb,6,1,2699,2,1,3
354991090419922-000af57eb8e7,4,1,5999,3,1,4
b45502ffa841aad004b8698dd0c32583361e29e0,7,1,96.19999694824219,2,1,1
98cccc3cd658aa74,8,1,69,2,1,1
6c3964a8405314b4,0,1,159,1,1,1
9f24d75f8a182b97f2c87ec80638fd5a15aab994,4,1,149.89999389648438,3,1,1
5e792a6c712e402f,3,1,269,4,1,1
b2ab0cb9c331bad09cb48a673f616f35c2399f72,5,1,63,3,1,1
0be6c8710c14babf,4,1,899,3,1,2
34bdc8b849dc4a4a,1,1,4599,5,1,3
44e74e9c2eb99220f88edad175e3a137a9249f28,0,1,11.800000190734863,1,1,1
fa3d5d545c231cae,3,1,2099,4,1,3
754da9eb0509fa76,1,1,4,5,1,1
79eb885d228053f701f13d2f93d9dd73eb9534e4,10,1,38,1,1,1
860204044432174-7cd661f23924,5,1,5999,3,1,4
5edefd5fec42fab27ad24d81d14a831c0c866d7f,1,1,239,5,1,1
8eb12096e684b30a,5,1,39.900001525878906,3,1,1
a7330f7c4dd4e512fafeb7eda15f47c167581a04,6,1,17.899999618530273,2,1,1
fe7cd8f59eb52a67,8,1,128,2,1,1
b5bb47bbc166cd14abedd045cea1f83314e0dae1,5,1,69,3,1,1
6ae1f4eb913dd1d0,4,1,659,3,1,2
869758041017594-2cffee15f19b,8,1,99,2,1,1
0c49bc7aff25359c,4,1,19.899999618530273,3,1,1
1c25f541e7c520c850edaefe78d3d8f1ca35773f,8,1,139,2,1,1
078b928db9fb679a,4,1,219,3,1,1
779c72997101e1c033aebb026bbb6626c457ec54,1,1,52.900001525878906,5,1,1
e7d978ca65af747c245a0e9fbd76f409c8b8f2b2,9,1,99.9000015258789,1,1,1
e6caff745afc7c8a,4,1,5999,3,1,4
d0c2ce856dcc04ec4dd71073551865aa75e8e225,6,1,35.900001525878906,2,1,1
1a88f2d5ebc132ec033616fcff58aaecef7b59b7,1,1,3299,5,1,3
e5a24400f656869d1ec5deab155b7d6a73815d5e,9,1,215,1,1,1
ec3b06842ff5294a,8,1,5799,2,1,4
868629046980576-88bfe4afc1d8,0,1,5999,1,1,4
8402b62e62de70db,1,1,40,5,1,1
862e4f53e3634586,3,1,2199,4,1,3
0da8616c5c3b54feb6b379bf0101e8a03ea0dcbc,7,1,6799,2,1,4
fe3882ebc1e0445d,3,1,59,4,1,1
f142bffe3e336ce4,5,1,126.05999755859375,3,1,1
bd4728bb219faaf345c3804783d538fc38e49ee6,11,1,7.800000190734863,1,1,1
861761045087850-d016b418a97d,0,1,39,1,1,1
364c540eedf03687a8e630555cc45c629edf3bbf,3,1,199.89999389648438,4,1,1
5cf0a687815d6444,6,1,5999,2,1,4
4f4f1ba6775219d9,5,1,1899,3,1,3
af129cb584035bf8dc7f498d212541e852b94616,4,1,169,3,1,1
3f2efadc3874b90c,1,1,228,5,1,1
6f65dd632c25b1fb,11,1,206,1,1,1
79d98a9f3f38062cff90cb1f188d5caf8ab05e8f,9,1,79,1,1,1
18ac46128704a90c,11,1,418,1,1,1
faf18cb76cc3285f,5,1,2188,3,1,3
7f36165ea4d1dbe3,4,1,499,3,1,1
b581d3da18cac7c76b0932ab13b426b287a9b2a7,8,1,1500,2,1,3
1971a07f30e1fcd8,5,1,499,3,1,1
619534b0d9da51df,5,1,559,3,1,2
7999e16e241e5bd1,3,1,29,4,1,1
75ceb20467a2d01e,8,1,350,2,1,1
867418049439397-0c20d3f1b38d,3,1,409,4,1,1
00ef6d5962e7dc09,3,1,298,4,1,1
22978b69b3826bb8b266118ca46f7e285b2154f0,4,1,69,3,1,1
45a652432bc8a1a7cd7957028806d4aff548026d,5,1,399,3,1,1
3622463f900346ba,6,1,899,2,1,2
3562d646421751d0,4,1,79.9000015258789,3,1,1
05c8337a81619d71ea194a9fc9886491bf27cb74,4,1,89.9000015258789,3,1,1
57b60b456d62df39,2,1,499,4,1,1
b2988c8144ec5f03156ee3cb6a739502ca1b1080,7,1,26,2,1,1
0564eea444a28f82,6,1,3999,2,1,3
1db905cbc80c8791,8,1,128,2,1,1
b1deb5486e435eb1,1,1,189,5,1,1
2f207add80af7794,7,1,299,2,1,1
b77f1fecc2f2560ccf5b2e4873330bd4aed88f44,8,1,98,2,1,1
33592300e253f11def339c8ff70cd88f4663dc02,4,1,3199,3,1,3
865593047126030-0cb527cc22b7,4,1,525,3,1,2
8d7f4f583c794f7e,4,1,2299,3,1,3
81368db5827dd501d3442c1d63b1c2fcd31c4b90,5,1,38,3,1,1
aef5d4a60154a81c,4,1,14.899999618530273,3,1,1
A0000088E1B377-18d71735644f,0,1,29.899999618530273,1,1,1
06c4b497e932bf63610fb61b7b40768b3d06b33e,7,1,58,2,1,1
5f2d004d660efcff200d8083b16fc5d6bb680f76,7,1,96,2,1,1
60824c22081232e6f25684b7ff73446fb536ec82,4,1,65,3,1,1
78ad164b132f7e85f29287baf50e46f3c4aa6619,0,1,598,1,1,2
27f6f041b2228236,1,1,3999,5,1,3
20cbcc3d2e4716a4,4,1,15.899999618530273,3,1,1
02ad19a5e4f481e4,2,1,9999,4,1,4
c41541aed19fb1f5,10,1,89,1,1,1
524bfe05dcaeca1f,5,1,8.899999618530273,3,1,1
ff96a53fcda158aa,7,1,298,2,1,1
290cb886e763719a8d78a769d578255d60b93188,10,1,59,1,1,1
069c996930d876af,5,1,3999,3,1,3
ea336233524537f1,4,1,1799,3,1,3
58251b2936959bc6906509e552446789a4311a12,4,1,1499,3,1,3
869247030519554-a057e3d2dbd9,6,1,69,2,1,1
935a935364057e9e2d6b996ea193da1cc981eb53,5,1,49.900001525878906,3,1,1
1d236d8ec700076b,2,1,1299,4,1,3
08d3b505e15598be,7,1,37.79999923706055,2,1,1
dbce601b7c4f082cc84ee3992fbe6179d02e61bd,5,1,359,3,1,1
d48845ca4fb991f7,6,1,168,2,1,1
aee19eec4e3f8998dc58f96e9ffe86abbdcf6a0e,8,1,59,2,1,1
95b8635a0dc41729ac2ef9217a41190c872a6806,5,1,4999,3,1,3
3bd929f4988f3a06e715573b90548a2ec3dfdc1d,7,1,26.899999618530273,2,1,1
2676704244b5a28bd7ae4e1a37c7efe0543ab656,5,1,3999,3,1,3
869037043450891-143cc33b5d1c,1,1,295,5,1,1
aba3025285de319cdea3019d53e2a11e6904548a,4,1,339,3,1,1
dac23ee0adc2c9a0,8,1,2599,2,1,3
8117d079110ac522,6,1,159,2,1,1
d5b0c290b5a4d0a3,6,1,119,2,1,1
bab17aaec5a032e9,6,1,299,2,1,1
14357313c26f48c1cb685f6beb7cffb0bae8d935,10,1,89.9000015258789,1,1,1
714b3493693eb8ca82869cb5a544dbde943bdd86,2,1,2999,4,1,3
8805848cad306d3d,4,1,1799,3,1,3
db7e787a824ae3f38f58c3e24d976b4752f44906,0,1,10.899999618530273,1,1,1
164e48d95524af0ecc5a57f1d7ceb2b693fd932e,4,1,229,3,1,1
255bfb61aeb892a3,7,1,6148,2,1,4
6acde30f882ab95522bd39a0d0463652fff9cc1a,6,1,238.5,2,1,1
192ad7bb5f991e0d6128980cada5a4513c132a6c,5,1,6799,3,1,4
124f073c15da78baf5173e552ea47609efb12031,0,1,6.900000095367432,1,1,1
74ee4b8c26005380,6,1,228,2,1,1
9f4fa70169c24c5fb0f5fa7ab696d37b9e828549,7,1,145,2,1,1
463909ce893ec75b,5,1,979,3,1,2
1d49e9dc40337436,6,1,16,2,1,1
1783a758cbc90015,3,1,195,4,1,1
0db780f9328918ce,6,1,99,2,1,1
a3ef93bef82b710469f019a18819b77b2eba495b,4,1,69,3,1,1
94bcf7f01cf121bf,10,1,29,1,1,1
